Tick,StoppedRobots,AvgDistance
1,0,1.57945
2,37,1.58053
3,43,1.58271
4,50,1.58562
5,51,1.58931
6,58,1.59252
7,63,1.59585
8,66,1.59937
9,68,1.60294
10,72,1.60704
11,74,1.61144
12,74,1.61554
13,74,1.61926
14,74,1.62318
15,76,1.62725
16,76,1.63139
17,76,1.63547
18,76,1.63933
19,77,1.64312
20,77,1.64712
21,78,1.6506
22,79,1.65326
23,79,1.65622
24,80,1.65874
25,80,1.6604
26,80,1.66223
27,81,1.664
28,81,1.66596
29,84,1.66758
30,85,1.6684
31,85,1.66918
32,85,1.66967
33,85,1.66986
34,86,1.66981
35,86,1.66951
36,86,1.66882
37,86,1.66802
38,87,1.66712
39,87,1.66622
40,87,1.66555
41,87,1.66498
42,87,1.66442
43,88,1.66378
44,88,1.66312
45,89,1.66257
46,89,1.6621
47,89,1.66186
48,89,1.66174
49,89,1.66132
50,90,1.6609
51,91,1.66034
52,54,1.66008
53,68,1.65964
54,68,1.65891
55,72,1.65923
56,67,1.66007
57,70,1.6608
58,72,1.66159
59,73,1.66169
60,71,1.66186
61,72,1.66309
62,73,1.66501
63,73,1.66678
64,74,1.66828
65,74,1.66976
66,76,1.67168
67,78,1.67357
68,78,1.67554
69,78,1.67687
70,79,1.6786
71,81,1.68057
72,81,1.68227
73,81,1.68406
74,80,1.68574
75,80,1.68726
76,81,1.68874
77,81,1.69016
78,82,1.69166
79,80,1.69295
80,80,1.69374
81,82,1.69445
82,82,1.69514
83,83,1.69578
84,82,1.69639
85,83,1.69707
86,83,1.69765
87,84,1.69792
88,85,1.69812
89,87,1.69774
90,87,1.6974
91,88,1.69767
92,88,1.69776
93,88,1.69762
94,89,1.69713
95,88,1.69635
96,89,1.69537
97,89,1.6943
98,91,1.69327
99,91,1.69212
100,91,1.69124
101,91,1.69034
102,93,1.68944
103,73,1.68869
104,80,1.68781
105,81,1.68672
106,82,1.68631
107,75,1.68614
108,78,1.68618
109,80,1.68603
110,81,1.68536
111,80,1.6845
112,83,1.68435
113,87,1.6847
114,87,1.68479
115,87,1.68452
116,86,1.68457
117,85,1.68481
118,87,1.68543
119,88,1.68611
120,90,1.68632
121,88,1.68679
122,89,1.68745
123,91,1.68851
124,91,1.68966
125,91,1.69057
126,91,1.69146
127,92,1.69241
128,92,1.69345
129,93,1.69441
130,93,1.69489
131,92,1.6952
132,92,1.69555
133,91,1.69594
134,91,1.69617
135,91,1.69641
136,92,1.69691
137,91,1.6975
138,91,1.69813
139,91,1.69891
140,93,1.69922
141,92,1.69922
142,94,1.69986
143,93,1.70068
144,93,1.70151
145,94,1.7024
146,93,1.70303
147,94,1.70358
148,94,1.70409
149,96,1.70449
150,95,1.70453
151,95,1.70444
152,94,1.70428
153,95,1.70397
154,82,1.70372
155,89,1.70388
156,91,1.7041
157,92,1.70397
158,86,1.70393
159,88,1.70376
160,92,1.7035
161,91,1.70299
162,90,1.70213
163,91,1.70156
164,94,1.70141
165,93,1.70092
166,94,1.69997
167,94,1.6991
168,93,1.6985
169,92,1.69833
170,91,1.69806
171,93,1.69742
172,93,1.69677
173,94,1.6962
174,96,1.69588
175,96,1.69575
176,95,1.69551
177,94,1.69547
178,95,1.69567
179,94,1.69591
180,94,1.69612
181,94,1.69602
182,96,1.69582
183,96,1.69569
184,96,1.69552
185,95,1.69529
186,95,1.69511
187,96,1.69518
188,94,1.69511
189,93,1.69482
190,93,1.69466
191,95,1.69389
192,93,1.69304
193,95,1.69298
194,94,1.69309
195,94,1.69284
196,95,1.69253
197,94,1.69226
198,94,1.69197
199,94,1.69166
200,96,1.69119
201,95,1.6907
202,95,1.69004
203,96,1.68934
204,96,1.68852
205,84,1.68813
206,92,1.6882
207,95,1.68825
208,95,1.68804
209,90,1.68793
210,90,1.68768
211,95,1.68748
212,93,1.68721
213,91,1.68681
214,92,1.68665
215,94,1.68673
216,93,1.68648
217,95,1.68605
218,95,1.68566
219,97,1.68548
220,96,1.68557
221,96,1.68564
222,97,1.68533
223,95,1.68516
224,95,1.68494
225,97,1.68504
226,97,1.68512
227,97,1.68514
228,96,1.6854
229,97,1.68593
230,97,1.68652
231,97,1.68705
232,96,1.68735
233,98,1.68759
234,98,1.68795
235,98,1.68822
236,97,1.68849
237,96,1.68874
238,98,1.68916
239,97,1.68937
240,96,1.68959
241,96,1.68994
242,98,1.6899
243,96,1.68981
244,97,1.69021
245,96,1.69071
246,96,1.69097
247,97,1.6909
248,95,1.69072
249,95,1.69071
250,95,1.69098
251,96,1.69083
252,95,1.69074
253,94,1.69051
254,95,1.69001
255,94,1.68932
256,82,1.68888
257,90,1.68904
258,93,1.68902
259,93,1.68901
260,88,1.68926
261,89,1.68973
262,94,1.69025
263,92,1.6908
264,89,1.69107
265,91,1.69144
266,94,1.69182
267,92,1.69215
268,94,1.69239
269,92,1.6926
270,94,1.69293
271,92,1.69332
272,92,1.69363
273,94,1.69349
274,93,1.69343
275,93,1.69337
276,95,1.69362
277,94,1.69382
278,93,1.69381
279,92,1.69382
280,93,1.69406
281,95,1.69433
282,95,1.69455
283,94,1.69456
284,96,1.69445
285,96,1.69441
286,96,1.69429
287,96,1.69419
288,94,1.69408
289,97,1.69409
290,96,1.69402
291,95,1.69431
292,95,1.69482
293,97,1.69498
294,96,1.69507
295,97,1.69548
296,96,1.69598
297,96,1.69623
298,97,1.69646
299,95,1.69669
300,95,1.69715
301,96,1.69766
302,97,1.698
303,96,1.69828
304,95,1.69842
305,97,1.69863
306,96,1.69893
307,84,1.69935
308,91,1.69995
309,94,1.7003
310,94,1.70078
311,88,1.70149
312,89,1.70234
313,93,1.70333
314,94,1.70426
315,91,1.70511
316,92,1.7058
317,95,1.70618
318,93,1.70641
319,95,1.70674
320,93,1.70708
321,95,1.70753
322,92,1.70828
323,92,1.70892
324,94,1.70946
325,93,1.71008
326,93,1.71069
327,95,1.71147
328,95,1.71221
329,94,1.71274
330,93,1.71347
331,91,1.71446
332,93,1.71536
333,93,1.71632
334,92,1.71717
335,94,1.71791
336,94,1.71872
337,94,1.71957
338,94,1.72039
339,92,1.72118
340,95,1.72173
341,94,1.72198
342,93,1.72241
343,93,1.72304
344,95,1.72339
345,94,1.72374
346,94,1.72442
347,93,1.72522
348,93,1.726
349,94,1.72674
350,92,1.7274
351,92,1.72776
352,93,1.72799
353,95,1.72828
354,94,1.72858
355,93,1.72851
356,95,1.72837
357,94,1.72824
358,84,1.72817
359,90,1.728
360,92,1.72723
361,93,1.72666
362,87,1.72602
363,89,1.72523
364,91,1.72465
365,93,1.72435
366,91,1.72404
367,92,1.72398
368,94,1.72388
369,92,1.72382
370,93,1.72353
371,91,1.72334
372,93,1.72332
373,90,1.72324
374,91,1.72303
375,94,1.72277
376,93,1.72269
377,93,1.72267
378,94,1.72291
379,95,1.72344
380,94,1.72357
381,94,1.72398
382,92,1.72442
383,94,1.72481
384,94,1.72525
385,93,1.7254
386,96,1.7253
387,96,1.72514
388,97,1.72506
389,96,1.72497
390,93,1.72519
391,95,1.72546
392,94,1.72574
393,92,1.72632
394,93,1.72679
395,95,1.72727
396,95,1.72827
397,95,1.72909
398,94,1.73003
399,94,1.73094
400,95,1.73179
401,93,1.73255
402,93,1.73316
403,93,1.73365
404,95,1.7343
405,94,1.73492
406,93,1.73515
407,94,1.73528
408,92,1.7354
409,83,1.73572
410,89,1.736
411,91,1.7359
412,92,1.73595
413,86,1.7361
414,88,1.73615
415,89,1.7361
416,90,1.73594
417,88,1.73569
418,90,1.73559
419,91,1.73574
420,91,1.73572
421,93,1.73563
422,92,1.7356
423,94,1.73548
424,90,1.73528
425,90,1.73514
426,93,1.73465
427,92,1.73408
428,93,1.73371
429,93,1.73351
430,94,1.73338
431,93,1.73298
432,95,1.73261
433,93,1.73228
434,94,1.73216
435,94,1.73198
436,92,1.73175
437,95,1.73135
438,95,1.731
439,96,1.73076
440,96,1.73072
441,94,1.73089
442,96,1.73097
443,96,1.73098
444,93,1.7312
445,93,1.73118
446,95,1.73113
447,95,1.73135
448,95,1.73158
449,94,1.73173
450,95,1.73188
451,96,1.73204
452,94,1.73208
453,94,1.73205
454,94,1.732
455,96,1.73228
456,95,1.73263
457,96,1.73284
458,96,1.73286
459,94,1.73306
460,86,1.73387
461,92,1.7346
462,94,1.73502
463,95,1.73552
464,89,1.736
465,91,1.73659
466,92,1.73726
467,92,1.73764
468,90,1.73785
469,93,1.73805
470,94,1.73828
471,92,1.73835
472,94,1.73846
473,93,1.73859
474,96,1.73866
475,92,1.73882
476,91,1.73873
477,94,1.7382
478,93,1.7379
479,94,1.7376
480,94,1.73732
481,95,1.73701
482,92,1.73644
483,94,1.73593
484,92,1.73537
485,93,1.73461
486,93,1.73389
487,92,1.73318
488,94,1.73232
489,95,1.73153
490,95,1.73082
491,95,1.73041
492,93,1.73009
493,95,1.72968
494,95,1.72929
495,93,1.72911
496,93,1.72888
497,95,1.72873
498,96,1.72873
499,96,1.72876
500,94,1.72881
501,94,1.72901
502,97,1.72924
503,95,1.72948
504,95,1.72941
505,95,1.72927
506,96,1.72937
507,95,1.72939
508,97,1.72917
509,97,1.72896
510,95,1.72895
511,87,1.72913
512,93,1.72927
513,93,1.72924
514,94,1.72931
515,89,1.7294
516,91,1.72953
517,93,1.72985
518,93,1.73033
519,91,1.73074
520,93,1.73111
521,95,1.7312
522,94,1.73126
523,95,1.7316
524,93,1.73201
525,96,1.73267
526,93,1.73326
527,92,1.7336
528,95,1.73382
529,94,1.73401
530,96,1.73418
531,95,1.73454
532,96,1.73501
533,93,1.73541
534,96,1.73575
535,94,1.73613
536,95,1.73654
537,94,1.73688
538,92,1.73703
539,93,1.73715
540,95,1.73718
541,95,1.73717
542,95,1.73742
543,93,1.73771
544,96,1.73787
545,96,1.73798
546,94,1.73808
547,94,1.73816
548,95,1.73824
549,96,1.73837
550,96,1.73846
551,95,1.73854
552,93,1.73867
553,96,1.73911
554,94,1.73967
555,94,1.74002
556,95,1.74038
557,95,1.741
558,94,1.74156
559,95,1.74193
560,95,1.74235
561,94,1.74279
562,86,1.74333
563,94,1.74353
564,94,1.74365
565,94,1.74401
566,89,1.74417
567,91,1.74433
568,93,1.74466
569,93,1.74507
570,91,1.74538
571,92,1.74573
572,93,1.74591
573,93,1.74594
574,94,1.74611
575,92,1.74638
576,96,1.74698
577,93,1.74756
578,92,1.74777
579,95,1.74778
580,93,1.74775
581,96,1.74776
582,96,1.74779
583,97,1.74793
584,94,1.74819
585,96,1.7486
586,94,1.74894
587,95,1.74927
588,95,1.74962
589,93,1.74979
590,94,1.74958
591,95,1.74948
592,95,1.74938
593,96,1.74908
594,93,1.74889
595,96,1.74881
596,96,1.74853
597,95,1.74815
598,95,1.74769
599,96,1.74729
600,97,1.74688
601,97,1.74643
602,96,1.74593
603,94,1.74539
604,97,1.74506
605,95,1.74477
606,94,1.74414
607,95,1.74351
608,95,1.74274
609,95,1.74184
610,97,1.74093
611,96,1.74007
612,95,1.73943
613,87,1.73889
614,94,1.73798
615,94,1.73701
616,95,1.73634
617,91,1.73568
618,93,1.73519
619,95,1.735
620,95,1.73497
621,94,1.735
622,95,1.7352
623,95,1.735
624,95,1.73482
625,96,1.73475
626,93,1.73461
627,97,1.73493
628,94,1.73536
629,92,1.73551
630,95,1.73564
631,93,1.73585
632,95,1.73609
633,94,1.73618
634,94,1.73637
635,93,1.73635
636,95,1.73637
637,93,1.73627
638,94,1.73644
639,94,1.73639
640,92,1.73645
641,94,1.73661
642,95,1.73681
643,94,1.73679
644,95,1.73663
645,92,1.73643
646,95,1.73633
647,94,1.73648
648,93,1.73653
649,93,1.73631
650,94,1.73637
651,95,1.73654
652,95,1.73674
653,94,1.73692
654,92,1.73712
655,95,1.73754
656,94,1.73794
657,93,1.73809
658,94,1.73822
659,94,1.73835
660,93,1.73816
661,94,1.73786
662,93,1.73763
663,92,1.73745
664,84,1.73736
665,91,1.73703
666,90,1.73668
667,90,1.73632
668,86,1.73585
669,88,1.73562
670,90,1.73565
671,91,1.73579
672,90,1.73604
673,92,1.73658
674,92,1.73694
675,91,1.73711
676,92,1.73727
677,89,1.73747
678,93,1.73824
679,91,1.73862
680,89,1.73858
681,92,1.73859
682,90,1.73894
683,93,1.739
684,93,1.73914
685,92,1.73919
686,91,1.73919
687,92,1.73903
688,90,1.73872
689,92,1.73829
690,93,1.73786
691,92,1.73764
692,94,1.73729
693,95,1.73684
694,95,1.73637
695,96,1.73578
696,93,1.73528
697,96,1.73491
698,95,1.73453
699,94,1.73396
700,93,1.73329
701,94,1.73268
702,95,1.73198
703,95,1.73125
704,94,1.73049
705,92,1.72977
706,95,1.72937
707,94,1.72905
708,93,1.7285
709,94,1.72798
710,94,1.72748
711,94,1.72669
712,95,1.72597
713,94,1.72549
714,94,1.72502
715,86,1.72457
716,93,1.72413
717,94,1.7237
718,94,1.72323
719,90,1.72279
720,92,1.72239
721,93,1.72226
722,95,1.72202
723,94,1.72173
724,96,1.72178
725,97,1.72177
726,96,1.72178
727,97,1.72186
728,94,1.72192
729,98,1.72245
730,96,1.72304
731,94,1.72323
732,97,1.72332
733,95,1.72345
734,98,1.72358
735,98,1.72372
736,97,1.72386
737,97,1.72411
738,98,1.72429
739,95,1.72445
740,96,1.72431
741,95,1.72471
742,94,1.72526
743,97,1.7258
744,97,1.72629
745,97,1.72648
746,98,1.72659
747,95,1.72691
748,98,1.72731
749,97,1.72772
750,97,1.72805
751,96,1.72837
752,97,1.72872
753,98,1.72909
754,98,1.72946
755,97,1.72983
756,95,1.72996
757,98,1.73008
758,97,1.7303
759,96,1.73041
760,97,1.73057
761,97,1.73068
762,98,1.73044
763,99,1.73019
764,98,1.73027
765,98,1.73037
766,90,1.73054
767,95,1.73056
768,96,1.73069
769,96,1.73101
770,92,1.73112
771,94,1.73126
772,94,1.73157
773,95,1.73163
774,93,1.73168
775,96,1.73181
776,97,1.73195
777,96,1.73196
778,97,1.73193
779,94,1.7319
780,98,1.7322
781,96,1.73241
782,94,1.73247
783,97,1.73247
784,95,1.7325
785,98,1.73253
786,98,1.73257
787,98,1.73262
788,98,1.73278
789,99,1.73275
790,96,1.73265
791,98,1.73254
792,97,1.73244
793,95,1.73247
794,98,1.73247
795,98,1.73253
796,98,1.7325
797,99,1.73242
798,96,1.73235
799,99,1.73235
800,98,1.73216
801,98,1.73206
802,97,1.732
803,98,1.73195
804,99,1.73191
805,99,1.73186
806,98,1.73182
807,96,1.73179
808,99,1.73176
809,98,1.73174
810,97,1.73172
811,98,1.73172
812,97,1.73172
813,98,1.73128
814,99,1.73081
815,98,1.73077
816,98,1.73078
817,90,1.73079
818,95,1.73073
819,96,1.73078
820,97,1.73101
821,93,1.73105
822,95,1.73105
823,96,1.73124
824,98,1.73145
825,95,1.73141
826,98,1.7315
827,99,1.73167
828,98,1.73169
829,99,1.73168
830,96,1.73165
831,100,1.73187
832,98,1.73208
833,96,1.73214
834,99,1.73213
835,97,1.73214
836,100,1.73215
837,99,1.73216
838,99,1.7323
839,99,1.73258
840,100,1.73269
841,97,1.7327
842,99,1.7327
843,98,1.7327
844,96,1.73262
845,99,1.73264
846,99,1.73283
847,99,1.73288
848,100,1.73288
849,97,1.73288
850,100,1.73275
851,99,1.73259
852,99,1.73257
853,98,1.73257
854,99,1.73257
855,100,1.73257
856,100,1.73257
857,99,1.73257
858,97,1.73257
859,100,1.73261
860,99,1.73261
861,98,1.73261
862,99,1.73261
863,98,1.73262
864,99,1.73215
865,100,1.73171
866,99,1.73167
867,99,1.73167
868,91,1.73173
869,96,1.73165
870,96,1.73171
871,97,1.73201
872,93,1.73209
873,95,1.73214
874,96,1.73234
875,98,1.73257
876,95,1.7326
877,97,1.73271
878,98,1.73294
879,97,1.73306
880,98,1.73316
881,95,1.73326
882,99,1.73382
883,97,1.73421
884,94,1.73445
885,97,1.73467
886,95,1.73497
887,98,1.73535
888,97,1.7357
889,97,1.7362
890,97,1.73687
891,98,1.73739
892,95,1.73779
893,97,1.7382
894,96,1.7386
895,94,1.73897
896,97,1.73941
897,97,1.74015
898,97,1.74068
899,98,1.74115
900,95,1.74165
901,98,1.74204
902,97,1.7424
903,97,1.7429
904,96,1.74343
905,97,1.74396
906,98,1.7445
907,98,1.74498
908,97,1.74547
909,95,1.74597
910,98,1.74647
911,97,1.74695
912,96,1.74747
913,97,1.74801
914,96,1.74855
915,97,1.74871
916,98,1.74902
917,97,1.74956
918,97,1.7501
919,89,1.75065
920,94,1.75115
921,94,1.75174
922,95,1.75231
923,90,1.75256
924,92,1.75301
925,93,1.75364
926,95,1.75425
927,93,1.75459
928,95,1.75488
929,96,1.75518
930,95,1.75538
931,96,1.75557
932,93,1.75571
933,97,1.75601
934,96,1.75622
935,93,1.75641
936,97,1.75655
937,95,1.75678
938,98,1.75682
939,97,1.75683
940,96,1.75697
941,96,1.75716
942,97,1.75742
943,94,1.75762
944,96,1.75786
945,95,1.75814
946,93,1.75812
947,96,1.75843
948,96,1.75879
949,96,1.75888
950,97,1.75903
951,94,1.75907
952,97,1.75914
953,96,1.75924
954,96,1.75944
955,95,1.75971
956,96,1.75995
957,97,1.76019
958,98,1.76041
959,97,1.76061
960,96,1.76073
961,99,1.76091
962,98,1.76079
963,97,1.76064
964,98,1.76053
965,97,1.76039
966,98,1.75993
967,99,1.75951
968,98,1.75931
969,98,1.75907
970,90,1.75889
971,95,1.75857
972,95,1.75837
973,97,1.75839
974,91,1.75816
975,93,1.75797
976,94,1.75786
977,96,1.75756
978,94,1.75724
979,96,1.75691
980,97,1.75663
981,96,1.75626
982,97,1.75586
983,94,1.75543
984,98,1.7554
985,97,1.75521
986,93,1.75484
987,97,1.75471
988,95,1.75468
989,98,1.7544
990,98,1.75408
991,97,1.75374
992,97,1.75358
993,98,1.75347
994,95,1.75324
995,97,1.75301
996,96,1.75282
997,94,1.75256
998,97,1.75233
999,97,1.75217
1000,97,1.75205
1001,98,1.75192
1002,95,1.75188
1003,98,1.75173
1004,98,1.75151
1005,98,1.75147
1006,97,1.75137
1007,98,1.75126
1008,98,1.75117
1009,99,1.75108
1010,97,1.75099
1011,96,1.75113
1012,99,1.75133
1013,98,1.7513
1014,97,1.75122
1015,98,1.75116
1016,97,1.7511
1017,98,1.75075
1018,99,1.75044
1019,98,1.75038
1020,98,1.75033
1021,90,1.75028
1022,95,1.75017
1023,95,1.75019
1024,98,1.7504
1025,92,1.75039
1026,94,1.75051
1027,96,1.75074
1028,98,1.75081
1029,96,1.75082
1030,98,1.75084
1031,99,1.75096
1032,98,1.751
1033,99,1.75101
1034,96,1.75102
1035,100,1.75109
1036,99,1.75116
1037,95,1.75117
1038,99,1.75112
1039,97,1.75113
1040,100,1.75115
1041,100,1.75118
1042,99,1.75119
1043,99,1.75132
1044,100,1.7515
1045,97,1.75152
1046,99,1.75151
1047,98,1.75151
1048,96,1.75142
1049,99,1.75154
1050,99,1.75162
1051,99,1.75163
1052,100,1.75163
1053,97,1.75163
1054,99,1.75156
1055,99,1.7515
1056,99,1.75163
1057,98,1.75165
1058,99,1.75165
1059,99,1.75165
1060,100,1.75166
1061,98,1.75167
1062,97,1.75191
1063,100,1.75228
1064,99,1.75233
1065,98,1.75233
1066,99,1.75234
1067,98,1.75226
1068,99,1.75198
1069,100,1.75176
1070,99,1.75175
1071,99,1.75175
1072,91,1.75182
1073,96,1.75177
1074,96,1.75183
1075,99,1.75205
1076,93,1.75208
1077,94,1.75223
1078,96,1.75244
1079,98,1.75245
1080,96,1.75246
1081,98,1.75253
1082,99,1.75266
1083,98,1.75275
1084,99,1.75275
1085,96,1.75276
1086,100,1.75308
1087,99,1.75347
1088,95,1.75351
1089,99,1.75346
1090,97,1.75347
1091,100,1.7535
1092,100,1.75355
1093,99,1.75355
1094,99,1.75369
1095,100,1.75386
1096,97,1.75388
1097,99,1.75388
1098,98,1.75388
1099,96,1.75389
1100,99,1.75391
1101,99,1.75393
1102,99,1.75394
1103,100,1.75394
1104,97,1.75394
1105,99,1.75385
1106,99,1.75381
1107,99,1.75395
1108,98,1.75396
1109,99,1.75396
1110,99,1.75398
1111,100,1.75399
1112,98,1.754
1113,97,1.75421
1114,100,1.75423
1115,99,1.75423
1116,98,1.75423
1117,99,1.75425
1118,98,1.75426
1119,98,1.75394
1120,99,1.75375
1121,99,1.75361
1122,99,1.75325
1123,91,1.7532
1124,96,1.75315
1125,96,1.75321
1126,99,1.75343
1127,93,1.75348
1128,94,1.75342
1129,96,1.75348
1130,98,1.75355
1131,96,1.75355
1132,98,1.75355
1133,99,1.75375
1134,98,1.75399
1135,99,1.75401
1136,96,1.75402
1137,100,1.75435
1138,99,1.75472
1139,95,1.75476
1140,99,1.75472
1141,97,1.75473
1142,99,1.75475
1143,99,1.7548
1144,98,1.75487
1145,98,1.75513
1146,99,1.75545
1147,96,1.75563
1148,98,1.75582
1149,97,1.7561
1150,95,1.75641
1151,98,1.75679
1152,98,1.75711
1153,98,1.75741
1154,99,1.75771
1155,97,1.75801
1156,99,1.7583
1157,99,1.75834
1158,99,1.75834
1159,98,1.75834
1160,99,1.75834
1161,99,1.75837
1162,100,1.75835
1163,98,1.75836
1164,97,1.75836
1165,100,1.75852
1166,99,1.75862
1167,98,1.75862
1168,99,1.75864
1169,99,1.75865
1170,99,1.75859
1171,99,1.75844
1172,99,1.75842
1173,99,1.75842
1174,91,1.75849
1175,96,1.75843
1176,96,1.75836
1177,99,1.7585
1178,93,1.7585
1179,93,1.75861
1180,95,1.75897
1181,97,1.75904
1182,95,1.75904
1183,97,1.75908
1184,97,1.7593
1185,96,1.75956
1186,97,1.7599
1187,94,1.7603
1188,98,1.76105
1189,97,1.76173
1190,93,1.76215
1191,97,1.76253
1192,96,1.76297
1193,98,1.7634
1194,98,1.76383
1195,98,1.76427
1196,98,1.76486
1197,99,1.76529
1198,96,1.76552
1199,98,1.76571
1200,97,1.76592
1201,95,1.76617
1202,98,1.76646
1203,98,1.7667
1204,98,1.76692
1205,98,1.76714
1206,96,1.76762
1207,98,1.76815
1208,98,1.76823
1209,99,1.76837
1210,98,1.76853
1211,99,1.76855
1212,99,1.76858
1213,100,1.7686
1214,98,1.7686
1215,97,1.76861
1216,100,1.76867
1217,99,1.76876
1218,98,1.76878
1219,99,1.7688
1220,99,1.76881
1221,99,1.76877
1222,99,1.76862
1223,99,1.76858
1224,99,1.76858
1225,91,1.76858
1226,96,1.76858
1227,96,1.76853
1228,98,1.76868
1229,93,1.76887
1230,93,1.76912
1231,95,1.76969
1232,98,1.77005
1233,96,1.77022
1234,99,1.77037
1235,99,1.77038
1236,98,1.77038
1237,99,1.77039
1238,96,1.77043
1239,99,1.77085
1240,98,1.77115
1241,94,1.77132
1242,98,1.77148
1243,97,1.7717
1244,99,1.77191
1245,98,1.77211
1246,98,1.77256
1247,98,1.7732
1248,99,1.77368
1249,96,1.77395
1250,98,1.77418
1251,97,1.77443
1252,95,1.77473
1253,98,1.77506
1254,98,1.77538
1255,98,1.77564
1256,98,1.7759
1257,96,1.77642
1258,98,1.77678
1259,97,1.77705
1260,98,1.77746
1261,97,1.7779
1262,98,1.7782
1263,98,1.77851
1264,99,1.77878
1265,97,1.77906
1266,96,1.77934
1267,99,1.77972
1268,98,1.77991
1269,97,1.78012
1270,98,1.78017
1271,98,1.7803
1272,98,1.78034
1273,98,1.7802
1274,98,1.78015
1275,98,1.78008
1276,90,1.78006
1277,95,1.77989
1278,96,1.7796
1279,98,1.77933
1280,93,1.77907
1281,93,1.77889
1282,93,1.779
1283,95,1.77924
1284,94,1.77949
1285,97,1.77984
1286,97,1.77988
1287,96,1.77984
1288,97,1.77979
1289,94,1.77978
1290,98,1.78011
1291,97,1.7805
1292,93,1.78052
1293,97,1.78044
1294,96,1.78043
1295,98,1.78041
1296,97,1.7804
1297,97,1.78061
1298,97,1.78089
1299,98,1.78109
1300,95,1.78112
1301,97,1.78114
1302,96,1.78116
1303,94,1.78128
1304,97,1.78144
1305,97,1.78158
1306,97,1.78163
1307,97,1.78168
1308,95,1.78173
1309,97,1.78178
1310,96,1.78185
1311,97,1.78206
1312,96,1.78231
1313,97,1.78242
1314,96,1.78255
1315,96,1.78269
1316,94,1.78279
1317,93,1.78288
1318,96,1.78304
1319,95,1.78321
1320,94,1.78311
1321,95,1.78299
1322,95,1.78265
1323,95,1.78244
1324,95,1.78219
1325,95,1.78196
1326,95,1.78185
1327,87,1.78182
1328,92,1.78177
1329,92,1.78157
1330,94,1.78134
1331,89,1.78106
1332,90,1.78064
1333,91,1.78024
1334,92,1.77975
1335,91,1.77931
1336,94,1.77894
1337,94,1.77825
1338,94,1.77749
1339,96,1.77666
1340,92,1.77613
1341,95,1.77594
1342,94,1.77583
1343,90,1.77538
1344,94,1.7749
1345,93,1.7745
1346,95,1.77411
1347,94,1.77372
1348,94,1.77336
1349,93,1.77317
1350,94,1.77302
1351,91,1.77291
1352,93,1.77283
1353,92,1.77273
1354,91,1.77273
1355,94,1.7728
1356,94,1.77285
1357,94,1.7728
1358,94,1.77274
1359,92,1.77272
1360,94,1.7727
1361,94,1.77271
1362,95,1.77281
1363,94,1.77268
1364,96,1.77255
1365,96,1.77244
1366,96,1.77234
1367,94,1.77225
1368,93,1.77218
1369,95,1.77211
1370,95,1.77207
1371,95,1.77204
1372,96,1.77204
1373,96,1.772
1374,97,1.77188
1375,97,1.77166
1376,98,1.77149
1377,98,1.77132
1378,90,1.77131
1379,96,1.7712
1380,96,1.77109
1381,98,1.77101
1382,92,1.77095
1383,93,1.77096
1384,94,1.77106
1385,95,1.77099
1386,94,1.77105
1387,97,1.7712
1388,96,1.77109
1389,96,1.77074
1390,98,1.77018
1391,95,1.76977
1392,98,1.76961
1393,97,1.76948
1394,93,1.76937
1395,97,1.76922
1396,96,1.76915
1397,98,1.76906
1398,97,1.76901
1399,98,1.76902
1400,97,1.76906
1401,98,1.76917
1402,95,1.76929
1403,97,1.76942
1404,95,1.76956
1405,94,1.76987
1406,97,1.77028
1407,97,1.77062
1408,97,1.7708
1409,97,1.77089
1410,95,1.77098
1411,96,1.77115
1412,96,1.77149
1413,97,1.77187
1414,96,1.77211
1415,98,1.77232
1416,98,1.77253
1417,98,1.77276
1418,96,1.77299
1419,96,1.77323
1420,97,1.77348
1421,97,1.77371
1422,97,1.77402
1423,98,1.77418
1424,97,1.77425
1425,98,1.7743
1426,97,1.77425
1427,97,1.77418
1428,97,1.77415
1429,89,1.77412
1430,95,1.77406
1431,95,1.77399
1432,98,1.77396
1433,92,1.77395
1434,93,1.77399
1435,94,1.77424
1436,95,1.77444
1437,95,1.77476
1438,98,1.77518
1439,97,1.77541
1440,97,1.77542
1441,98,1.7752
1442,95,1.77514
1443,98,1.77513
1444,97,1.77511
1445,93,1.77511
1446,97,1.77507
1447,96,1.7751
1448,98,1.77511
1449,97,1.77513
1450,98,1.77515
1451,97,1.77518
1452,98,1.77522
1453,95,1.77526
1454,97,1.77525
1455,95,1.77526
1456,94,1.77548
1457,97,1.77583
1458,97,1.77611
1459,97,1.77622
1460,97,1.77624
1461,95,1.77627
1462,96,1.77635
1463,96,1.77661
1464,97,1.77682
1465,96,1.77694
1466,98,1.77707
1467,98,1.77721
1468,98,1.77735
1469,96,1.77749
1470,96,1.77765
1471,96,1.77781
1472,96,1.77818
1473,95,1.77864
1474,97,1.77889
1475,96,1.7791
1476,97,1.77929
1477,97,1.77932
1478,97,1.77946
1479,97,1.77967
1480,90,1.78001
1481,96,1.7802
1482,96,1.78021
1483,99,1.78023
1484,93,1.78024
1485,94,1.78055
1486,95,1.78079
1487,95,1.78099
1488,94,1.78116
1489,97,1.78135
1490,96,1.78154
1491,97,1.78172
1492,98,1.78185
1493,95,1.78192
1494,98,1.78188
1495,97,1.78183
1496,93,1.78178
1497,97,1.78169
1498,96,1.78167
1499,98,1.78164
1500,97,1.78161
1501,98,1.78159
1502,97,1.78159
1503,98,1.78157
1504,95,1.78156
1505,97,1.78156
1506,95,1.78156
1507,94,1.78177
1508,96,1.78215
1509,99,1.78233
1510,99,1.78246
1511,99,1.78244
1512,97,1.7824
1513,98,1.78239
1514,98,1.78241
1515,99,1.78241
1516,98,1.78241
1517,100,1.78241
1518,100,1.78241
1519,100,1.78241
1520,98,1.78241
1521,98,1.78242
1522,98,1.78242
1523,99,1.78262
1524,97,1.78271
1525,98,1.78263
1526,97,1.78256
1527,97,1.78231
1528,97,1.78191
1529,97,1.78148
1530,96,1.78104
1531,89,1.78049
1532,95,1.77988
1533,95,1.77927
1534,98,1.77865
1535,92,1.77802
1536,93,1.77743
1537,94,1.77705
1538,95,1.77661
1539,94,1.77603
1540,97,1.77547
1541,96,1.77493
1542,97,1.77439
1543,98,1.77385
1544,95,1.77332
1545,98,1.7728
1546,97,1.77228
1547,93,1.77177
1548,98,1.77122
1549,98,1.77075
1550,100,1.77041
1551,99,1.77036
1552,100,1.77038
1553,99,1.7704
1554,100,1.77037
1555,97,1.77037
1556,99,1.77037
1557,97,1.77037
1558,97,1.77058
1559,96,1.77072
1560,98,1.7708
1561,99,1.77075
1562,99,1.7707
1563,97,1.77064
1564,98,1.77063
1565,98,1.77063
1566,99,1.77063
1567,98,1.77063
1568,100,1.77063
1569,100,1.77063
1570,100,1.77063
1571,98,1.77063
1572,98,1.77063
1573,98,1.77066
1574,99,1.77066
1575,98,1.77066
1576,99,1.77068
1577,99,1.7707
1578,99,1.7707
1579,99,1.77061
1580,99,1.77055
1581,98,1.77054
1582,91,1.7706
1583,97,1.77058
1584,97,1.77055
1585,100,1.77058
1586,94,1.77058
1587,95,1.77064
1588,96,1.77083
1589,97,1.77088
1590,96,1.77089
1591,99,1.77095
1592,98,1.77095
1593,99,1.77095
1594,100,1.77095
1595,97,1.77095
1596,100,1.77095
1597,99,1.77095
1598,94,1.77095
1599,98,1.77076
1600,98,1.77034
1601,100,1.77001
1602,99,1.76996
1603,100,1.76998
1604,99,1.77001
1605,100,1.77001
1606,97,1.77001
1607,99,1.77001
1608,97,1.77001
1609,97,1.77006
1610,97,1.77007
1611,98,1.76998
1612,98,1.77003
1613,98,1.77002
1614,96,1.76994
1615,97,1.76992
1616,97,1.76981
1617,98,1.76967
1618,97,1.76949
1619,99,1.76928
1620,99,1.76899
1621,99,1.76869
1622,97,1.76839
1623,97,1.76809
1624,97,1.7678
1625,98,1.7675
1626,97,1.76721
1627,98,1.76695
1628,98,1.76669
1629,98,1.76641
1630,98,1.76605
1631,98,1.7657
1632,97,1.76542
1633,90,1.76516
1634,96,1.76495
1635,96,1.7647
1636,99,1.76446
1637,93,1.7642
1638,94,1.76399
1639,95,1.76393
1640,96,1.76381
1641,95,1.7636
1642,98,1.76341
1643,97,1.76317
1644,98,1.76292
1645,99,1.76269
1646,96,1.76245
1647,99,1.76222
1648,98,1.762
1649,93,1.76177
1650,97,1.76136
1651,98,1.76076
1652,100,1.76035
1653,99,1.76032
1654,100,1.76034
1655,99,1.76038
1656,100,1.76038
1657,97,1.76038
1658,99,1.76038
1659,97,1.76039
1660,97,1.76046
1661,97,1.76056
1662,99,1.76057
1663,99,1.76057
1664,99,1.76051
1665,97,1.76043
1666,98,1.76042
1667,98,1.76042
1668,99,1.76042
1669,98,1.76042
1670,100,1.76042
1671,100,1.76042
1672,100,1.76042
1673,98,1.76042
1674,98,1.76042
1675,98,1.76042
1676,99,1.7604
1677,98,1.7604
1678,99,1.76042
1679,99,1.76043
1680,99,1.76043
1681,99,1.76035
1682,99,1.76028
1683,98,1.76027
1684,91,1.76042
1685,97,1.76044
1686,97,1.76045
1687,100,1.76047
1688,94,1.76047
1689,95,1.76053
1690,96,1.76072
1691,96,1.76078
1692,96,1.76088
1693,99,1.76108
1694,98,1.7611
1695,99,1.7611
1696,100,1.7611
1697,97,1.7611
1698,100,1.7611
1699,99,1.7611
1700,94,1.7611
1701,97,1.76106
1702,98,1.7609
1703,100,1.76067
1704,99,1.76064
1705,100,1.76067
1706,99,1.76072
1707,100,1.76072
1708,97,1.76072
1709,99,1.76072
1710,97,1.76072
1711,97,1.7608
1712,97,1.76085
1713,99,1.76078
1714,99,1.76078
1715,99,1.76071
1716,97,1.76062
1717,98,1.7606
1718,98,1.7606
1719,99,1.7606
1720,98,1.7606
1721,100,1.7606
1722,100,1.7606
1723,100,1.7606
1724,98,1.7606
1725,98,1.7606
1726,98,1.7606
1727,99,1.76061
1728,98,1.76061
1729,99,1.76063
1730,99,1.76066
1731,99,1.76065
1732,99,1.76058
1733,99,1.7605
1734,98,1.76049
1735,91,1.76064
1736,97,1.76084
1737,97,1.76088
1738,100,1.7609
1739,94,1.7609
1740,95,1.76096
1741,97,1.76116
1742,96,1.76121
1743,96,1.76124
1744,99,1.76131
1745,98,1.76131
1746,99,1.76131
1747,100,1.76131
1748,97,1.76131
1749,100,1.76131
1750,99,1.76131
1751,94,1.76131
1752,97,1.76115
1753,97,1.761
1754,99,1.76078
1755,98,1.76058
1756,99,1.76048
1757,98,1.76041
1758,99,1.76027
1759,96,1.76012
1760,98,1.75999
1761,96,1.75985
1762,96,1.75983
1763,96,1.75986
1764,98,1.75974
1765,98,1.75961
1766,97,1.75941
1767,95,1.7592
1768,96,1.75898
1769,96,1.75874
1770,97,1.75849
1771,97,1.75821
1772,99,1.75793
1773,99,1.75767
1774,99,1.75742
1775,97,1.75718
1776,97,1.75693
1777,97,1.75669
1778,98,1.75645
1779,97,1.75622
1780,98,1.75601
1781,98,1.75579
1782,98,1.75556
1783,98,1.75527
1784,98,1.75498
1785,97,1.75475
1786,90,1.75468
1787,96,1.75459
1788,96,1.75444
1789,99,1.75425
1790,93,1.75405
1791,94,1.7539
1792,96,1.75391
1793,95,1.75377
1794,95,1.75358
1795,98,1.75346
1796,97,1.75327
1797,97,1.7529
1798,98,1.75251
1799,95,1.75211
1800,98,1.75173
1801,97,1.75135
1802,92,1.75101
1803,96,1.75065
1804,96,1.75038
1805,98,1.75006
1806,97,1.74979
1807,98,1.74961
1808,97,1.74948
1809,98,1.74931
1810,95,1.74915
1811,97,1.74899
1812,95,1.74884
1813,94,1.74882
1814,94,1.74874
1815,96,1.74867
1816,97,1.7488
1817,96,1.74898
1818,94,1.74917
1819,95,1.74941
1820,95,1.74969
1821,96,1.74998
1822,96,1.7502
1823,98,1.75055
1824,98,1.75101
1825,98,1.75148
1826,96,1.75196
1827,96,1.75245
1828,96,1.75294
1829,97,1.75344
1830,96,1.75395
1831,97,1.75448
1832,97,1.75501
1833,97,1.75553
1834,97,1.75599
1835,97,1.75647
1836,96,1.75699
1837,89,1.75755
1838,95,1.75813
1839,95,1.75867
1840,98,1.75923
1841,92,1.75977
1842,93,1.76035
1843,95,1.76108
1844,94,1.76169
1845,94,1.76234
1846,97,1.76298
1847,97,1.76355
1848,97,1.76385
1849,98,1.7641
1850,95,1.76435
1851,98,1.7646
1852,97,1.76484
1853,93,1.76508
1854,97,1.76515
1855,97,1.76544
1856,99,1.76566
1857,98,1.76593
1858,99,1.76626
1859,98,1.76664
1860,99,1.76692
1861,96,1.7672
1862,98,1.76748
1863,97,1.76776
1864,96,1.76806
1865,96,1.76833
1866,98,1.76851
1867,99,1.76878
1868,98,1.76908
1869,96,1.76937
1870,97,1.76967
1871,96,1.76997
1872,97,1.77015
1873,97,1.77031
1874,99,1.77059
1875,99,1.7709
1876,99,1.77121
1877,97,1.77153
1878,97,1.77158
1879,97,1.77158
1880,98,1.77157
1881,97,1.77159
1882,98,1.77171
1883,98,1.77183
1884,98,1.77187
1885,98,1.77186
1886,98,1.77181
1887,98,1.77172
1888,91,1.77174
1889,97,1.77188
1890,97,1.77189
1891,100,1.7719
1892,94,1.7719
1893,95,1.77197
1894,97,1.77218
1895,96,1.77224
1896,96,1.77225
1897,99,1.77234
1898,99,1.77235
1899,99,1.77235
1900,100,1.77235
1901,97,1.77235
1902,100,1.77235
1903,98,1.77235
1904,94,1.77234
1905,98,1.77216
1906,97,1.77219
1907,99,1.77216
1908,98,1.77207
1909,99,1.77202
1910,98,1.77196
1911,99,1.77178
1912,96,1.77161
1913,99,1.77144
1914,98,1.77128
1915,97,1.77125
1916,97,1.77117
1917,99,1.77095
1918,100,1.77092
1919,99,1.77092
1920,97,1.77092
1921,98,1.77092
1922,97,1.77092
1923,98,1.77086
1924,98,1.77086
1925,100,1.77086
1926,100,1.77086
1927,100,1.77086
1928,98,1.77086
1929,98,1.77086
1930,98,1.77086
1931,99,1.77087
1932,98,1.7709
1933,99,1.77092
1934,99,1.77095
1935,99,1.77095
1936,99,1.77095
1937,98,1.77094
1938,98,1.77073
1939,91,1.77066
1940,97,1.77084
1941,97,1.77087
1942,100,1.77088
1943,94,1.77088
1944,95,1.77095
1945,97,1.77103
1946,96,1.77104
1947,96,1.77108
1948,99,1.77113
1949,99,1.77113
1950,99,1.77113
1951,100,1.77113
1952,97,1.77113
1953,100,1.77113
1954,98,1.77113
1955,93,1.77111
1956,99,1.77095
1957,98,1.77101
1958,100,1.77103
1959,99,1.77103
1960,99,1.77114
1961,98,1.77127
1962,99,1.77143
1963,95,1.77165
1964,98,1.77175
1965,97,1.77182
1966,96,1.77202
1967,96,1.77218
1968,98,1.77221
1969,99,1.77244
1970,98,1.77268
1971,96,1.77292
1972,97,1.77317
1973,96,1.77342
1974,97,1.77368
1975,97,1.77393
1976,99,1.77397
1977,99,1.77397
1978,99,1.77407
1979,97,1.77409
1980,97,1.77411
1981,97,1.77408
1982,98,1.77402
1983,97,1.77394
1984,98,1.7738
1985,98,1.77363
1986,98,1.7734
1987,98,1.77309
1988,97,1.77276
1989,97,1.77225
1990,90,1.77186
1991,96,1.77164
1992,96,1.77134
1993,99,1.77103
1994,93,1.77073
1995,94,1.77049
1996,96,1.77024
1997,95,1.76995
1998,95,1.76965
1999,98,1.76936
2000,98,1.76907
2001,98,1.76879
2002,99,1.7685
2003,96,1.76822
2004,99,1.76795
2005,99,1.76768
2006,93,1.76738
2007,98,1.767
2008,97,1.76695
2009,99,1.76679
2010,99,1.76656
2011,99,1.76631
2012,98,1.76604
2013,99,1.76576
2014,95,1.76549
2015,98,1.76505
2016,97,1.76458
2017,96,1.76426
2018,96,1.76399
2019,98,1.76363
2020,99,1.76331
2021,98,1.763
2022,96,1.76269
2023,97,1.76238
2024,96,1.76207
2025,97,1.76176
2026,97,1.76146
2027,99,1.76116
2028,99,1.76086
2029,99,1.76056
2030,98,1.76026
2031,98,1.75997
2032,98,1.75992
2033,99,1.75995
2034,98,1.76002
2035,99,1.76005
2036,99,1.76008
2037,99,1.76007
2038,99,1.76007
2039,98,1.76007
2040,98,1.75998
2041,91,1.76
2042,97,1.76
2043,97,1.76001
2044,100,1.76001
2045,94,1.76001
2046,95,1.76004
2047,97,1.76012
2048,96,1.76012
2049,96,1.76012
2050,99,1.76012
2051,99,1.76012
2052,99,1.76012
2053,100,1.76012
2054,97,1.76012
2055,99,1.76012
2056,99,1.7599
2057,94,1.75968
2058,99,1.7597
2059,98,1.7599
2060,100,1.75994
2061,100,1.75994
2062,100,1.75994
2063,99,1.75994
2064,100,1.75994
2065,96,1.75994
2066,99,1.75982
2067,98,1.75968
2068,97,1.7597
2069,97,1.75971
2070,99,1.75971
2071,100,1.75971
2072,99,1.75971
2073,97,1.75971
2074,98,1.75971
2075,97,1.75971
2076,98,1.75971
2077,98,1.75971
2078,100,1.75971
2079,100,1.75971
2080,99,1.75971
2081,98,1.75946
2082,98,1.75918
2083,98,1.75914
2084,98,1.75931
2085,97,1.75941
2086,98,1.75957
2087,98,1.75974
2088,98,1.75986
2089,98,1.75993
2090,97,1.75996
2091,97,1.75999
2092,90,1.76002
2093,96,1.76007
2094,96,1.76012
2095,99,1.76017
2096,94,1.76022
2097,95,1.76026
2098,97,1.76024
2099,96,1.76023
2100,96,1.76023
2101,99,1.76023
2102,99,1.76023
2103,99,1.76023
2104,100,1.76023
2105,97,1.76023
2106,99,1.76023
2107,99,1.76022
2108,94,1.76011
2109,98,1.76013
2110,97,1.76028
2111,99,1.76043
2112,99,1.76053
2113,99,1.7606
2114,98,1.76065
2115,99,1.76067
2116,95,1.76069
2117,97,1.76059
2118,96,1.76051
2119,95,1.76041
2120,95,1.76028
2121,97,1.76007
2122,98,1.75986
2123,97,1.75965
2124,95,1.75945
2125,97,1.75926
2126,96,1.75908
2127,97,1.75885
2128,97,1.75861
2129,99,1.75838
2130,99,1.75815
2131,98,1.75792
2132,97,1.75746
2133,97,1.75695
2134,98,1.7567
2135,98,1.75646
2136,97,1.75625
2137,98,1.75605
2138,98,1.75587
2139,99,1.75566
2140,99,1.75545
2141,98,1.75542
2142,98,1.7554
2143,91,1.75541
2144,97,1.75542
2145,97,1.75542
2146,99,1.75542
2147,94,1.75547
2148,95,1.75551
2149,97,1.75548
2150,96,1.75548
2151,96,1.75548
2152,99,1.75548
2153,99,1.75548
2154,99,1.75548
2155,100,1.75548
2156,97,1.75548
2157,99,1.75548
2158,99,1.75547
2159,94,1.75536
2160,98,1.75518
2161,97,1.755
2162,99,1.75487
2163,99,1.7547
2164,99,1.75453
2165,98,1.75436
2166,99,1.7542
2167,96,1.75404
2168,98,1.75388
2169,97,1.75373
2170,96,1.75361
2171,96,1.75347
2172,98,1.75333
2173,99,1.75319
2174,98,1.75306
2175,95,1.75293
2176,97,1.75286
2177,96,1.7528
2178,97,1.75269
2179,97,1.75258
2180,100,1.75247
2181,100,1.75237
2182,99,1.75235
2183,98,1.75212
2184,98,1.75207
2185,99,1.75208
2186,99,1.75209
2187,98,1.75209
2188,99,1.75211
2189,98,1.75214
2190,99,1.75197
2191,99,1.75176
2192,98,1.75172
2193,98,1.7517
2194,91,1.7517
2195,97,1.7517
2196,97,1.75171
2197,99,1.75171
2198,94,1.75176
2199,95,1.75181
2200,97,1.75179
2201,96,1.75178
2202,96,1.75178
2203,99,1.75178
2204,99,1.75178
2205,99,1.75178
2206,100,1.75178
2207,97,1.75178
2208,99,1.75178
2209,100,1.75178
2210,95,1.75177
2211,98,1.75169
2212,97,1.75159
2213,99,1.7515
2214,99,1.75141
2215,99,1.75133
2216,98,1.75125
2217,99,1.75117
2218,96,1.75109
2219,98,1.75102
2220,97,1.75096
2221,96,1.75089
2222,96,1.75083
2223,98,1.75075
2224,99,1.7507
2225,98,1.75065
2226,95,1.7506
2227,97,1.75061
2228,96,1.7506
2229,97,1.75057
2230,96,1.75054
2231,99,1.75042
2232,99,1.7503
2233,99,1.75027
2234,98,1.75026
2235,98,1.75022
2236,99,1.75024
2237,99,1.75024
2238,98,1.75024
2239,99,1.75026
2240,98,1.75029
2241,99,1.75012
2242,99,1.75004
2243,98,1.75004
2244,98,1.75001
2245,91,1.74998
2246,97,1.74999
2247,97,1.75
2248,99,1.75
2249,94,1.75
2250,95,1.74998
2251,97,1.74994
2252,96,1.74994
2253,96,1.74994
2254,99,1.74994
2255,99,1.74994
2256,99,1.74994
2257,100,1.74994
2258,97,1.74994
2259,99,1.74994
2260,100,1.74994
2261,96,1.74993
2262,99,1.74993
2263,98,1.74993
2264,100,1.74993
2265,100,1.74993
2266,100,1.74993
2267,99,1.74993
2268,100,1.74993
2269,97,1.74993
2270,99,1.74993
2271,98,1.74993
2272,97,1.74994
2273,97,1.74994
2274,99,1.74994
2275,100,1.74994
2276,99,1.74994
2277,96,1.74994
2278,98,1.74994
2279,97,1.74994
2280,98,1.74994
2281,97,1.74994
2282,100,1.74987
2283,99,1.74979
2284,99,1.74985
2285,97,1.74987
2286,96,1.74983
2287,97,1.74977
2288,97,1.74969
2289,96,1.7497
2290,97,1.74983
2291,96,1.75001
2292,98,1.75019
2293,98,1.75036
2294,97,1.7504
2295,97,1.75039
2296,90,1.7504
2297,96,1.75044
2298,96,1.75049
2299,98,1.75053
2300,93,1.75057
2301,94,1.75062
2302,97,1.75067
2303,96,1.75072
2304,96,1.75073
2305,99,1.75074
2306,99,1.75074
2307,99,1.75074
2308,100,1.75074
2309,97,1.75074
2310,99,1.75074
2311,100,1.75073
2312,96,1.75072
2313,99,1.75072
2314,98,1.75072
2315,100,1.75072
2316,100,1.75072
2317,100,1.75072
2318,99,1.75072
2319,100,1.75072
2320,97,1.75072
2321,99,1.75072
2322,98,1.75072
2323,97,1.75072
2324,97,1.75072
2325,99,1.7507
2326,100,1.7507
2327,99,1.7507
2328,96,1.7507
2329,98,1.75061
2330,97,1.75048
2331,98,1.75046
2332,97,1.75046
2333,100,1.75046
2334,99,1.75046
2335,100,1.75046
2336,99,1.75046
2337,98,1.75046
2338,99,1.75046
2339,99,1.75045
2340,98,1.75045
2341,99,1.75047
2342,97,1.7505
2343,99,1.7506
2344,99,1.75074
2345,98,1.75075
2346,98,1.75069
2347,91,1.75064
2348,97,1.75064
2349,97,1.75065
2350,99,1.75065
2351,94,1.75065
2352,94,1.75064
2353,97,1.7507
2354,96,1.75076
2355,96,1.75077
2356,99,1.75077
2357,99,1.75077
2358,99,1.75077
2359,100,1.75077
2360,97,1.75077
2361,99,1.75077
2362,100,1.75076
2363,96,1.75075
2364,99,1.75075
2365,98,1.75075
2366,100,1.75075
2367,100,1.75075
2368,100,1.75075
2369,99,1.75075
2370,100,1.75075
2371,97,1.75075
2372,99,1.75075
2373,98,1.75075
2374,97,1.75078
2375,97,1.75079
2376,99,1.75079
2377,100,1.75079
2378,99,1.75079
2379,96,1.75079
2380,98,1.75071
2381,97,1.75059
2382,98,1.75057
2383,97,1.75057
2384,100,1.75056
2385,99,1.75056
2386,100,1.75056
2387,99,1.75056
2388,98,1.75056
2389,99,1.75056
2390,99,1.75055
2391,98,1.75055
2392,99,1.75057
2393,97,1.7506
2394,98,1.75072
2395,98,1.75086
2396,97,1.75098
2397,97,1.75107
2398,90,1.75117
2399,96,1.7514
2400,96,1.75166
2401,98,1.752
2402,93,1.75235
2403,93,1.7527
2404,96,1.75312
2405,95,1.75355
2406,95,1.75392
2407,98,1.75427
2408,98,1.75463
2409,98,1.75499
2410,99,1.75535
2411,96,1.75571
2412,98,1.75607
2413,99,1.75642
2414,95,1.75647
2415,98,1.75685
2416,97,1.75722
2417,99,1.75728
2418,99,1.75749
2419,99,1.7577
2420,98,1.75787
2421,99,1.75799
2422,96,1.75805
2423,98,1.75806
2424,97,1.75802
2425,96,1.75788
2426,96,1.75774
2427,98,1.75757
2428,99,1.75743
2429,98,1.75729
2430,95,1.75715
2431,97,1.75692
2432,96,1.75668
2433,97,1.75653
2434,96,1.75641
2435,99,1.75628
2436,98,1.75617
2437,99,1.75605
2438,98,1.75594
2439,97,1.75583
2440,98,1.75572
2441,98,1.75562
2442,97,1.75552
2443,98,1.75545
2444,97,1.75539
2445,98,1.75527
2446,98,1.75519
2447,97,1.75509
2448,97,1.75491
2449,90,1.75474
2450,96,1.75475
2451,96,1.75471
2452,98,1.75464
2453,93,1.75458
2454,93,1.75451
2455,96,1.75452
2456,95,1.75449
2457,95,1.75445
2458,98,1.75441
2459,98,1.75433
2460,98,1.7542
2461,99,1.75403
2462,96,1.75381
2463,98,1.75357
2464,99,1.75322
2465,95,1.75284
2466,97,1.75276
2467,96,1.7525
2468,98,1.75229
2469,98,1.75213
2470,99,1.75201
2471,98,1.75194
2472,99,1.75171
2473,96,1.75146
2474,99,1.75122
2475,98,1.75103
2476,97,1.75102
2477,97,1.75102
2478,99,1.75103
2479,100,1.75103
2480,99,1.75103
2481,96,1.75103
2482,98,1.75094
2483,97,1.75083
2484,98,1.75081
2485,97,1.75081
2486,100,1.75081
2487,99,1.75081
2488,100,1.75081
2489,99,1.75081
2490,98,1.75081
2491,99,1.75081
2492,99,1.7508
2493,98,1.7508
2494,99,1.75082
2495,98,1.75085
2496,99,1.75085
2497,99,1.75085
2498,98,1.75085
2499,97,1.75068
2500,90,1.75056
2501,96,1.75048
2502,96,1.75033
2503,98,1.75011
2504,93,1.74989
2505,93,1.74969
2506,96,1.74951
2507,95,1.74933
2508,95,1.74915
2509,98,1.74899
2510,98,1.74887
2511,98,1.7488
2512,99,1.74876
2513,96,1.74874
2514,98,1.74873
2515,98,1.74869
2516,95,1.74865
2517,97,1.74859
2518,96,1.7485
2519,98,1.74839
2520,97,1.74829
2521,97,1.74839
2522,96,1.74857
2523,97,1.74873
2524,93,1.74893
2525,96,1.74899
2526,95,1.74901
2527,94,1.74919
2528,94,1.74914
2529,96,1.74897
2530,97,1.74881
2531,97,1.74865
2532,94,1.7485
2533,96,1.74827
2534,95,1.74803
2535,96,1.74788
2536,95,1.74775
2537,98,1.74763
2538,97,1.74752
2539,98,1.74741
2540,97,1.74731
2541,96,1.74721
2542,97,1.74713
2543,97,1.74704
2544,96,1.74696
2545,97,1.74691
2546,96,1.74688
2547,97,1.74679
2548,97,1.74673
2549,97,1.74667
2550,96,1.74663
2551,89,1.74664
2552,95,1.74675
2553,95,1.74684
2554,97,1.74683
2555,92,1.74682
2556,92,1.74688
2557,95,1.74707
2558,94,1.74718
2559,94,1.7472
2560,98,1.74722
2561,98,1.74725
2562,98,1.74737
2563,99,1.7475
2564,96,1.74765
2565,99,1.74779
2566,99,1.74794
2567,96,1.7481
2568,98,1.74825
2569,97,1.74841
2570,99,1.74858
2571,99,1.74874
2572,99,1.74891
2573,98,1.74909
2574,99,1.74925
2575,95,1.74943
2576,98,1.74944
2577,97,1.74942
2578,96,1.7496
2579,96,1.7498
2580,98,1.74999
2581,98,1.75019
2582,97,1.75041
2583,94,1.75063
2584,96,1.75068
2585,95,1.75072
2586,96,1.75078
2587,95,1.75082
2588,98,1.75083
2589,97,1.75082
2590,98,1.75079
2591,97,1.75077
2592,96,1.75075
2593,97,1.75076
2594,97,1.75073
2595,96,1.75072
2596,97,1.75074
2597,96,1.75077
2598,97,1.75077
2599,97,1.75078
2600,97,1.75085
2601,96,1.75091
2602,89,1.75097
2603,95,1.75112
2604,95,1.75111
2605,97,1.75107
2606,92,1.75098
2607,92,1.75092
2608,95,1.75094
2609,94,1.75082
2610,93,1.75057
2611,97,1.75021
2612,97,1.74984
2613,97,1.74956
2614,98,1.7493
2615,95,1.74905
2616,98,1.74881
2617,98,1.74857
2618,95,1.74834
2619,97,1.74811
2620,96,1.74789
2621,98,1.74768
2622,98,1.74747
2623,98,1.74727
2624,97,1.74707
2625,98,1.74688
2626,95,1.7467
2627,98,1.74635
2628,97,1.74623
2629,96,1.7463
2630,96,1.74639
2631,98,1.74646
2632,99,1.74655
2633,98,1.74665
2634,95,1.74675
2635,97,1.74677
2636,96,1.74678
2637,97,1.74688
2638,96,1.74699
2639,99,1.74711
2640,98,1.74722
2641,99,1.74735
2642,98,1.74737
2643,97,1.74739
2644,98,1.7474
2645,98,1.74736
2646,97,1.74726
2647,98,1.74713
2648,97,1.74697
2649,98,1.74671
2650,98,1.74645
2651,98,1.74609
2652,97,1.74573
2653,90,1.74543
2654,96,1.7452
2655,96,1.74488
2656,98,1.74453
2657,93,1.74417
2658,93,1.74388
2659,96,1.74371
2660,95,1.74347
2661,94,1.74314
2662,98,1.74271
2663,98,1.74232
2664,99,1.74197
2665,100,1.74162
2666,97,1.74156
2667,100,1.74156
2668,100,1.74156
2669,97,1.74156
2670,99,1.74156
2671,98,1.74156
2672,100,1.74156
2673,100,1.74156
2674,100,1.74156
2675,99,1.74156
2676,99,1.74156
2677,96,1.74136
2678,99,1.74094
2679,98,1.74074
2680,97,1.74077
2681,97,1.74078
2682,99,1.74078
2683,100,1.74078
2684,99,1.74078
2685,96,1.74078
2686,98,1.74071
2687,97,1.74071
2688,98,1.74071
2689,97,1.74071
2690,100,1.74071
2691,99,1.74071
2692,100,1.74071
2693,99,1.74071
2694,98,1.74071
2695,99,1.74071
2696,99,1.7407
2697,98,1.7407
2698,99,1.74073
2699,98,1.74076
2700,99,1.74075
2701,99,1.74075
2702,99,1.74074
2703,98,1.74074
2704,91,1.74077
2705,97,1.74095
2706,97,1.74102
2707,99,1.74102
2708,94,1.74102
2709,94,1.74109
2710,97,1.74127
2711,96,1.74139
2712,95,1.74139
2713,99,1.7414
2714,98,1.7414
2715,99,1.74111
2716,100,1.74076
2717,97,1.74071
2718,100,1.74071
2719,100,1.74071
2720,97,1.74071
2721,99,1.74071
2722,98,1.74071
2723,100,1.74071
2724,100,1.74071
2725,100,1.74071
2726,99,1.74071
2727,99,1.74071
2728,96,1.7405
2729,99,1.7401
2730,98,1.73988
2731,97,1.73986
2732,97,1.73986
2733,99,1.73986
2734,100,1.73986
2735,99,1.73986
2736,96,1.73986
2737,98,1.73987
2738,97,1.73987
2739,98,1.73987
2740,97,1.73987
2741,100,1.73987
2742,99,1.73987
2743,100,1.73987
2744,99,1.73987
2745,98,1.73987
2746,99,1.73987
2747,99,1.73986
2748,98,1.73986
2749,99,1.73989
2750,98,1.73992
2751,99,1.73991
2752,99,1.73991
2753,99,1.73991
2754,98,1.73991
2755,91,1.73996
2756,96,1.74016
2757,96,1.74019
2758,98,1.74027
2759,93,1.7404
2760,93,1.74063
2761,96,1.74101
2762,95,1.74117
2763,94,1.74118
2764,98,1.74131
2765,97,1.74133
2766,98,1.7414
2767,99,1.74143
2768,96,1.74154
2769,99,1.74163
2770,99,1.7417
2771,96,1.74175
2772,99,1.74178
2773,98,1.74179
2774,100,1.74179
2775,100,1.74179
2776,100,1.74179
2777,99,1.74179
2778,99,1.74179
2779,96,1.74179
2780,99,1.74163
2781,98,1.74161
2782,97,1.74163
2783,97,1.74165
2784,99,1.74165
2785,100,1.74165
2786,99,1.74165
2787,96,1.74165
2788,98,1.74165
2789,97,1.74165
2790,98,1.74165
2791,97,1.74165
2792,100,1.74165
2793,99,1.74165
2794,100,1.74165
2795,99,1.74164
2796,98,1.74164
2797,99,1.74164
2798,99,1.74164
2799,98,1.74164
2800,99,1.74167
2801,98,1.7417
2802,99,1.74167
2803,99,1.74167
2804,99,1.74166
2805,98,1.74166
2806,92,1.7417
2807,97,1.74186
2808,97,1.742
2809,99,1.742
2810,94,1.742
2811,94,1.74207
2812,96,1.74224
2813,95,1.74235
2814,94,1.7425
2815,98,1.74267
2816,97,1.74287
2817,98,1.74304
2818,99,1.74325
2819,96,1.74359
2820,99,1.74394
2821,99,1.74429
2822,95,1.74464
2823,98,1.74499
2824,97,1.74534
2825,99,1.7457
2826,99,1.74605
2827,99,1.74641
2828,98,1.74677
2829,98,1.74712
2830,95,1.74744
2831,98,1.7478
2832,97,1.74816
2833,96,1.74854
2834,96,1.7489
2835,98,1.74927
2836,99,1.74963
2837,98,1.75
2838,95,1.75037
2839,97,1.75073
2840,96,1.7511
2841,97,1.75147
2842,96,1.75184
2843,99,1.75221
2844,98,1.75258
2845,99,1.75287
2846,98,1.75313
2847,97,1.75339
2848,98,1.75363
2849,98,1.75382
2850,97,1.75397
2851,98,1.7541
2852,97,1.75418
2853,98,1.75416
2854,98,1.75413
2855,98,1.75407
2856,97,1.75394
2857,91,1.75381
2858,96,1.75377
2859,96,1.75376
2860,98,1.75352
2861,93,1.75316
2862,94,1.75285
2863,96,1.75257
2864,95,1.75221
2865,94,1.75184
2866,98,1.75147
2867,97,1.75111
2868,98,1.75074
2869,99,1.75037
2870,96,1.75001
2871,99,1.74966
2872,99,1.74929
2873,95,1.74893
2874,98,1.74856
2875,97,1.7482
2876,99,1.74784
2877,99,1.74748
2878,99,1.74712
2879,98,1.74677
2880,98,1.74641
2881,95,1.74605
2882,98,1.74563
2883,98,1.74527
2884,97,1.74492
2885,97,1.74486
2886,99,1.74489
2887,100,1.74489
2888,99,1.74489
2889,96,1.74489
2890,98,1.74489
2891,97,1.74489
2892,98,1.74489
2893,97,1.74489
2894,100,1.74489
2895,99,1.74489
2896,99,1.74489
2897,99,1.74484
2898,98,1.7448
2899,99,1.7448
2900,99,1.7448
2901,98,1.7448
2902,99,1.74482
2903,98,1.74485
2904,99,1.74481
2905,99,1.74481
2906,99,1.7448
2907,98,1.7448
2908,92,1.74487
2909,96,1.74502
2910,96,1.74518
2911,98,1.74543
2912,93,1.74567
2913,94,1.74598
2914,96,1.7463
2915,95,1.74652
2916,94,1.74671
2917,98,1.74686
2918,97,1.74697
2919,98,1.74704
2920,99,1.74714
2921,96,1.74725
2922,99,1.74736
2923,99,1.7475
2924,95,1.74768
2925,98,1.7479
2926,97,1.74821
2927,99,1.74854
2928,99,1.74887
2929,99,1.74921
2930,98,1.74954
2931,98,1.74988
2932,95,1.75015
2933,96,1.75033
2934,96,1.7502
2935,95,1.75007
2936,96,1.7502
2937,98,1.75046
2938,99,1.75088
2939,98,1.75125
2940,95,1.7516
2941,97,1.75195
2942,96,1.75201
2943,97,1.75201
2944,96,1.75201
2945,99,1.75201
2946,99,1.75207
2947,98,1.75209
2948,98,1.75214
2949,97,1.75207
2950,98,1.75195
2951,98,1.75177
2952,97,1.75156
2953,98,1.75135
2954,97,1.75112
2955,98,1.75074
2956,98,1.75038
2957,98,1.75002
2958,97,1.74966
2959,92,1.74935
2960,95,1.74875
2961,95,1.74813
2962,98,1.74752
2963,93,1.74709
2964,94,1.74681
2965,96,1.74656
2966,95,1.74622
2967,94,1.74588
2968,98,1.74555
2969,97,1.74521
2970,98,1.74488
2971,99,1.74462
2972,96,1.74437
2973,99,1.74415
2974,99,1.74395
2975,95,1.74379
2976,98,1.74367
2977,97,1.74358
2978,99,1.7435
2979,99,1.74343
2980,99,1.74336
2981,98,1.7433
2982,98,1.74324
2983,96,1.74314
2984,97,1.74308
2985,97,1.74274
2986,95,1.74235
2987,96,1.7421
2988,98,1.74196
2989,99,1.74191
2990,98,1.74187
2991,95,1.74184
2992,97,1.74181
2993,96,1.74178
2994,97,1.74176
2995,96,1.74174
2996,100,1.74172
2997,100,1.74171
2998,99,1.74171
2999,98,1.74177
3000,97,1.74177
3001,98,1.74178
3002,98,1.74179
3003,97,1.74181
3004,98,1.74188
3005,97,1.74196
3006,98,1.74201
3007,98,1.74207
3008,99,1.7421
3009,98,1.7421
3010,94,1.74215
3011,97,1.74215
3012,96,1.74215
3013,99,1.74215
3014,94,1.74215
3015,95,1.74222
3016,97,1.74231
3017,96,1.74232
3018,95,1.74232
3019,99,1.74232
3020,98,1.74232
3021,99,1.74232
3022,100,1.74232
3023,97,1.74232
3024,100,1.74232
3025,100,1.74232
3026,96,1.74232
3027,99,1.74232
3028,98,1.74231
3029,100,1.74231
3030,100,1.74231
3031,100,1.74231
3032,99,1.74231
3033,99,1.74231
3034,97,1.74227
3035,98,1.74227
3036,98,1.74199
3037,96,1.74166
3038,97,1.74163
3039,99,1.74161
3040,100,1.74161
3041,99,1.74161
3042,96,1.74161
3043,98,1.74161
3044,97,1.74161
3045,98,1.74161
3046,96,1.74161
3047,100,1.7416
3048,100,1.7416
3049,100,1.7416
3050,99,1.7416
3051,98,1.7416
3052,99,1.7416
3053,99,1.74158
3054,98,1.74158
3055,99,1.74161
3056,98,1.74164
3057,99,1.74164
3058,98,1.74163
3059,99,1.7416
3060,98,1.74156
3061,94,1.74162
3062,97,1.74162
3063,96,1.74162
3064,99,1.74162
3065,94,1.74162
3066,95,1.7417
3067,97,1.74179
3068,96,1.7418
3069,95,1.7418
3070,99,1.7418
3071,98,1.7418
3072,99,1.7418
3073,100,1.7418
3074,97,1.7418
3075,100,1.7418
3076,100,1.7418
3077,96,1.7418
3078,99,1.74179
3079,98,1.74178
3080,100,1.74178
3081,100,1.74178
3082,100,1.74178
3083,99,1.74178
3084,99,1.74178
3085,97,1.74178
3086,98,1.74178
3087,98,1.74178
3088,96,1.74178
3089,97,1.74178
3090,99,1.74171
3091,100,1.7417
3092,99,1.7417
3093,96,1.7417
3094,98,1.7417
3095,97,1.7417
3096,98,1.7417
3097,96,1.7417
3098,100,1.7417
3099,100,1.74171
3100,100,1.74172
3101,99,1.74172
3102,98,1.74172
3103,99,1.74171
3104,99,1.74171
3105,98,1.74171
3106,99,1.74174
3107,98,1.74177
3108,99,1.7417
3109,98,1.7417
3110,99,1.74166
3111,98,1.74163
3112,94,1.74168
3113,97,1.74167
3114,96,1.74168
3115,99,1.74168
3116,94,1.74168
3117,95,1.74175
3118,97,1.74184
3119,96,1.74185
3120,94,1.74185
3121,98,1.74186
3122,98,1.74186
3123,99,1.74186
3124,100,1.74186
3125,97,1.74186
3126,100,1.74186
3127,100,1.74186
3128,96,1.74186
3129,98,1.74184
3130,97,1.74183
3131,99,1.74177
3132,99,1.74173
3133,99,1.74163
3134,98,1.74155
3135,98,1.74146
3136,96,1.74124
3137,97,1.7411
3138,97,1.74095
3139,95,1.74087
3140,96,1.7408
3141,98,1.74074
3142,99,1.74069
3143,98,1.74065
3144,95,1.74062
3145,97,1.74058
3146,96,1.74055
3147,97,1.74052
3148,95,1.7405
3149,99,1.74049
3150,99,1.74049
3151,99,1.74048
3152,98,1.74047
3153,97,1.74045
3154,98,1.74045
3155,98,1.74044
3156,97,1.74044
3157,98,1.74047
3158,97,1.74051
3159,98,1.74051
3160,97,1.74052
3161,98,1.74055
3162,97,1.7406
3163,93,1.74069
3164,96,1.74071
3165,95,1.74074
3166,98,1.74077
3167,93,1.7408
3168,94,1.74092
3169,96,1.74106
3170,96,1.74117
3171,94,1.74131
3172,97,1.74148
3173,97,1.74169
3174,98,1.74192
3175,99,1.74224
3176,96,1.74257
3177,99,1.74292
3178,99,1.74326
3179,96,1.7436
3180,98,1.74394
3181,97,1.74428
3182,99,1.74462
3183,99,1.74497
3184,99,1.74531
3185,98,1.74537
3186,98,1.74564
3187,96,1.74597
3188,97,1.74602
3189,97,1.74621
3190,95,1.74638
3191,96,1.74652
3192,98,1.74654
3193,99,1.74657
3194,98,1.74654
3195,95,1.74646
3196,97,1.74629
3197,96,1.74611
3198,97,1.74592
3199,95,1.74574
3200,99,1.74558
3201,99,1.74544
3202,99,1.74527
3203,98,1.7451
3204,97,1.74494
3205,98,1.74478
3206,98,1.7446
3207,97,1.74445
3208,98,1.74433
3209,97,1.74421
3210,98,1.74405
3211,97,1.74399
3212,98,1.74401
3213,97,1.7441
3214,93,1.74426
3215,96,1.74442
3216,95,1.74462
3217,98,1.74486
3218,93,1.74511
3219,94,1.74545
3220,96,1.7458
3221,96,1.74614
3222,94,1.74647
3223,97,1.7468
3224,97,1.74713
3225,98,1.74746
3226,99,1.7478
3227,96,1.74813
3228,99,1.74847
3229,99,1.74881
3230,96,1.74915
3231,98,1.74949
3232,97,1.74983
3233,99,1.75017
3234,99,1.75023
3235,99,1.75023
3236,98,1.75053
3237,98,1.75089
3238,96,1.75087
3239,97,1.75109
3240,97,1.75131
3241,95,1.75146
3242,96,1.7516
3243,98,1.75161
3244,99,1.75163
3245,98,1.7516
3246,95,1.75149
3247,97,1.75136
3248,96,1.75123
3249,97,1.75114
3250,95,1.751
3251,99,1.75084
3252,99,1.75066
3253,99,1.75041
3254,98,1.75014
3255,97,1.74986
3256,98,1.74951
3257,98,1.74915
3258,97,1.74879
3259,98,1.74855
3260,97,1.74833
3261,98,1.74807
3262,97,1.74789
3263,98,1.74775
3264,97,1.74765
3265,93,1.74755
3266,96,1.7474
3267,95,1.74726
3268,98,1.74713
3269,93,1.74699
3270,94,1.74693
3271,96,1.74689
3272,96,1.74676
3273,94,1.74665
3274,97,1.74653
3275,97,1.74642
3276,98,1.74631
3277,99,1.74621
3278,96,1.74611
3279,99,1.74601
3280,99,1.74592
3281,96,1.74583
3282,98,1.74575
3283,97,1.74566
3284,99,1.74558
3285,99,1.74551
3286,99,1.74544
3287,98,1.74537
3288,98,1.74531
3289,96,1.74517
3290,97,1.74511
3291,97,1.74506
3292,95,1.74499
3293,96,1.74495
3294,98,1.74484
3295,99,1.74476
3296,98,1.74464
3297,95,1.74448
3298,97,1.74421
3299,96,1.74394
3300,97,1.74366
3301,95,1.74339
3302,99,1.74315
3303,99,1.74293
3304,99,1.74267
3305,98,1.74241
3306,97,1.74215
3307,98,1.7419
3308,98,1.74163
3309,97,1.74138
3310,98,1.74116
3311,97,1.74095
3312,98,1.74067
3313,97,1.74043
3314,98,1.74023
3315,97,1.74005
3316,93,1.7399
3317,96,1.73967
3318,95,1.73945
3319,98,1.73922
3320,93,1.739
3321,94,1.73886
3322,96,1.73873
3323,96,1.73853
3324,94,1.73832
3325,97,1.73812
3326,97,1.73793
3327,98,1.73773
3328,99,1.73754
3329,96,1.7374
3330,99,1.73728
3331,99,1.73712
3332,96,1.73691
3333,98,1.73669
3334,97,1.73649
3335,99,1.73625
3336,99,1.736
3337,99,1.73576
3338,98,1.73553
3339,98,1.73529
3340,96,1.73495
3341,97,1.73472
3342,97,1.7345
3343,95,1.73426
3344,96,1.73404
3345,98,1.73374
3346,99,1.73352
3347,98,1.73331
3348,95,1.7331
3349,97,1.7329
3350,96,1.73269
3351,97,1.73249
3352,95,1.7323
3353,99,1.73214
3354,99,1.732
3355,99,1.73182
3356,98,1.73164
3357,97,1.73146
3358,98,1.73128
3359,98,1.73111
3360,97,1.73094
3361,98,1.7308
3362,97,1.73067
3363,98,1.73045
3364,97,1.73029
3365,98,1.73017
3366,97,1.73007
3367,93,1.73014
3368,96,1.73019
3369,95,1.73028
3370,98,1.73039
3371,93,1.73053
3372,94,1.7308
3373,96,1.73109
3374,96,1.73131
3375,94,1.73152
3376,97,1.73174
3377,97,1.73196
3378,98,1.73217
3379,99,1.73239
3380,96,1.73262
3381,99,1.73285
3382,99,1.73302
3383,97,1.7332
3384,99,1.73338
3385,98,1.73341
3386,100,1.73341
3387,100,1.73341
3388,100,1.73341
3389,99,1.73341
3390,99,1.73341
3391,97,1.73328
3392,98,1.73328
3393,98,1.73328
3394,96,1.73326
3395,97,1.73323
3396,99,1.73314
3397,100,1.73312
3398,99,1.73312
3399,96,1.73312
3400,98,1.73312
3401,97,1.73312
3402,98,1.73312
3403,96,1.73312
3404,100,1.73316
3405,100,1.73323
3406,100,1.73323
3407,99,1.73323
3408,98,1.73323
3409,99,1.73323
3410,99,1.73322
3411,98,1.73322
3412,99,1.73325
3413,98,1.73328
3414,99,1.73322
3415,98,1.73321
3416,99,1.73309
3417,98,1.73295
3418,94,1.733
3419,97,1.733
3420,96,1.733
3421,99,1.733
3422,94,1.733
3423,95,1.73308
3424,97,1.73315
3425,97,1.73316
3426,95,1.73316
3427,98,1.73316
3428,98,1.73317
3429,99,1.73317
3430,100,1.73317
3431,97,1.73317
3432,100,1.73318
3433,99,1.73318
3434,97,1.73337
3435,99,1.7336
3436,98,1.73364
3437,100,1.73364
3438,100,1.73364
3439,100,1.73364
3440,99,1.73364
3441,99,1.73364
3442,97,1.73349
3443,98,1.73349
3444,98,1.73349
3445,96,1.73346
3446,97,1.73344
3447,99,1.73335
3448,100,1.7333
3449,99,1.7333
3450,96,1.7333
3451,98,1.7333
3452,97,1.7333
3453,98,1.7333
3454,96,1.7333
3455,100,1.73335
3456,100,1.73343
3457,100,1.73343
3458,99,1.73343
3459,98,1.73343
3460,99,1.73343
3461,99,1.73342
3462,98,1.73342
3463,99,1.73345
3464,98,1.73349
3465,99,1.73342
3466,98,1.73337
3467,99,1.73326
3468,98,1.73321
3469,94,1.73325
3470,97,1.73326
3471,96,1.73326
3472,99,1.73326
3473,94,1.73326
3474,95,1.73333
3475,97,1.7334
3476,97,1.73341
3477,95,1.73341
3478,98,1.73342
3479,98,1.73343
3480,99,1.73343
3481,100,1.73343
3482,97,1.73343
3483,100,1.73343
3484,99,1.73343
3485,97,1.73363
3486,99,1.73386
3487,98,1.7339
3488,100,1.7339
3489,100,1.7339
3490,100,1.7339
3491,99,1.7339
3492,99,1.7339
3493,97,1.73371
3494,98,1.73368
3495,98,1.73368
3496,96,1.73366
3497,97,1.73364
3498,99,1.73356
3499,100,1.73353
3500,99,1.73353
3501,96,1.73353
3502,98,1.73353
3503,97,1.73353
3504,98,1.73353
3505,96,1.73353
3506,100,1.73359
3507,100,1.73361
3508,100,1.73361
3509,99,1.73361
3510,98,1.73361
3511,99,1.73361
3512,99,1.73361
3513,98,1.73361
3514,99,1.73364
3515,98,1.73368
3516,99,1.73359
3517,98,1.73355
3518,99,1.73354
3519,98,1.73354
3520,94,1.73361
3521,97,1.73361
3522,96,1.73361
3523,99,1.73362
3524,94,1.73361
3525,94,1.73371
3526,96,1.73379
3527,96,1.73378
3528,94,1.73377
3529,97,1.73375
3530,98,1.73369
3531,99,1.73361
3532,100,1.7336
3533,97,1.7336
3534,100,1.7336
3535,99,1.7336
3536,97,1.73371
3537,99,1.73374
3538,98,1.73374
3539,100,1.73374
3540,100,1.73374
3541,100,1.73374
3542,99,1.73374
3543,99,1.73374
3544,97,1.73355
3545,98,1.7335
3546,98,1.7335
3547,96,1.73349
3548,97,1.73348
3549,99,1.73339
3550,100,1.73332
3551,99,1.73331
3552,96,1.73331
3553,98,1.7333
3554,97,1.73331
3555,98,1.73331
3556,96,1.7333
3557,100,1.7333
3558,100,1.7333
3559,100,1.7333
3560,99,1.7333
3561,98,1.7333
3562,99,1.7333
3563,99,1.73329
3564,98,1.73329
3565,99,1.73332
3566,98,1.73336
3567,99,1.73326
3568,98,1.73311
3569,99,1.73309
3570,98,1.73309
3571,94,1.73316
3572,97,1.7332
3573,96,1.73324
3574,99,1.73325
3575,95,1.73325
3576,95,1.73332
3577,97,1.73342
3578,97,1.73343
3579,95,1.73343
3580,97,1.73344
3581,98,1.73333
3582,99,1.73322
3583,100,1.73322
3584,97,1.73322
3585,100,1.73323
3586,99,1.73323
3587,97,1.73325
3588,99,1.73328
3589,98,1.73329
3590,100,1.73329
3591,100,1.73329
3592,100,1.73329
3593,99,1.73329
3594,99,1.73329
3595,97,1.7331
3596,98,1.73287
3597,98,1.73286
3598,96,1.73286
3599,97,1.73286
3600,99,1.73281
3601,100,1.73277
3602,99,1.73276
3603,96,1.73276
3604,98,1.73276
3605,97,1.73276
3606,98,1.73276
3607,96,1.73276
3608,100,1.73276
3609,100,1.73276
3610,100,1.73276
3611,99,1.73276
3612,98,1.73276
3613,99,1.73276
3614,99,1.73276
3615,98,1.73276
3616,99,1.73279
3617,98,1.73283
3618,99,1.73275
3619,98,1.73275
3620,99,1.73273
3621,98,1.73273
3622,94,1.73277
3623,97,1.73278
3624,96,1.73278
3625,99,1.73278
3626,95,1.73278
3627,95,1.73285
3628,97,1.73295
3629,97,1.73296
3630,95,1.73297
3631,97,1.73296
3632,98,1.73296
3633,99,1.73296
3634,100,1.73296
3635,97,1.73296
3636,100,1.73296
3637,99,1.73296
3638,97,1.73299
3639,99,1.73304
3640,98,1.73305
3641,100,1.73305
3642,100,1.73305
3643,100,1.73305
3644,99,1.73305
3645,99,1.73305
3646,97,1.73294
3647,98,1.73293
3648,98,1.73294
3649,96,1.73294
3650,97,1.73293
3651,99,1.73288
3652,100,1.73285
3653,99,1.73284
3654,96,1.73284
3655,98,1.73284
3656,97,1.73284
3657,98,1.73284
3658,96,1.73284
3659,100,1.73284
3660,100,1.73284
3661,100,1.73284
3662,99,1.73284
3663,98,1.73284
3664,99,1.73284
3665,99,1.73284
3666,98,1.73284
3667,99,1.73287
3668,98,1.7329
3669,99,1.7329
3670,98,1.7329
3671,99,1.73289
3672,98,1.73289
3673,94,1.73296
3674,97,1.73296
3675,96,1.73296
3676,99,1.73296
3677,95,1.73296
3678,95,1.73303
3679,97,1.73314
3680,97,1.73315
3681,95,1.73315
3682,97,1.73315
3683,98,1.73316
3684,99,1.73316
3685,100,1.73316
3686,97,1.73316
3687,100,1.73316
3688,99,1.73316
3689,97,1.7332
3690,99,1.73325
3691,98,1.73326
3692,100,1.73326
3693,100,1.73326
3694,100,1.73326
3695,99,1.73326
3696,99,1.73326
3697,97,1.73325
3698,98,1.73323
3699,98,1.73323
3700,96,1.73324
3701,97,1.73324
3702,99,1.73323
3703,100,1.73322
3704,99,1.73323
3705,96,1.73322
3706,98,1.73322
3707,97,1.73322
3708,98,1.73322
3709,96,1.73322
3710,100,1.73322
3711,100,1.73322
3712,100,1.73322
3713,99,1.73322
3714,98,1.73322
3715,99,1.73322
3716,99,1.73321
3717,98,1.73321
3718,99,1.73324
3719,98,1.73328
3720,99,1.73325
3721,98,1.73324
3722,99,1.73322
3723,98,1.73322
3724,94,1.73329
3725,97,1.73329
3726,96,1.73329
3727,99,1.73329
3728,95,1.73329
3729,95,1.73337
3730,97,1.73347
3731,97,1.73348
3732,95,1.73348
3733,97,1.73348
3734,98,1.73349
3735,99,1.73349
3736,100,1.73349
3737,97,1.73349
3738,100,1.73349
3739,99,1.73349
3740,96,1.73355
3741,98,1.73364
3742,97,1.73375
3743,99,1.7339
3744,99,1.73403
3745,99,1.73413
3746,98,1.73419
3747,98,1.73421
3748,96,1.73409
3749,97,1.73403
3750,97,1.734
3751,95,1.73397
3752,96,1.73394
3753,98,1.7339
3754,99,1.73388
3755,98,1.73387
3756,96,1.73385
3757,98,1.73384
3758,97,1.73384
3759,98,1.73384
3760,96,1.73384
3761,100,1.73384
3762,100,1.73384
3763,100,1.73384
3764,99,1.73384
3765,98,1.73384
3766,99,1.73384
3767,99,1.73384
3768,98,1.73384
3769,99,1.73387
3770,98,1.73391
3771,99,1.73391
3772,98,1.73391
3773,99,1.73389
3774,98,1.73389
3775,94,1.73394
3776,97,1.73394
3777,96,1.73394
3778,99,1.73394
3779,95,1.73394
3780,95,1.73402
3781,97,1.73413
3782,97,1.73414
3783,95,1.73414
3784,97,1.73414
3785,98,1.73414
3786,99,1.73414
3787,100,1.73414
3788,97,1.73414
3789,100,1.73414
3790,100,1.73414
3791,97,1.73414
3792,99,1.73414
3793,98,1.73414
3794,100,1.73414
3795,100,1.73414
3796,100,1.73414
3797,99,1.73414
3798,99,1.73414
3799,97,1.73412
3800,98,1.7341
3801,98,1.73409
3802,96,1.7341
3803,97,1.7341
3804,99,1.73408
3805,100,1.73408
3806,98,1.73408
3807,96,1.73407
3808,98,1.73407
3809,97,1.73407
3810,98,1.73406
3811,96,1.73406
3812,100,1.73406
3813,100,1.73406
3814,100,1.73406
3815,99,1.73406
3816,98,1.73406
3817,99,1.73406
3818,99,1.73405
3819,98,1.73405
3820,99,1.73408
3821,98,1.73411
3822,99,1.73411
3823,98,1.73411
3824,99,1.73408
3825,98,1.73407
3826,94,1.73415
3827,97,1.73415
3828,96,1.73415
3829,99,1.73414
3830,95,1.73414
3831,95,1.73422
3832,97,1.73432
3833,97,1.73433
3834,95,1.73434
3835,97,1.73434
3836,98,1.73435
3837,99,1.73435
3838,100,1.73435
3839,97,1.73435
3840,100,1.73436
3841,100,1.73436
3842,97,1.73436
3843,99,1.73436
3844,98,1.73436
3845,100,1.73436
3846,100,1.73436
3847,100,1.73436
3848,99,1.73436
3849,99,1.73436
3850,97,1.73428
3851,98,1.73427
3852,98,1.73427
3853,96,1.73427
3854,97,1.73425
3855,99,1.73424
3856,100,1.73424
3857,98,1.73424
3858,96,1.73424
3859,98,1.73424
3860,97,1.73424
3861,98,1.73424
3862,96,1.73424
3863,100,1.73424
3864,100,1.73424
3865,100,1.73424
3866,99,1.73424
3867,98,1.73424
3868,99,1.73424
3869,99,1.73422
3870,98,1.73423
3871,99,1.73426
3872,98,1.73429
3873,99,1.73428
3874,98,1.73428
3875,99,1.73427
3876,98,1.73427
3877,94,1.73434
3878,97,1.73434
3879,96,1.73436
3880,99,1.7344
3881,95,1.7344
3882,95,1.73448
3883,97,1.73456
3884,97,1.73455
3885,95,1.73455
3886,97,1.73455
3887,98,1.73456
3888,99,1.73456
3889,100,1.73456
3890,97,1.73456
3891,100,1.73456
3892,100,1.73456
3893,97,1.73456
3894,99,1.73456
3895,98,1.73456
3896,100,1.73456
3897,100,1.73456
3898,100,1.73456
3899,99,1.73456
3900,99,1.73456
3901,97,1.73456
3902,98,1.73456
3903,98,1.73457
3904,96,1.73457
3905,97,1.73457
3906,99,1.73455
3907,100,1.73455
3908,98,1.73455
3909,96,1.73455
3910,98,1.73458
3911,97,1.73458
3912,98,1.73458
3913,96,1.73458
3914,100,1.73458
3915,100,1.73458
3916,100,1.73458
3917,99,1.73458
3918,98,1.73458
3919,99,1.73458
3920,99,1.73458
3921,98,1.73458
3922,99,1.73461
3923,98,1.73465
3924,99,1.73457
3925,98,1.73457
3926,99,1.73455
3927,98,1.73455
3928,94,1.73463
3929,97,1.73463
3930,96,1.73471
3931,99,1.73478
3932,95,1.73478
3933,95,1.73486
3934,97,1.73491
3935,97,1.7349
3936,95,1.7349
3937,97,1.7349
3938,98,1.7349
3939,99,1.7349
3940,100,1.7349
3941,97,1.7349
3942,100,1.7349
3943,100,1.7349
3944,97,1.7349
3945,99,1.7349
3946,98,1.7349
3947,100,1.7349
3948,100,1.7349
3949,100,1.7349
3950,99,1.7349
3951,99,1.7349
3952,97,1.73482
3953,98,1.73474
3954,98,1.73473
3955,96,1.73473
3956,97,1.73473
3957,99,1.73471
3958,100,1.73471
3959,98,1.73471
3960,96,1.73473
3961,98,1.73476
3962,97,1.73476
3963,98,1.73476
3964,96,1.73476
3965,100,1.73476
3966,100,1.73476
3967,100,1.73476
3968,99,1.73476
3969,98,1.73476
3970,99,1.73476
3971,99,1.73475
3972,98,1.73475
3973,99,1.73478
3974,98,1.73482
3975,99,1.73482
3976,98,1.73481
3977,99,1.73478
3978,98,1.73478
3979,94,1.73482
3980,97,1.73482
3981,96,1.73492
3982,99,1.735
3983,95,1.735
3984,95,1.73507
3985,97,1.73511
3986,97,1.73507
3987,95,1.73507
3988,97,1.73507
3989,98,1.73508
3990,99,1.73508
3991,100,1.73508
3992,97,1.73508
3993,100,1.73508
3994,100,1.73508
3995,97,1.73508
3996,99,1.73508
3997,98,1.73508
3998,100,1.73508
3999,100,1.73508
4000,100,1.73508
4001,99,1.73508
4002,99,1.73508
4003,97,1.73508
4004,98,1.73508
4005,98,1.73508
4006,96,1.73508
4007,97,1.73507
4008,99,1.73505
4009,100,1.73505
4010,98,1.73505
4011,96,1.73508
4012,98,1.73509
4013,97,1.73509
4014,98,1.73509
4015,96,1.73509
4016,100,1.73509
4017,100,1.73509
4018,100,1.73509
4019,99,1.73509
4020,98,1.73509
4021,99,1.73508
4022,99,1.73507
4023,98,1.73507
4024,99,1.7351
4025,98,1.73514
4026,99,1.73506
4027,98,1.73506
4028,99,1.73505
4029,98,1.73505
4030,94,1.73512
4031,97,1.73512
4032,96,1.73523
4033,99,1.73532
4034,95,1.73532
4035,94,1.7354
4036,95,1.73542
4037,95,1.73541
4038,93,1.73546
4039,95,1.73548
4040,96,1.73551
4041,97,1.73559
4042,98,1.73577
4043,95,1.736
4044,98,1.73627
4045,98,1.73654
4046,95,1.73682
4047,98,1.73709
4048,97,1.73738
4049,99,1.7375
4050,99,1.73757
4051,99,1.73763
4052,98,1.73771
4053,98,1.7378
4054,96,1.73791
4055,97,1.73802
4056,97,1.73813
4057,95,1.73827
4058,96,1.73841
4059,98,1.73855
4060,99,1.7387
4061,97,1.73886
4062,94,1.73903
4063,96,1.73921
4064,95,1.7394
4065,96,1.7396
4066,94,1.73979
4067,99,1.74003
4068,99,1.74031
4069,99,1.74051
4070,98,1.7407
4071,97,1.7409
4072,98,1.74109
4073,98,1.74129
4074,97,1.74149
4075,98,1.74173
4076,97,1.74197
4077,98,1.74218
4078,97,1.74239
4079,98,1.74259
4080,97,1.74281
4081,93,1.74312
4082,96,1.74335
4083,95,1.74369
4084,98,1.74401
4085,95,1.74425
4086,95,1.74468
4087,96,1.74515
4088,96,1.74543
4089,94,1.74572
4090,96,1.74601
4091,97,1.74627
4092,98,1.74653
4093,99,1.74679
4094,96,1.74705
4095,99,1.74732
4096,99,1.74759
4097,95,1.74786
4098,98,1.74831
4099,97,1.74881
4100,99,1.74912
4101,99,1.7494
4102,99,1.74967
4103,98,1.74995
4104,98,1.75023
4105,96,1.75052
4106,97,1.7508
4107,97,1.75109
4108,95,1.75138
4109,96,1.75166
4110,98,1.75194
4111,99,1.75223
4112,98,1.75253
4113,95,1.75283
4114,97,1.75313
4115,96,1.75343
4116,97,1.75373
4117,94,1.75404
4118,98,1.75451
4119,98,1.75497
4120,98,1.75546
4121,97,1.75603
4122,96,1.75648
4123,97,1.75692
4124,97,1.75734
4125,96,1.75774
4126,97,1.75812
4127,96,1.75852
4128,97,1.75879
4129,96,1.75916
4130,97,1.75952
4131,96,1.7599
4132,92,1.76037
4133,95,1.76077
4134,94,1.76127
4135,97,1.76178
4136,94,1.76219
4137,93,1.7628
4138,94,1.76339
4139,94,1.76396
4140,92,1.76453
4141,94,1.76503
4142,95,1.7654
4143,96,1.76572
4144,97,1.76592
4145,94,1.76609
4146,97,1.76629
4147,97,1.76648
4148,93,1.76668
4149,96,1.76706
4150,95,1.7675
4151,97,1.76771
4152,97,1.76794
4153,97,1.76817
4154,96,1.76841
4155,96,1.76866
4156,95,1.76892
4157,96,1.76918
4158,97,1.76951
4159,95,1.76984
4160,96,1.77008
4161,98,1.77028
4162,99,1.7705
4163,98,1.77072
4164,95,1.77095
4165,97,1.77118
4166,96,1.7714
4167,97,1.77144
4168,95,1.77144
4169,99,1.77144
4170,99,1.77144
4171,99,1.77173
4172,98,1.77179
4173,97,1.77198
4174,98,1.77218
4175,98,1.77234
4176,97,1.77245
4177,98,1.77254
4178,97,1.77257
4179,98,1.77243
4180,97,1.77234
4181,98,1.7722
4182,97,1.77212
4183,93,1.77212
4184,95,1.77214
4185,94,1.77214
4186,97,1.7722
4187,95,1.77222
4188,94,1.77222
4189,95,1.77221
4190,95,1.7722
4191,92,1.77225
4192,94,1.7723
4193,95,1.77238
4194,96,1.77245
4195,97,1.77254
4196,94,1.77263
4197,97,1.77275
4198,97,1.77289
4199,93,1.77302
4200,96,1.77317
4201,95,1.77332
4202,97,1.7735
4203,97,1.77368
4204,97,1.77388
4205,96,1.77408
4206,96,1.7743
4207,95,1.77442
4208,95,1.77457
4209,96,1.77493
4210,94,1.77532
4211,95,1.7756
4212,97,1.77587
4213,98,1.77616
4214,97,1.77646
4215,94,1.77677
4216,96,1.77708
4217,95,1.77741
4218,96,1.77774
4219,94,1.77807
4220,98,1.77842
4221,98,1.77877
4222,98,1.77912
4223,97,1.77949
4224,96,1.77986
4225,97,1.78023
4226,97,1.7806
4227,96,1.78099
4228,97,1.78142
4229,96,1.78185
4230,97,1.78213
4231,96,1.78251
4232,97,1.78292
4233,96,1.78334
4234,93,1.78386
4235,95,1.78431
4236,93,1.78479
4237,97,1.78527
4238,95,1.78577
4239,94,1.78624
4240,95,1.7867
4241,96,1.78717
4242,93,1.78764
4243,95,1.78812
4244,95,1.78861
4245,96,1.7891
4246,97,1.7896
4247,94,1.7901
4248,97,1.79062
4249,97,1.79116
4250,93,1.79169
4251,96,1.7922
4252,95,1.79274
4253,97,1.7933
4254,97,1.79387
4255,97,1.79445
4256,95,1.79504
4257,95,1.79564
4258,94,1.79619
4259,94,1.7968
4260,95,1.79752
4261,93,1.79827
4262,94,1.79894
4263,96,1.79956
4264,97,1.80021
4265,96,1.80086
4266,93,1.80152
4267,95,1.8022
4268,94,1.80288
4269,95,1.80356
4270,93,1.80425
4271,98,1.80495
4272,98,1.80565
4273,98,1.80629
4274,97,1.8064
4275,96,1.8064
4276,97,1.8064
4277,97,1.80638
4278,96,1.80658
4279,97,1.80675
4280,96,1.80683
4281,97,1.80678
4282,96,1.80663
4283,97,1.80639
4284,96,1.80597
4285,93,1.80563
4286,96,1.80523
4287,93,1.80481
4288,97,1.80445
4289,95,1.80411
4290,94,1.80372
4291,95,1.80331
4292,96,1.8029
4293,93,1.8025
4294,96,1.80211
4295,98,1.80173
4296,99,1.80134
4297,100,1.80128
4298,97,1.80128
4299,100,1.80131
4300,100,1.80134
4301,96,1.80134
4302,99,1.80134
4303,98,1.80134
4304,100,1.80134
4305,100,1.80134
4306,100,1.80134
4307,98,1.80134
4308,98,1.80134
4309,97,1.80133
4310,97,1.80133
4311,98,1.80145
4312,96,1.80146
4313,97,1.80146
4314,99,1.80145
4315,100,1.80144
4316,99,1.80144
4317,96,1.80144
4318,98,1.80144
4319,97,1.80144
4320,98,1.80144
4321,95,1.80144
4322,100,1.80151
4323,100,1.8016
4324,100,1.80162
4325,99,1.80162
4326,98,1.80162
4327,99,1.80162
4328,99,1.80162
4329,98,1.80162
4330,99,1.80165
4331,98,1.80169
4332,99,1.80168
4333,98,1.80168
4334,99,1.80165
4335,98,1.80165
4336,95,1.80177
4337,98,1.80182
4338,95,1.80183
4339,99,1.80193
4340,97,1.80212
4341,96,1.80215
4342,97,1.80215
4343,98,1.80215
4344,95,1.80215
4345,96,1.80216
4346,98,1.80185
4347,99,1.80148
4348,100,1.80142
4349,97,1.80142
4350,100,1.80144
4351,100,1.80147
4352,96,1.80148
4353,99,1.80148
4354,98,1.80148
4355,100,1.80148
4356,100,1.80148
4357,100,1.80148
4358,98,1.80148
4359,98,1.80145
4360,97,1.80129
4361,97,1.80126
4362,98,1.80126
4363,96,1.80126
4364,97,1.80125
4365,99,1.80123
4366,100,1.80123
4367,99,1.80123
4368,96,1.80123
4369,98,1.80123
4370,97,1.80123
4371,98,1.80123
4372,95,1.80123
4373,100,1.8013
4374,100,1.80135
4375,100,1.80135
4376,99,1.80135
4377,98,1.80135
4378,99,1.80135
4379,99,1.80135
4380,98,1.80135
4381,99,1.80138
4382,98,1.80141
4383,99,1.80141
4384,98,1.80141
4385,99,1.8014
4386,98,1.8014
4387,95,1.80151
4388,98,1.80159
4389,95,1.8016
4390,99,1.80172
4391,97,1.8019
4392,96,1.80193
4393,97,1.80194
4394,98,1.80194
4395,95,1.80194
4396,96,1.80194
4397,98,1.80164
4398,99,1.80131
4399,100,1.80128
4400,97,1.80128
4401,100,1.80131
4402,100,1.80136
4403,96,1.80137
4404,99,1.80135
4405,98,1.80135
4406,100,1.80135
4407,100,1.80135
4408,100,1.80135
4409,98,1.80135
4410,98,1.80123
4411,97,1.80107
4412,97,1.80105
4413,98,1.80105
4414,96,1.80105
4415,97,1.80105
4416,99,1.80103
4417,100,1.80103
4418,99,1.80103
4419,96,1.80103
4420,98,1.80103
4421,97,1.80103
4422,98,1.80103
4423,95,1.80103
4424,100,1.80103
4425,100,1.80103
4426,100,1.80103
4427,99,1.80103
4428,98,1.80103
4429,99,1.80103
4430,99,1.80102
4431,98,1.80102
4432,99,1.80105
4433,98,1.80108
4434,99,1.80108
4435,98,1.80108
4436,99,1.80108
4437,98,1.80108
4438,95,1.80122
4439,98,1.80133
4440,95,1.80134
4441,98,1.80147
4442,96,1.80161
4443,95,1.80173
4444,96,1.80183
4445,97,1.80189
4446,94,1.80194
4447,95,1.80197
4448,97,1.80196
4449,98,1.80187
4450,99,1.80189
4451,96,1.80193
4452,98,1.80205
4453,98,1.80215
4454,94,1.80229
4455,97,1.80251
4456,97,1.80278
4457,99,1.80307
4458,99,1.80317
4459,99,1.80324
4460,97,1.80331
4461,97,1.80327
4462,96,1.8032
4463,96,1.80327
4464,97,1.80336
4465,95,1.80345
4466,96,1.80342
4467,98,1.80347
4468,99,1.80358
4469,98,1.80369
4470,95,1.8038
4471,97,1.80392
4472,96,1.80404
4473,97,1.80417
4474,94,1.8043
4475,99,1.80443
4476,99,1.80457
4477,99,1.80471
4478,98,1.80485
4479,97,1.805
4480,98,1.80515
4481,98,1.8053
4482,97,1.80546
4483,98,1.80566
4484,97,1.80586
4485,98,1.80602
4486,97,1.80619
4487,98,1.80634
4488,97,1.80652
4489,94,1.80688
4490,96,1.80721
4491,94,1.80756
4492,97,1.80795
4493,95,1.80828
4494,94,1.80858
4495,95,1.80888
4496,96,1.80921
4497,93,1.80947
4498,94,1.80978
4499,96,1.81004
4500,97,1.8102
4501,98,1.8105
4502,96,1.8108
4503,98,1.81111
4504,98,1.81145
4505,94,1.81177
4506,96,1.81198
4507,96,1.81257
4508,98,1.81325
4509,98,1.81372
4510,98,1.81415
4511,96,1.81459
4512,96,1.81491
4513,95,1.81531
4514,95,1.81577
4515,96,1.81623
4516,94,1.81669
4517,95,1.81716
4518,97,1.81762
4519,98,1.81811
4520,97,1.8186
4521,94,1.81909
4522,96,1.81959
4523,95,1.82009
4524,96,1.8206
4525,93,1.82112
4526,98,1.82165
4527,98,1.82218
4528,98,1.82271
4529,97,1.82325
4530,96,1.82379
4531,97,1.82434
4532,97,1.82487
4533,96,1.82543
4534,97,1.82577
4535,96,1.82606
4536,97,1.82632
4537,95,1.82654
4538,96,1.82685
4539,95,1.82707
4540,94,1.82753
4541,95,1.82784
4542,93,1.82798
4543,96,1.82805
4544,94,1.82811
4545,93,1.82816
4546,94,1.82815
4547,95,1.82816
4548,92,1.82821
4549,93,1.82828
4550,94,1.82836
4551,95,1.82845
4552,96,1.82849
4553,94,1.82852
4554,96,1.82849
4555,96,1.82841
4556,92,1.82829
4557,95,1.82813
4558,95,1.82794
4559,97,1.82785
4560,97,1.82766
4561,98,1.82745
4562,96,1.82726
4563,96,1.82717
4564,95,1.82711
4565,95,1.82706
4566,96,1.82702
4567,94,1.82697
4568,95,1.82677
4569,97,1.82655
4570,98,1.8265
4571,97,1.82648
4572,94,1.82646
4573,96,1.82645
4574,95,1.82644
4575,97,1.82644
4576,94,1.82645
4577,99,1.82624
4578,99,1.82601
4579,99,1.82578
4580,98,1.82556
4581,97,1.82533
4582,98,1.82511
4583,98,1.82488
4584,97,1.82466
4585,98,1.82448
4586,97,1.8243
4587,99,1.82409
4588,97,1.82388
4589,98,1.8236
4590,96,1.8233
4591,96,1.82319
4592,97,1.82296
4593,95,1.82275
4594,98,1.82256
4595,96,1.82237
4596,95,1.82219
4597,96,1.82201
4598,97,1.82183
4599,94,1.82166
4600,96,1.82148
4601,97,1.8214
4602,98,1.82126
4603,99,1.8211
4604,97,1.82094
4605,99,1.82079
4606,99,1.82064
4607,94,1.8205
4608,96,1.82007
4609,96,1.81959
4610,98,1.81926
4611,97,1.81896
4612,98,1.81856
4613,96,1.81815
4614,96,1.81784
4615,95,1.81757
4616,95,1.81734
4617,96,1.81709
4618,94,1.81682
4619,95,1.81637
4620,97,1.81582
4621,98,1.81544
4622,97,1.81509
4623,94,1.81474
4624,96,1.8144
4625,94,1.81406
4626,96,1.81394
4627,93,1.81386
4628,98,1.81358
4629,98,1.81327
4630,98,1.81297
4631,97,1.81268
4632,96,1.8124
4633,97,1.81212
4634,97,1.81185
4635,96,1.81159
4636,97,1.81139
4637,96,1.81118
4638,98,1.81094
4639,96,1.81071
4640,97,1.8104
4641,95,1.81009
4642,95,1.81
4643,96,1.80997
4644,94,1.80979
4645,97,1.8096
4646,95,1.80943
4647,94,1.80928
4648,95,1.80914
4649,96,1.809
4650,93,1.80888
4651,95,1.80874
4652,96,1.8087
4653,97,1.80868
4654,99,1.80857
4655,97,1.80844
4656,99,1.80827
4657,99,1.80809
4658,95,1.80791
4659,97,1.8076
4660,97,1.80727
4661,99,1.80709
4662,98,1.80692
4663,99,1.80666
4664,97,1.80648
4665,97,1.80632
4666,96,1.80617
4667,96,1.80603
4668,97,1.80589
4669,95,1.80575
4670,96,1.80546
4671,98,1.80513
4672,99,1.80499
4673,98,1.80487
4674,95,1.80475
4675,97,1.80464
4676,95,1.80453
4677,97,1.80463
4678,94,1.80477
4679,99,1.80465
4680,99,1.80455
4681,99,1.80447
4682,98,1.80438
4683,97,1.80431
4684,98,1.80423
4685,98,1.80416
4686,97,1.8042
4687,98,1.80431
4688,97,1.80426
4689,99,1.80425
4690,97,1.80421
4691,98,1.80409
4692,96,1.80398
4693,96,1.80415
4694,97,1.80436
4695,95,1.80435
4696,98,1.80431
4697,96,1.80426
4698,95,1.80419
4699,96,1.80413
4700,97,1.80407
4701,94,1.80401
4702,96,1.80395
4703,97,1.80396
4704,97,1.80403
4705,99,1.80407
4706,97,1.80411
4707,99,1.80407
4708,99,1.80403
4709,95,1.80399
4710,97,1.80381
4711,97,1.80361
4712,99,1.80356
4713,98,1.80353
4714,99,1.80351
4715,98,1.80349
4716,98,1.80348
4717,97,1.80348
4718,97,1.80348
4719,98,1.80348
4720,96,1.80347
4721,97,1.80332
4722,99,1.80312
4723,100,1.80309
4724,99,1.80309
4725,96,1.80309
4726,98,1.80309
4727,96,1.80309
4728,98,1.80311
4729,95,1.80311
4730,100,1.80311
4731,100,1.80311
4732,100,1.80311
4733,99,1.80311
4734,98,1.80311
4735,99,1.80311
4736,99,1.80309
4737,98,1.80309
4738,99,1.80315
4739,98,1.80315
4740,100,1.80313
4741,98,1.80313
4742,98,1.80304
4743,97,1.80284
4744,97,1.80283
4745,98,1.80307
4746,96,1.8031
4747,99,1.8031
4748,97,1.8031
4749,96,1.8031
4750,97,1.8031
4751,98,1.8031
4752,95,1.8031
4753,97,1.8031
4754,98,1.8032
4755,98,1.80332
4756,100,1.80341
4757,98,1.80349
4758,100,1.80349
4759,100,1.80349
4760,96,1.80349
4761,98,1.80335
4762,98,1.8032
4763,100,1.80317
4764,99,1.80317
4765,99,1.80317
4766,98,1.80316
4767,98,1.80316
4768,97,1.80316
4769,97,1.80316
4770,98,1.80316
4771,96,1.80316
4772,96,1.80301
4773,98,1.80286
4774,100,1.80271
4775,99,1.80254
4776,96,1.80252
4777,98,1.80252
4778,96,1.80252
4779,98,1.80255
4780,95,1.80254
4781,100,1.80249
4782,100,1.80249
4783,100,1.80249
4784,99,1.80249
4785,98,1.80248
4786,99,1.80248
4787,99,1.80238
4788,98,1.80226
4789,99,1.80227
4790,98,1.80225
4791,100,1.80223
4792,99,1.80223
4793,98,1.80218
4794,97,1.80217
4795,97,1.8023
4796,98,1.80249
4797,96,1.80251
4798,99,1.80251
4799,97,1.80251
4800,96,1.80251
4801,97,1.80251
4802,98,1.80251
4803,95,1.80251
4804,97,1.80251
4805,98,1.80262
4806,98,1.80277
4807,100,1.80279
4808,98,1.8028
4809,100,1.8028
4810,100,1.8028
4811,96,1.8028
4812,97,1.80267
4813,97,1.80252
4814,99,1.80237
4815,99,1.80223
4816,99,1.80218
4817,98,1.80218
4818,98,1.80219
4819,97,1.80219
4820,97,1.80219
4821,98,1.80219
4822,97,1.80219
4823,97,1.80219
4824,98,1.80217
4825,100,1.80217
4826,99,1.80217
4827,96,1.80217
4828,98,1.80217
4829,96,1.80217
4830,98,1.80221
4831,95,1.80224
4832,100,1.80222
4833,100,1.80221
4834,100,1.80221
4835,99,1.80221
4836,98,1.80221
4837,99,1.80221
4838,99,1.80221
4839,98,1.80221
4840,99,1.80227
4841,98,1.80233
4842,100,1.80233
4843,99,1.80233
4844,98,1.80233
4845,97,1.80233
4846,97,1.80254
4847,98,1.8028
4848,96,1.80284
4849,99,1.80284
4850,97,1.80284
4851,96,1.80284
4852,97,1.80284
4853,98,1.80284
4854,95,1.80284
4855,97,1.80284
4856,98,1.80296
4857,98,1.80311
4858,100,1.80313
4859,98,1.80314
4860,100,1.80314
4861,100,1.80314
4862,97,1.80314
4863,98,1.80315
4864,98,1.80315
4865,99,1.80315
4866,99,1.80316
4867,99,1.80318
4868,98,1.80318
4869,98,1.8032
4870,97,1.8032
4871,97,1.8032
4872,98,1.8032
4873,97,1.8032
4874,97,1.8032
4875,98,1.80318
4876,100,1.80318
4877,99,1.80318
4878,96,1.80318
4879,98,1.80318
4880,96,1.80318
4881,98,1.80323
4882,95,1.80331
4883,100,1.80332
4884,100,1.80332
4885,100,1.80332
4886,99,1.80332
4887,98,1.80332
4888,99,1.80332
4889,99,1.80332
4890,98,1.80332
4891,99,1.80335
4892,98,1.80339
4893,100,1.80339
4894,99,1.80339
4895,98,1.80338
4896,97,1.80337
4897,96,1.80361
4898,97,1.80389
4899,95,1.80419
4900,98,1.80443
4901,96,1.80467
4902,95,1.80492
4903,96,1.80513
4904,97,1.80532
4905,94,1.80553
4906,96,1.80574
4907,97,1.80607
4908,97,1.80644
4909,99,1.80669
4910,97,1.80691
4911,99,1.80714
4912,99,1.80736
4913,96,1.80759
4914,97,1.80782
4915,97,1.80805
4916,98,1.80829
4917,98,1.80853
4918,98,1.80878
4919,96,1.80903
4920,96,1.80928
4921,95,1.80954
4922,95,1.80981
4923,97,1.8101
4924,96,1.81038
4925,96,1.81045
4926,97,1.81047
4927,99,1.8105
4928,98,1.81054
4929,95,1.81058
4930,97,1.81061
4931,95,1.81063
4932,97,1.81073
4933,94,1.81085
4934,99,1.81088
4935,99,1.8109
4936,99,1.81092
4937,98,1.81095
4938,97,1.81097
4939,98,1.81101
4940,98,1.81104
4941,97,1.81108
4942,98,1.81115
4943,97,1.81123
4944,99,1.81127
4945,98,1.81132
4946,97,1.81137
4947,97,1.81142
4948,96,1.81148
4949,98,1.81154
4950,96,1.8116
4951,99,1.81161
4952,97,1.81161
4953,96,1.81161
4954,97,1.81161
4955,98,1.81161
4956,95,1.81161
4957,97,1.81161
4958,98,1.81168
4959,98,1.81167
4960,100,1.81167
4961,98,1.81168
4962,100,1.81168
4963,100,1.81168
4964,97,1.81168
4965,98,1.81168
4966,98,1.81168
4967,99,1.81168
4968,99,1.81168
4969,100,1.81167
4970,98,1.81166
4971,98,1.81166
4972,97,1.81166
4973,96,1.81166
4974,98,1.81188
4975,97,1.81213
4976,97,1.81218
4977,98,1.81216
4978,100,1.81216
4979,99,1.81216
4980,96,1.81216
4981,98,1.81216
4982,96,1.81216
4983,98,1.81226
4984,95,1.81241
4985,100,1.81243
4986,100,1.81243
4987,100,1.81243
4988,99,1.81243
4989,98,1.81243
4990,99,1.81243
4991,99,1.81243
4992,98,1.81243
4993,99,1.81246
4994,98,1.8125
4995,100,1.8125
4996,99,1.8125
4997,98,1.8125
4998,98,1.81248
4999,96,1.81248
5000,98,1.81253
5001,96,1.8126
5002,99,1.81261
5003,97,1.81261
5004,96,1.81261
5005,97,1.81261
5006,98,1.81261
5007,95,1.81261
5008,97,1.81261
5009,98,1.81266
5010,98,1.81265
5011,100,1.81266
5012,98,1.81267
5013,100,1.81267
5014,100,1.81267
5015,97,1.81267
5016,98,1.81268
5017,98,1.81268
5018,99,1.81268
5019,99,1.81266
5020,100,1.81261
5021,98,1.8126
5022,98,1.8126
5023,97,1.8126
5024,96,1.8126
5025,98,1.81282
5026,97,1.81301
5027,97,1.81302
5028,98,1.813
5029,100,1.813
5030,99,1.813
5031,96,1.813
5032,98,1.813
5033,96,1.813
5034,98,1.81314
5035,95,1.81333
5036,100,1.81335
5037,100,1.81335
5038,100,1.81335
5039,99,1.81335
5040,98,1.81335
5041,99,1.81335
5042,99,1.81335
5043,98,1.81335
5044,99,1.81338
5045,98,1.81342
5046,100,1.81342
5047,99,1.81342
5048,98,1.81342
5049,98,1.81341
5050,96,1.81341
5051,98,1.81346
5052,96,1.81352
5053,99,1.81352
5054,97,1.81352
5055,96,1.81352
5056,97,1.81352
5057,98,1.81352
5058,95,1.81352
5059,97,1.81352
5060,98,1.81357
5061,98,1.81355
5062,100,1.81356
5063,98,1.81358
5064,100,1.81358
5065,100,1.81358
5066,97,1.81358
5067,98,1.81358
5068,98,1.81358
5069,99,1.81358
5070,99,1.81352
5071,100,1.81343
5072,98,1.81341
5073,98,1.81341
5074,97,1.81341
5075,96,1.81341
5076,98,1.81344
5077,97,1.81349
5078,97,1.8135
5079,98,1.81348
5080,100,1.81348
5081,99,1.81348
5082,96,1.81348
5083,98,1.81348
5084,96,1.81348
5085,98,1.81348
5086,95,1.81348
5087,100,1.81348
5088,100,1.81348
5089,100,1.81348
5090,99,1.81348
5091,98,1.81348
5092,99,1.81348
5093,99,1.81348
5094,98,1.81348
5095,99,1.81351
5096,98,1.81355
5097,100,1.81355
5098,99,1.81355
5099,98,1.81355
5100,98,1.81355
5101,96,1.81355
5102,98,1.81354
5103,96,1.81355
5104,99,1.81355
5105,97,1.81355
5106,96,1.81355
5107,97,1.81355
5108,98,1.81355
5109,95,1.81355
5110,97,1.81355
5111,98,1.8136
5112,98,1.81358
5113,100,1.8136
5114,98,1.81362
5115,100,1.81362
5116,100,1.81362
5117,97,1.81362
5118,98,1.81363
5119,98,1.81363
5120,99,1.81363
5121,99,1.81354
5122,100,1.81343
5123,98,1.81342
5124,98,1.81342
5125,97,1.81342
5126,96,1.81342
5127,98,1.81346
5128,97,1.81353
5129,97,1.81353
5130,98,1.81352
5131,100,1.81352
5132,99,1.81352
5133,96,1.81352
5134,98,1.81352
5135,96,1.81352
5136,98,1.81352
5137,95,1.81352
5138,100,1.81352
5139,100,1.81352
5140,100,1.81352
5141,99,1.81352
5142,98,1.81352
5143,99,1.81352
5144,99,1.81352
5145,98,1.81352
5146,99,1.81355
5147,98,1.81359
5148,100,1.81358
5149,99,1.81358
5150,98,1.81358
5151,98,1.81357
5152,96,1.81357
5153,98,1.81357
5154,96,1.81358
5155,99,1.81359
5156,97,1.81359
5157,96,1.81359
5158,97,1.81359
5159,98,1.81358
5160,95,1.81358
5161,97,1.81358
5162,98,1.81362
5163,98,1.81361
5164,100,1.81363
5165,98,1.81366
5166,100,1.81366
5167,100,1.81366
5168,97,1.81366
5169,98,1.81366
5170,98,1.81365
5171,99,1.81366
5172,99,1.81357
5173,100,1.8135
5174,98,1.81349
5175,98,1.81349
5176,97,1.81349
5177,96,1.81349
5178,98,1.81354
5179,97,1.81363
5180,97,1.81365
5181,98,1.81364
5182,100,1.81365
5183,99,1.81365
5184,96,1.81365
5185,98,1.81364
5186,96,1.81364
5187,98,1.81365
5188,95,1.81365
5189,100,1.81365
5190,100,1.81365
5191,100,1.81365
5192,99,1.81365
5193,98,1.81365
5194,99,1.81365
5195,99,1.81364
5196,98,1.81364
5197,99,1.81368
5198,98,1.81372
5199,100,1.81371
5200,99,1.81371
5201,98,1.81371
5202,98,1.81371
5203,96,1.81371
5204,98,1.81372
5205,96,1.81373
5206,99,1.81373
5207,97,1.81373
5208,96,1.81373
5209,97,1.81373
5210,98,1.81373
5211,95,1.81373
5212,97,1.81373
5213,98,1.81379
5214,98,1.81379
5215,100,1.81382
5216,98,1.81386
5217,100,1.81386
5218,100,1.81386
5219,97,1.81386
5220,98,1.81394
5221,98,1.81393
5222,99,1.81393
5223,99,1.81385
5224,100,1.81378
5225,98,1.81377
5226,98,1.81377
5227,97,1.81377
5228,96,1.81377
5229,98,1.81386
5230,97,1.81396
5231,97,1.81397
5232,98,1.81396
5233,100,1.81396
5234,99,1.81396
5235,96,1.81396
5236,98,1.81396
5237,96,1.81396
5238,98,1.81396
5239,95,1.81396
5240,100,1.81396
5241,100,1.81396
5242,100,1.81396
5243,99,1.81396
5244,98,1.81396
5245,99,1.81396
5246,99,1.81396
5247,98,1.81396
5248,99,1.81399
5249,98,1.81403
5250,100,1.81402
5251,99,1.81402
5252,98,1.81402
5253,98,1.81401
5254,96,1.81401
5255,98,1.81402
5256,96,1.81404
5257,99,1.81404
5258,97,1.81404
5259,96,1.81404
5260,97,1.81404
5261,98,1.81404
5262,95,1.81403
5263,97,1.81403
5264,97,1.8141
5265,97,1.81412
5266,99,1.81419
5267,97,1.8143
5268,99,1.81433
5269,99,1.81431
5270,96,1.81426
5271,97,1.81414
5272,97,1.81401
5273,98,1.81389
5274,97,1.81369
5275,98,1.81349
5276,96,1.81332
5277,96,1.81312
5278,95,1.81289
5279,94,1.81265
5280,97,1.81247
5281,96,1.81236
5282,96,1.8122
5283,97,1.81199
5284,99,1.81184
5285,98,1.81173
5286,95,1.81164
5287,98,1.81159
5288,96,1.81158
5289,98,1.81159
5290,95,1.81159
5291,100,1.81159
5292,100,1.81159
5293,100,1.81159
5294,99,1.81159
5295,98,1.81159
5296,99,1.81159
5297,99,1.81158
5298,98,1.81158
5299,99,1.81161
5300,98,1.81165
5301,100,1.81166
5302,99,1.81165
5303,98,1.81165
5304,98,1.81165
5305,96,1.81165
5306,98,1.81167
5307,96,1.81169
5308,99,1.81169
5309,97,1.81169
5310,96,1.81169
5311,97,1.81169
5312,98,1.81169
5313,95,1.81169
5314,98,1.81169
5315,98,1.81166
5316,98,1.81166
5317,99,1.8117
5318,97,1.81175
5319,99,1.81181
5320,99,1.8119
5321,96,1.81199
5322,97,1.81209
5323,97,1.81219
5324,99,1.81231
5325,98,1.81244
5326,99,1.81257
5327,97,1.81271
5328,97,1.81285
5329,96,1.81299
5330,94,1.81314
5331,97,1.81332
5332,96,1.81343
5333,96,1.81358
5334,97,1.81372
5335,99,1.81389
5336,98,1.81405
5337,94,1.81422
5338,97,1.81444
5339,95,1.81467
5340,97,1.81487
5341,94,1.81505
5342,99,1.81523
5343,99,1.81542
5344,99,1.81562
5345,98,1.81581
5346,97,1.81601
5347,98,1.81621
5348,98,1.81641
5349,97,1.81662
5350,98,1.81686
5351,97,1.8171
5352,99,1.81731
5353,98,1.81753
5354,97,1.81775
5355,97,1.81795
5356,95,1.81818
5357,97,1.81842
5358,95,1.81868
5359,98,1.81891
5360,96,1.81914
5361,95,1.81938
5362,96,1.81962
5363,97,1.81986
5364,94,1.8201
5365,97,1.82035
5366,97,1.82059
5367,98,1.82084
5368,99,1.8211
5369,97,1.82135
5370,99,1.82161
5371,99,1.82187
5372,96,1.82213
5373,97,1.82234
5374,97,1.82251
5375,99,1.82268
5376,98,1.82283
5377,99,1.82293
5378,97,1.82302
5379,97,1.82311
5380,96,1.82319
5381,94,1.82328
5382,97,1.82331
5383,96,1.8234
5384,96,1.8235
5385,97,1.82359
5386,99,1.82369
5387,98,1.82377
5388,94,1.82389
5389,97,1.82409
5390,95,1.82434
5391,97,1.82463
5392,94,1.82492
5393,99,1.82521
5394,99,1.82551
5395,99,1.82555
5396,98,1.82555
5397,97,1.82555
5398,98,1.82564
5399,98,1.82569
5400,97,1.82571
5401,98,1.8257
5402,97,1.82566
5403,99,1.82553
5404,99,1.82536
5405,98,1.82517
5406,98,1.82513
5407,96,1.82513
5408,98,1.82515
5409,96,1.82519
5410,99,1.82519
5411,97,1.82519
5412,96,1.82519
5413,97,1.82519
5414,98,1.82519
5415,95,1.82519
5416,98,1.82518
5417,98,1.82518
5418,99,1.82518
5419,100,1.82518
5420,98,1.82518
5421,100,1.82518
5422,100,1.82518
5423,97,1.82518
5424,98,1.82519
5425,98,1.82518
5426,100,1.82518
5427,99,1.82518
5428,100,1.82518
5429,98,1.82518
5430,98,1.82518
5431,97,1.82518
5432,95,1.82518
5433,98,1.82518
5434,97,1.82518
5435,97,1.82518
5436,98,1.82516
5437,100,1.82516
5438,99,1.82516
5439,95,1.82516
5440,98,1.82521
5441,96,1.82528
5442,98,1.8253
5443,95,1.8253
5444,100,1.8253
5445,100,1.8253
5446,100,1.8253
5447,99,1.8253
5448,98,1.8253
5449,99,1.8253
5450,99,1.82529
5451,98,1.82529
5452,99,1.82532
5453,98,1.82536
5454,99,1.82536
5455,99,1.82512
5456,98,1.82483
5457,98,1.82478
5458,96,1.82478
5459,98,1.82481
5460,96,1.82486
5461,99,1.82486
5462,97,1.82486
5463,96,1.82486
5464,97,1.82486
5465,98,1.82486
5466,95,1.82486
5467,98,1.82486
5468,98,1.82486
5469,99,1.82486
5470,100,1.82486
5471,98,1.82486
5472,100,1.82486
5473,100,1.82486
5474,97,1.82486
5475,98,1.82485
5476,98,1.82485
5477,100,1.82485
5478,99,1.82485
5479,100,1.82485
5480,98,1.82485
5481,98,1.82485
5482,97,1.82485
5483,95,1.82485
5484,98,1.82485
5485,97,1.82485
5486,97,1.82485
5487,98,1.82484
5488,100,1.82483
5489,99,1.82483
5490,95,1.82483
5491,98,1.82489
5492,96,1.82496
5493,98,1.82496
5494,95,1.82496
5495,100,1.82496
5496,100,1.82496
5497,100,1.82496
5498,99,1.82496
5499,98,1.82496
5500,99,1.82496
5501,99,1.82496
5502,98,1.82496
5503,99,1.82499
5504,98,1.82503
5505,99,1.82502
5506,99,1.82478
5507,98,1.82462
5508,98,1.82461
5509,96,1.82461
5510,98,1.82465
5511,96,1.82467
5512,99,1.82466
5513,97,1.82466
5514,96,1.82467
5515,97,1.82466
5516,98,1.82466
5517,95,1.82466
5518,98,1.82467
5519,98,1.82467
5520,99,1.82467
5521,100,1.82467
5522,98,1.82467
5523,100,1.82467
5524,100,1.82467
5525,97,1.82467
5526,98,1.82467
5527,98,1.82467
5528,100,1.82467
5529,99,1.82467
5530,100,1.82467
5531,98,1.82467
5532,98,1.82467
5533,97,1.82467
5534,95,1.82467
5535,98,1.82467
5536,97,1.82466
5537,97,1.82466
5538,98,1.82465
5539,100,1.82464
5540,99,1.82464
5541,95,1.82464
5542,98,1.82466
5543,96,1.82468
5544,98,1.82469
5545,95,1.82469
5546,100,1.82469
5547,100,1.82469
5548,100,1.82469
5549,99,1.82469
5550,98,1.82469
5551,99,1.82469
5552,99,1.82468
5553,98,1.82468
5554,99,1.82471
5555,98,1.82475
5556,99,1.82475
5557,99,1.82475
5558,98,1.82475
5559,98,1.82475
5560,96,1.82475
5561,98,1.82474
5562,96,1.82474
5563,99,1.82474
5564,97,1.82474
5565,96,1.82474
5566,97,1.82474
5567,98,1.82474
5568,95,1.82474
5569,98,1.82473
5570,98,1.82473
5571,99,1.82473
5572,100,1.82473
5573,98,1.82473
5574,100,1.82473
5575,100,1.82473
5576,97,1.82473
5577,98,1.82473
5578,98,1.82473
5579,100,1.82473
5580,99,1.82473
5581,100,1.82474
5582,98,1.82474
5583,98,1.82474
5584,97,1.82474
5585,95,1.82474
5586,98,1.82473
5587,97,1.82473
5588,97,1.82473
5589,98,1.82471
5590,100,1.82471
5591,99,1.82471
5592,95,1.82471
5593,98,1.82473
5594,96,1.82476
5595,98,1.82476
5596,95,1.82476
5597,100,1.82474
5598,100,1.82474
5599,100,1.82474
5600,99,1.82474
5601,98,1.82474
5602,99,1.82474
5603,99,1.82474
5604,98,1.82474
5605,99,1.82477
5606,98,1.82481
5607,99,1.8248
5608,99,1.8248
5609,98,1.8248
5610,98,1.82479
5611,96,1.82479
5612,98,1.82479
5613,96,1.82479
5614,99,1.82479
5615,97,1.82479
5616,96,1.82479
5617,97,1.82479
5618,98,1.82479
5619,95,1.82479
5620,98,1.82478
5621,98,1.82479
5622,99,1.82478
5623,100,1.82478
5624,98,1.82478
5625,100,1.82478
5626,100,1.82478
5627,97,1.82478
5628,98,1.8248
5629,98,1.82479
5630,100,1.82479
5631,99,1.82479
5632,100,1.82479
5633,98,1.82479
5634,98,1.82479
5635,97,1.82479
5636,95,1.82479
5637,98,1.82479
5638,97,1.82479
5639,97,1.82479
5640,98,1.82477
5641,100,1.82477
5642,99,1.82477
5643,95,1.82477
5644,98,1.82479
5645,96,1.82483
5646,98,1.82484
5647,95,1.82483
5648,100,1.82483
5649,100,1.82483
5650,100,1.82483
5651,99,1.82483
5652,98,1.82483
5653,99,1.82483
5654,99,1.82483
5655,98,1.82483
5656,99,1.82486
5657,98,1.8249
5658,99,1.8249
5659,99,1.8249
5660,98,1.8249
5661,98,1.8249
5662,96,1.8249
5663,98,1.82489
5664,96,1.82489
5665,99,1.82489
5666,97,1.82489
5667,96,1.82489
5668,97,1.82489
5669,98,1.82489
5670,95,1.82489
5671,98,1.82489
5672,98,1.82489
5673,99,1.82489
5674,100,1.82489
5675,98,1.82489
5676,100,1.82489
5677,100,1.82489
5678,97,1.82489
5679,98,1.82489
5680,98,1.82488
5681,100,1.82488
5682,99,1.82488
5683,100,1.82488
5684,98,1.82488
5685,98,1.82488
5686,97,1.82488
5687,95,1.82488
5688,98,1.82488
5689,97,1.82488
5690,97,1.82488
5691,98,1.82487
5692,100,1.82486
5693,99,1.82486
5694,95,1.82486
5695,98,1.82489
5696,96,1.82494
5697,98,1.82495
5698,95,1.82495
5699,100,1.82495
5700,100,1.82495
5701,100,1.82495
5702,99,1.82495
5703,98,1.82495
5704,99,1.82495
5705,99,1.82495
5706,98,1.82495
5707,99,1.82498
5708,98,1.82502
5709,99,1.82502
5710,99,1.82501
5711,98,1.82501
5712,98,1.825
5713,96,1.825
5714,98,1.825
5715,96,1.825
5716,99,1.825
5717,97,1.825
5718,96,1.825
5719,97,1.825
5720,98,1.825
5721,95,1.825
5722,98,1.825
5723,98,1.825
5724,99,1.825
5725,100,1.825
5726,98,1.825
5727,100,1.825
5728,100,1.825
5729,97,1.825
5730,98,1.825
5731,98,1.825
5732,100,1.825
5733,99,1.825
5734,100,1.825
5735,98,1.825
5736,98,1.825
5737,97,1.825
5738,95,1.825
5739,98,1.825
5740,97,1.825
5741,97,1.825
5742,98,1.82499
5743,100,1.82499
5744,99,1.82499
5745,95,1.82499
5746,97,1.82502
5747,95,1.82507
5748,97,1.82514
5749,94,1.82526
5750,99,1.82541
5751,99,1.82558
5752,99,1.82577
5753,98,1.82602
5754,97,1.82628
5755,98,1.82654
5756,98,1.8268
5757,97,1.82706
5758,98,1.82736
5759,97,1.82761
5760,98,1.82781
5761,98,1.82801
5762,97,1.82819
5763,97,1.82834
5764,95,1.82851
5765,97,1.82867
5766,95,1.82883
5767,98,1.829
5768,96,1.82917
5769,95,1.82934
5770,96,1.82951
5771,97,1.82969
5772,94,1.82987
5773,97,1.83006
5774,97,1.83024
5775,98,1.83043
5776,99,1.83062
5777,97,1.83082
5778,99,1.83101
5779,99,1.83121
5780,96,1.83141
5781,97,1.83162
5782,97,1.83181
5783,99,1.83202
5784,98,1.83223
5785,99,1.83244
5786,97,1.83265
5787,97,1.83287
5788,96,1.83308
5789,94,1.8333
5790,97,1.83352
5791,96,1.83374
5792,96,1.83397
5793,97,1.83418
5794,99,1.83441
5795,98,1.83464
5796,95,1.83487
5797,97,1.83511
5798,95,1.83534
5799,97,1.83558
5800,94,1.83582
5801,99,1.83606
5802,99,1.83631
5803,99,1.83656
5804,98,1.8368
5805,97,1.83705
5806,98,1.83731
5807,98,1.83756
5808,97,1.83782
5809,98,1.83805
5810,97,1.83831
5811,98,1.83855
5812,98,1.8388
5813,97,1.83905
5814,97,1.83927
5815,95,1.83948
5816,97,1.83971
5817,95,1.83995
5818,98,1.84018
5819,96,1.84042
5820,95,1.84066
5821,96,1.8409
5822,97,1.84115
5823,94,1.84139
5824,97,1.84164
5825,97,1.84189
5826,98,1.84214
5827,99,1.84239
5828,97,1.84264
5829,99,1.8429
5830,99,1.84316
5831,96,1.84342
5832,97,1.84368
5833,97,1.84394
5834,99,1.8442
5835,98,1.84447
5836,99,1.84474
5837,97,1.84501
5838,97,1.84527
5839,96,1.84555
5840,94,1.84582
5841,97,1.84587
5842,96,1.84586
5843,96,1.84586
5844,97,1.84585
5845,99,1.84606
5846,98,1.84628
5847,95,1.84646
5848,97,1.84659
5849,95,1.84668
5850,97,1.84672
5851,94,1.84668
5852,99,1.84664
5853,100,1.8466
5854,100,1.84656
5855,99,1.84655
5856,98,1.84655
5857,99,1.84655
5858,99,1.84654
5859,98,1.84654
5860,99,1.84657
5861,98,1.84661
5862,99,1.8466
5863,99,1.8466
5864,98,1.8466
5865,98,1.84659
5866,96,1.84659
5867,98,1.84659
5868,96,1.84659
5869,99,1.84659
5870,97,1.84659
5871,96,1.84659
5872,97,1.84659
5873,98,1.84659
5874,95,1.84659
5875,98,1.84659
5876,98,1.84659
5877,99,1.84659
5878,100,1.84659
5879,98,1.84659
5880,100,1.84659
5881,100,1.84659
5882,97,1.84659
5883,98,1.84658
5884,98,1.84658
5885,100,1.84658
5886,99,1.84658
5887,100,1.84658
5888,98,1.84658
5889,98,1.84658
5890,97,1.84658
5891,95,1.84658
5892,98,1.84658
5893,97,1.84658
5894,97,1.84658
5895,98,1.84656
5896,100,1.84656
5897,99,1.84656
5898,96,1.84656
5899,98,1.84656
5900,96,1.84656
5901,98,1.84656
5902,95,1.84656
5903,99,1.84656
5904,100,1.84653
5905,100,1.84649
5906,99,1.84649
5907,98,1.84649
5908,99,1.84649
5909,99,1.84649
5910,98,1.84649
5911,99,1.84652
5912,98,1.84656
5913,99,1.84655
5914,99,1.84655
5915,98,1.84655
5916,98,1.84655
5917,96,1.84655
5918,98,1.84655
5919,96,1.84655
5920,99,1.84655
5921,97,1.84655
5922,96,1.84655
5923,97,1.84655
5924,98,1.84655
5925,95,1.84655
5926,98,1.84655
5927,98,1.84655
5928,99,1.84655
5929,100,1.84655
5930,98,1.84655
5931,100,1.84655
5932,100,1.84655
5933,97,1.84655
5934,98,1.84658
5935,98,1.84658
5936,100,1.84658
5937,99,1.84658
5938,100,1.84658
5939,98,1.84658
5940,98,1.84658
5941,97,1.84658
5942,95,1.84658
5943,98,1.84658
5944,97,1.84657
5945,97,1.84658
5946,98,1.84656
5947,100,1.84656
5948,99,1.84656
5949,96,1.84656
5950,98,1.84656
5951,96,1.84656
5952,98,1.84656
5953,95,1.84656
5954,99,1.84656
5955,99,1.84654
5956,100,1.84653
5957,99,1.84653
5958,98,1.84653
5959,99,1.84653
5960,99,1.84653
5961,98,1.84653
5962,99,1.84656
5963,98,1.8466
5964,99,1.8466
5965,99,1.8466
5966,98,1.8466
5967,98,1.84658
5968,96,1.84658
5969,98,1.84658
5970,96,1.84658
5971,99,1.84658
5972,97,1.84658
5973,96,1.84658
5974,97,1.84658
5975,98,1.84658
5976,95,1.84658
5977,98,1.84658
5978,98,1.84658
5979,99,1.84658
5980,100,1.84658
5981,98,1.84658
5982,100,1.84658
5983,100,1.84658
5984,97,1.84658
5985,98,1.84658
5986,98,1.84657
5987,100,1.84657
5988,99,1.84657
5989,100,1.84657
5990,98,1.84657
5991,98,1.84657
5992,97,1.84657
5993,95,1.84657
5994,98,1.84657
5995,97,1.84657
5996,97,1.84658
5997,98,1.84656
5998,100,1.84656
5999,99,1.84656
6000,96,1.84656
6001,98,1.84656
6002,96,1.84656
6003,98,1.84656
6004,95,1.84656
6005,100,1.84656
6006,99,1.84656
6007,99,1.84637
6008,98,1.8462
6009,97,1.84601
6010,98,1.84578
6011,98,1.84552
6012,97,1.84525
6013,98,1.84502
6014,97,1.84472
6015,98,1.84432
6016,98,1.84401
6017,97,1.84371
6018,97,1.84327
6019,95,1.84297
6020,97,1.84268
6021,95,1.84239
6022,98,1.8421
6023,96,1.84182
6024,95,1.84153
6025,96,1.84125
6026,97,1.84097
6027,94,1.84069
6028,97,1.84041
6029,97,1.84013
6030,98,1.83986
6031,99,1.83959
6032,97,1.83932
6033,99,1.83905
6034,99,1.83878
6035,96,1.83852
6036,97,1.83825
6037,97,1.83798
6038,99,1.83772
6039,98,1.83746
6040,99,1.8372
6041,97,1.83695
6042,97,1.8367
6043,96,1.83645
6044,94,1.8362
6045,97,1.83595
6046,96,1.83571
6047,96,1.83546
6048,97,1.83521
6049,99,1.83497
6050,98,1.83473
6051,95,1.83449
6052,97,1.83426
6053,95,1.83403
6054,97,1.8338
6055,94,1.83357
6056,99,1.83335
6057,99,1.83313
6058,99,1.83291
6059,98,1.83269
6060,97,1.83247
6061,98,1.83226
6062,98,1.83198
6063,97,1.83177
6064,98,1.8316
6065,97,1.83143
6066,98,1.83122
6067,99,1.83101
6068,98,1.83082
6069,98,1.83078
6070,96,1.83078
6071,98,1.83078
6072,96,1.83078
6073,99,1.83078
6074,97,1.83078
6075,96,1.83078
6076,97,1.83078
6077,98,1.83078
6078,95,1.83078
6079,98,1.83078
6080,98,1.83078
6081,99,1.83078
6082,100,1.83078
6083,98,1.83078
6084,100,1.83078
6085,100,1.83078
6086,97,1.83078
6087,98,1.83078
6088,98,1.83078
6089,100,1.83078
6090,99,1.83078
6091,100,1.83078
6092,98,1.83078
6093,98,1.83078
6094,97,1.83078
6095,95,1.83078
6096,98,1.83079
6097,97,1.83079
6098,97,1.83079
6099,98,1.83077
6100,100,1.83077
6101,99,1.83077
6102,96,1.83078
6103,98,1.83078
6104,96,1.83078
6105,98,1.83078
6106,95,1.83078
6107,100,1.83078
6108,100,1.83078
6109,100,1.83078
6110,99,1.83078
6111,98,1.83078
6112,99,1.83078
6113,99,1.83078
6114,98,1.83078
6115,99,1.83082
6116,98,1.83085
6117,98,1.83085
6118,99,1.83068
6119,98,1.83049
6120,98,1.83044
6121,96,1.83044
6122,98,1.83044
6123,96,1.83044
6124,99,1.83044
6125,97,1.83044
6126,96,1.83044
6127,97,1.83044
6128,98,1.83044
6129,95,1.83044
6130,98,1.83044
6131,98,1.8304
6132,99,1.8304
6133,100,1.8304
6134,98,1.8304
6135,100,1.8304
6136,100,1.8304
6137,97,1.8304
6138,98,1.8304
6139,98,1.8304
6140,100,1.8304
6141,99,1.8304
6142,100,1.8304
6143,98,1.8304
6144,98,1.8304
6145,97,1.8304
6146,95,1.8304
6147,98,1.8304
6148,97,1.8304
6149,97,1.8304
6150,98,1.83039
6151,100,1.83038
6152,99,1.83038
6153,96,1.83038
6154,98,1.83039
6155,96,1.83039
6156,98,1.8304
6157,95,1.8304
6158,100,1.83038
6159,100,1.83038
6160,100,1.83038
6161,99,1.83038
6162,98,1.83038
6163,99,1.83038
6164,99,1.83038
6165,98,1.83038
6166,99,1.83042
6167,98,1.83045
6168,98,1.83044
6169,99,1.83021
6170,98,1.83004
6171,98,1.83
6172,96,1.83
6173,98,1.83
6174,96,1.83
6175,99,1.83
6176,97,1.83
6177,96,1.83
6178,97,1.83
6179,98,1.83
6180,95,1.83
6181,98,1.83
6182,98,1.83
6183,99,1.83
6184,100,1.83
6185,98,1.83
6186,100,1.83
6187,100,1.83
6188,97,1.83
6189,98,1.83
6190,98,1.83
6191,100,1.83
6192,99,1.83
6193,100,1.83
6194,98,1.83
6195,98,1.83
6196,97,1.83
6197,95,1.83
6198,98,1.83
6199,97,1.83
6200,97,1.83
6201,98,1.82999
6202,100,1.82998
6203,99,1.82998
6204,96,1.82998
6205,98,1.82998
6206,96,1.82998
6207,98,1.82999
6208,95,1.82998
6209,100,1.82998
6210,100,1.82998
6211,100,1.82998
6212,99,1.82998
6213,98,1.82998
6214,99,1.82998
6215,99,1.82998
6216,98,1.82998
6217,99,1.82999
6218,98,1.82998
6219,98,1.82996
6220,99,1.82996
6221,98,1.82996
6222,98,1.82994
6223,96,1.82994
6224,98,1.82994
6225,96,1.82994
6226,99,1.82994
6227,97,1.82994
6228,96,1.82994
6229,97,1.82994
6230,98,1.82994
6231,95,1.82994
6232,98,1.82994
6233,98,1.82994
6234,99,1.82994
6235,100,1.82994
6236,98,1.82994
6237,100,1.82994
6238,100,1.82994
6239,97,1.82994
6240,98,1.82995
6241,98,1.82996
6242,100,1.82996
6243,99,1.82996
6244,100,1.82996
6245,98,1.82996
6246,98,1.82996
6247,97,1.82996
6248,95,1.82996
6249,98,1.82996
6250,97,1.82996
6251,97,1.82996
6252,98,1.82994
6253,100,1.82994
6254,99,1.82994
6255,96,1.82994
6256,98,1.82994
6257,96,1.82994
6258,98,1.82996
6259,95,1.82996
6260,100,1.82996
6261,100,1.82996
6262,100,1.82996
6263,99,1.82996
6264,98,1.82996
6265,99,1.82996
6266,99,1.82996
6267,98,1.82996
6268,99,1.82996
6269,98,1.82995
6270,98,1.82994
6271,99,1.82993
6272,98,1.82993
6273,98,1.82992
6274,96,1.82992
6275,98,1.82992
6276,96,1.82992
6277,99,1.82992
6278,97,1.82991
6279,96,1.82991
6280,97,1.82992
6281,98,1.82992
6282,95,1.82991
6283,98,1.82991
6284,98,1.82991
6285,99,1.82991
6286,100,1.82991
6287,98,1.82991
6288,100,1.82991
6289,100,1.82991
6290,97,1.82991
6291,98,1.82991
6292,98,1.82991
6293,100,1.82991
6294,99,1.82991
6295,100,1.82991
6296,98,1.82991
6297,98,1.82991
6298,97,1.82991
6299,95,1.82992
6300,98,1.82992
6301,97,1.82992
6302,97,1.82992
6303,98,1.8299
6304,100,1.8299
6305,99,1.8299
6306,96,1.8299
6307,98,1.8299
6308,96,1.8299
6309,98,1.8299
6310,95,1.8299
6311,100,1.8299
6312,100,1.8299
6313,100,1.8299
6314,99,1.8299
6315,98,1.8299
6316,99,1.8299
6317,99,1.82989
6318,98,1.82989
6319,99,1.82989
6320,98,1.82988
6321,98,1.82987
6322,99,1.82987
6323,98,1.82987
6324,98,1.82985
6325,96,1.82985
6326,98,1.82985
6327,96,1.82985
6328,99,1.82985
6329,97,1.82985
6330,96,1.82985
6331,97,1.82985
6332,98,1.82985
6333,95,1.82985
6334,98,1.82985
6335,98,1.82985
6336,99,1.82985
6337,100,1.82985
6338,98,1.82985
6339,100,1.82985
6340,100,1.82985
6341,97,1.82985
6342,98,1.82986
6343,98,1.82986
6344,100,1.82986
6345,99,1.82986
6346,100,1.82986
6347,98,1.82986
6348,98,1.82986
6349,97,1.82986
6350,95,1.82986
6351,98,1.82986
6352,97,1.82986
6353,97,1.82986
6354,98,1.82985
6355,100,1.82984
6356,99,1.82985
6357,96,1.82984
6358,98,1.82984
6359,96,1.82984
6360,98,1.82984
6361,95,1.82984
6362,100,1.82984
6363,100,1.82984
6364,100,1.82984
6365,99,1.82984
6366,98,1.82984
6367,99,1.82984
6368,99,1.82984
6369,98,1.82984
6370,99,1.82984
6371,98,1.82983
6372,98,1.82982
6373,99,1.82981
6374,98,1.82981
6375,98,1.8298
6376,96,1.8298
6377,98,1.8298
6378,96,1.8298
6379,99,1.8298
6380,97,1.8298
6381,96,1.8298
6382,97,1.8298
6383,98,1.8298
6384,95,1.8298
6385,98,1.8298
6386,98,1.8298
6387,99,1.8298
6388,100,1.8298
6389,98,1.8298
6390,100,1.8298
6391,100,1.8298
6392,97,1.8298
6393,98,1.8298
6394,98,1.8298
6395,100,1.8298
6396,99,1.8298
6397,100,1.8298
6398,98,1.8298
6399,98,1.8298
6400,97,1.8298
6401,95,1.8298
6402,98,1.82981
6403,97,1.82981
6404,97,1.82981
6405,98,1.82979
6406,100,1.82979
6407,99,1.82979
6408,96,1.82979
6409,98,1.82979
6410,96,1.82979
6411,98,1.82979
6412,95,1.82979
6413,100,1.82979
6414,100,1.82979
6415,100,1.82979
6416,99,1.82979
6417,98,1.82979
6418,99,1.82979
6419,99,1.82977
6420,98,1.82977
6421,99,1.82977
6422,98,1.82977
6423,98,1.82975
6424,99,1.82975
6425,98,1.82975
6426,98,1.82973
6427,96,1.82973
6428,98,1.82973
6429,96,1.82973
6430,99,1.82973
6431,97,1.82973
6432,96,1.82973
6433,97,1.82973
6434,98,1.82973
6435,95,1.82973
6436,98,1.82974
6437,98,1.82974
6438,99,1.82974
6439,100,1.82974
6440,98,1.82974
6441,100,1.82974
6442,100,1.82974
6443,97,1.82974
6444,98,1.82977
6445,98,1.82977
6446,100,1.82977
6447,99,1.82977
6448,100,1.82977
6449,98,1.82977
6450,98,1.82977
6451,97,1.82977
6452,95,1.82977
6453,98,1.82977
6454,97,1.82977
6455,97,1.82977
6456,98,1.82975
6457,100,1.82975
6458,99,1.82975
6459,96,1.82975
6460,98,1.82975
6461,96,1.82975
6462,98,1.82975
6463,95,1.82975
6464,100,1.82975
6465,100,1.82975
6466,100,1.82975
6467,99,1.82975
6468,98,1.82975
6469,99,1.82975
6470,99,1.82975
6471,98,1.82975
6472,99,1.82975
6473,98,1.82974
6474,98,1.82972
6475,99,1.82972
6476,98,1.82972
6477,98,1.8297
6478,96,1.8297
6479,98,1.8297
6480,96,1.8297
6481,99,1.8297
6482,97,1.8297
6483,96,1.8297
6484,97,1.8297
6485,98,1.8297
6486,95,1.8297
6487,98,1.8297
6488,98,1.8297
6489,99,1.8297
6490,100,1.8297
6491,98,1.8297
6492,100,1.8297
6493,100,1.8297
6494,97,1.8297
6495,98,1.8297
6496,98,1.8297
6497,100,1.8297
6498,99,1.8297
6499,100,1.8297
6500,98,1.8297
6501,98,1.8297
6502,97,1.8297
6503,95,1.8297
6504,98,1.8297
6505,97,1.8297
6506,97,1.8297
6507,98,1.82969
6508,100,1.82969
6509,99,1.82969
6510,96,1.82969
6511,98,1.82968
6512,96,1.82968
6513,98,1.82968
6514,95,1.82968
6515,100,1.82968
6516,100,1.82968
6517,100,1.82968
6518,99,1.82968
6519,98,1.82968
6520,99,1.82968
6521,99,1.82968
6522,98,1.82968
6523,99,1.82968
6524,98,1.82967
6525,98,1.82966
6526,99,1.82966
6527,98,1.82966
6528,98,1.82964
6529,96,1.82964
6530,98,1.82964
6531,96,1.82964
6532,99,1.82964
6533,97,1.82964
6534,96,1.82964
6535,97,1.82964
6536,98,1.82964
6537,95,1.82964
6538,98,1.82962
6539,98,1.82962
6540,99,1.82962
6541,100,1.82962
6542,98,1.82962
6543,100,1.82962
6544,100,1.82962
6545,97,1.82962
6546,98,1.82962
6547,98,1.82962
6548,100,1.82962
6549,99,1.82962
6550,100,1.82962
6551,98,1.82962
6552,98,1.82962
6553,97,1.82962
6554,95,1.82962
6555,98,1.82962
6556,97,1.82962
6557,97,1.82962
6558,98,1.8296
6559,100,1.8296
6560,99,1.8296
6561,96,1.8296
6562,98,1.8296
6563,96,1.8296
6564,98,1.8296
6565,95,1.8296
6566,100,1.8296
6567,100,1.8296
6568,100,1.8296
6569,99,1.8296
6570,98,1.8296
6571,99,1.8296
6572,99,1.82959
6573,98,1.8296
6574,99,1.8296
6575,98,1.82959
6576,98,1.82958
6577,99,1.82957
6578,98,1.82957
6579,98,1.82956
6580,96,1.82956
6581,98,1.82956
6582,96,1.82956
6583,99,1.82956
6584,97,1.82956
6585,96,1.82956
6586,97,1.82955
6587,98,1.82955
6588,95,1.82955
6589,98,1.82955
6590,98,1.82955
6591,99,1.82955
6592,100,1.82955
6593,98,1.82955
6594,100,1.82955
6595,100,1.82955
6596,97,1.82955
6597,98,1.82955
6598,98,1.82955
6599,100,1.82955
6600,99,1.82955
6601,100,1.82955
6602,98,1.82955
6603,98,1.82955
6604,97,1.82955
6605,95,1.82955
6606,98,1.82955
6607,97,1.82954
6608,97,1.82954
6609,98,1.82953
6610,100,1.82953
6611,99,1.82953
6612,96,1.82953
6613,98,1.82952
6614,96,1.82952
6615,98,1.82953
6616,95,1.82953
6617,100,1.82953
6618,100,1.82953
6619,100,1.82953
6620,99,1.82953
6621,98,1.82953
6622,99,1.82953
6623,99,1.82951
6624,98,1.82951
6625,99,1.82952
6626,98,1.82951
6627,98,1.8295
6628,99,1.82949
6629,98,1.82949
6630,98,1.82948
6631,96,1.82948
6632,98,1.82948
6633,96,1.82948
6634,99,1.82948
6635,97,1.82948
6636,96,1.82948
6637,97,1.82948
6638,98,1.82948
6639,95,1.82948
6640,98,1.82948
6641,98,1.82948
6642,99,1.82948
6643,100,1.82948
6644,98,1.82948
6645,100,1.82948
6646,100,1.82948
6647,97,1.82948
6648,98,1.82948
6649,98,1.82948
6650,100,1.82948
6651,99,1.82948
6652,100,1.82948
6653,98,1.82948
6654,98,1.82948
6655,97,1.82947
6656,95,1.82947
6657,98,1.82947
6658,97,1.82947
6659,97,1.82947
6660,98,1.82946
6661,100,1.82946
6662,99,1.82946
6663,96,1.82946
6664,98,1.82946
6665,96,1.82946
6666,98,1.82946
6667,95,1.82946
6668,100,1.82945
6669,100,1.82945
6670,100,1.82945
6671,99,1.82945
6672,98,1.82945
6673,99,1.82945
6674,99,1.82945
6675,98,1.82946
6676,99,1.82946
6677,98,1.82945
6678,98,1.82943
6679,99,1.82943
6680,98,1.82943
6681,98,1.82941
6682,96,1.82941
6683,98,1.82941
6684,96,1.82941
6685,99,1.82941
6686,97,1.82941
6687,96,1.82941
6688,97,1.82941
6689,98,1.82941
6690,95,1.82941
6691,98,1.82942
6692,98,1.82942
6693,99,1.82942
6694,100,1.82942
6695,98,1.82942
6696,100,1.82942
6697,100,1.82942
6698,97,1.82942
6699,98,1.82943
6700,98,1.82943
6701,100,1.82943
6702,99,1.82943
6703,100,1.82943
6704,98,1.82943
6705,98,1.82943
6706,97,1.82943
6707,95,1.82943
6708,98,1.82943
6709,97,1.82943
6710,97,1.82943
6711,98,1.82941
6712,100,1.82941
6713,99,1.82941
6714,96,1.82941
6715,98,1.82941
6716,96,1.82941
6717,98,1.82941
6718,95,1.82941
6719,100,1.82941
6720,100,1.82941
6721,100,1.82941
6722,99,1.82941
6723,98,1.82941
6724,99,1.82941
6725,99,1.8294
6726,98,1.8294
6727,99,1.82941
6728,98,1.8294
6729,98,1.82939
6730,99,1.82938
6731,98,1.82938
6732,98,1.82936
6733,96,1.82936
6734,98,1.82936
6735,96,1.82936
6736,99,1.82936
6737,97,1.82936
6738,96,1.82936
6739,97,1.82936
6740,98,1.82936
6741,95,1.82936
6742,98,1.82936
6743,98,1.82936
6744,99,1.82936
6745,100,1.82936
6746,98,1.82936
6747,100,1.82936
6748,100,1.82936
6749,97,1.82936
6750,98,1.82936
6751,98,1.82936
6752,100,1.82936
6753,99,1.82936
6754,100,1.82936
6755,98,1.82936
6756,98,1.82936
6757,97,1.82936
6758,95,1.82936
6759,97,1.82937
6760,96,1.82937
6761,96,1.82939
6762,97,1.82941
6763,99,1.82941
6764,98,1.82941
6765,95,1.82941
6766,97,1.82941
6767,95,1.82941
6768,97,1.82941
6769,94,1.82943
6770,99,1.8294
6771,99,1.82932
6772,99,1.8292
6773,98,1.82903
6774,97,1.82884
6775,98,1.82867
6776,98,1.82847
6777,97,1.82825
6778,98,1.82804
6779,97,1.82782
6780,97,1.8276
6781,98,1.82738
6782,97,1.82717
6783,97,1.82695
6784,95,1.82675
6785,97,1.82654
6786,95,1.82635
6787,98,1.82615
6788,96,1.82596
6789,95,1.82577
6790,96,1.82558
6791,97,1.82539
6792,94,1.82521
6793,97,1.82503
6794,97,1.82485
6795,98,1.82467
6796,99,1.8245
6797,97,1.82433
6798,100,1.82416
6799,100,1.82399
6800,97,1.82396
6801,98,1.82396
6802,98,1.82397
6803,100,1.82397
6804,99,1.82397
6805,100,1.82397
6806,98,1.82397
6807,98,1.82397
6808,97,1.82396
6809,96,1.82397
6810,98,1.82397
6811,97,1.82397
6812,96,1.82399
6813,97,1.824
6814,99,1.82398
6815,98,1.82392
6816,95,1.82381
6817,97,1.82366
6818,95,1.82342
6819,96,1.82319
6820,93,1.82294
6821,99,1.8227
6822,99,1.82246
6823,99,1.82222
6824,98,1.82199
6825,97,1.82175
6826,98,1.82152
6827,98,1.82128
6828,97,1.82105
6829,98,1.82083
6830,97,1.82061
6831,97,1.82038
6832,98,1.82015
6833,97,1.81993
6834,97,1.8197
6835,95,1.81949
6836,97,1.81928
6837,95,1.81907
6838,98,1.81887
6839,96,1.81867
6840,95,1.81852
6841,96,1.81835
6842,97,1.81817
6843,94,1.81798
6844,97,1.81779
6845,97,1.81755
6846,98,1.81732
6847,99,1.81709
6848,96,1.81686
6849,99,1.81649
6850,99,1.81611
6851,96,1.81586
6852,97,1.81577
6853,97,1.81556
6854,99,1.81535
6855,98,1.81515
6856,99,1.81495
6857,97,1.81475
6858,97,1.81455
6859,96,1.81436
6860,95,1.81417
6861,97,1.81398
6862,97,1.8138
6863,96,1.81362
6864,97,1.81343
6865,99,1.81325
6866,98,1.81309
6867,95,1.81292
6868,97,1.81275
6869,96,1.81259
6870,97,1.81244
6871,93,1.81229
6872,98,1.8121
6873,98,1.81192
6874,98,1.81171
6875,97,1.81146
6876,97,1.81117
6877,98,1.81085
6878,98,1.81061
6879,97,1.81042
6880,98,1.81026
6881,97,1.81007
6882,97,1.80984
6883,98,1.80963
6884,97,1.80942
6885,97,1.80921
6886,95,1.80901
6887,97,1.80882
6888,95,1.80862
6889,98,1.80844
6890,96,1.80825
6891,95,1.80807
6892,96,1.80789
6893,97,1.80771
6894,94,1.80753
6895,97,1.80736
6896,97,1.80718
6897,98,1.80701
6898,99,1.80685
6899,96,1.80668
6900,99,1.80639
6901,99,1.80611
6902,96,1.80596
6903,96,1.80601
6904,97,1.80611
6905,99,1.80601
6906,98,1.80615
6907,99,1.80619
6908,97,1.80627
6909,97,1.80633
6910,96,1.80633
6911,95,1.80629
6912,97,1.80621
6913,97,1.80608
6914,96,1.80586
6915,97,1.80561
6916,99,1.80538
6917,98,1.80516
6918,95,1.80494
6919,97,1.80472
6920,96,1.8045
6921,97,1.80428
6922,94,1.80407
6923,99,1.80386
6924,99,1.80365
6925,99,1.80345
6926,97,1.80324
6927,97,1.80293
6928,98,1.80261
6929,99,1.80239
6930,98,1.8022
6931,99,1.80217
6932,98,1.80217
6933,98,1.80216
6934,99,1.80215
6935,98,1.80214
6936,98,1.80213
6937,96,1.80213
6938,98,1.80212
6939,96,1.80212
6940,99,1.80212
6941,97,1.80212
6942,96,1.80212
6943,97,1.80212
6944,98,1.80212
6945,95,1.80213
6946,98,1.80213
6947,98,1.80213
6948,99,1.80213
6949,100,1.80213
6950,97,1.80213
6951,100,1.80213
6952,100,1.80213
6953,98,1.80213
6954,97,1.80213
6955,98,1.80201
6956,100,1.80186
6957,99,1.80184
6958,100,1.80184
6959,98,1.80184
6960,98,1.80184
6961,97,1.80184
6962,96,1.80184
6963,98,1.80184
6964,98,1.80184
6965,97,1.80184
6966,98,1.80182
6967,100,1.80182
6968,99,1.80182
6969,96,1.80182
6970,98,1.80182
6971,97,1.80182
6972,98,1.80182
6973,95,1.80182
6974,100,1.80182
6975,100,1.80182
6976,100,1.80182
6977,98,1.80182
6978,98,1.80172
6979,98,1.80162
6980,99,1.80145
6981,98,1.80126
6982,99,1.80125
6983,98,1.80127
6984,98,1.80127
6985,99,1.80126
6986,98,1.80124
6987,98,1.80123
6988,96,1.80123
6989,98,1.80121
6990,96,1.80121
6991,99,1.80121
6992,97,1.80121
6993,96,1.80121
6994,97,1.80121
6995,98,1.80121
6996,95,1.80121
6997,98,1.80121
6998,98,1.80117
6999,99,1.80117
7000,100,1.80117
7001,97,1.80117
7002,100,1.80117
7003,100,1.80117
7004,98,1.80117
7005,97,1.80116
7006,98,1.80105
7007,100,1.80091
7008,99,1.80089
7009,100,1.80089
7010,98,1.80089
7011,98,1.80089
7012,97,1.80089
7013,96,1.80089
7014,98,1.80089
7015,98,1.80089
7016,97,1.80089
7017,98,1.80087
7018,100,1.80087
7019,99,1.80087
7020,96,1.80087
7021,98,1.80087
7022,97,1.80087
7023,98,1.80087
7024,95,1.80086
7025,100,1.80086
7026,100,1.80086
7027,100,1.80086
7028,98,1.80086
7029,98,1.80086
7030,98,1.80086
7031,99,1.8007
7032,98,1.80052
7033,99,1.80052
7034,98,1.80055
7035,98,1.80054
7036,99,1.8004
7037,98,1.8004
7038,98,1.80039
7039,96,1.80039
7040,98,1.80039
7041,96,1.80039
7042,99,1.80039
7043,97,1.80039
7044,96,1.80039
7045,97,1.80039
7046,98,1.80039
7047,95,1.80039
7048,98,1.80039
7049,98,1.80039
7050,99,1.80039
7051,100,1.80039
7052,97,1.80039
7053,100,1.80039
7054,100,1.80039
7055,98,1.80039
7056,97,1.80039
7057,98,1.8003
7058,100,1.80021
7059,99,1.8002
7060,100,1.8002
7061,98,1.8002
7062,98,1.8002
7063,97,1.8002
7064,96,1.8002
7065,98,1.8002
7066,98,1.8002
7067,97,1.8002
7068,98,1.80018
7069,100,1.80018
7070,99,1.80018
7071,96,1.80018
7072,98,1.80018
7073,97,1.80018
7074,98,1.80018
7075,95,1.80018
7076,100,1.80018
7077,100,1.80018
7078,100,1.80018
7079,98,1.80018
7080,98,1.80018
7081,98,1.80018
7082,99,1.80002
7083,98,1.79984
7084,99,1.79989
7085,98,1.80006
7086,98,1.80007
7087,99,1.79996
7088,98,1.79996
7089,98,1.79995
7090,96,1.79995
7091,98,1.79995
7092,96,1.79995
7093,99,1.79995
7094,97,1.79995
7095,96,1.79995
7096,97,1.79995
7097,98,1.79995
7098,95,1.79995
7099,98,1.79995
7100,98,1.79995
7101,99,1.79995
7102,100,1.79995
7103,97,1.79995
7104,100,1.79995
7105,100,1.79995
7106,98,1.79995
7107,97,1.79995
7108,98,1.79988
7109,100,1.79977
7110,99,1.79976
7111,100,1.79976
7112,98,1.79976
7113,98,1.79976
7114,97,1.79972
7115,96,1.79971
7116,98,1.79971
7117,98,1.79971
7118,97,1.79971
7119,98,1.7997
7120,100,1.79969
7121,99,1.79969
7122,96,1.79969
7123,98,1.79969
7124,97,1.79969
7125,98,1.79969
7126,95,1.79969
7127,100,1.79969
7128,100,1.79969
7129,100,1.79969
7130,98,1.79969
7131,98,1.79969
7132,98,1.79969
7133,99,1.79953
7134,98,1.79936
7135,98,1.79954
7136,97,1.79982
7137,97,1.80007
7138,98,1.80011
7139,97,1.80002
7140,97,1.80002
7141,95,1.80003
7142,97,1.79998
7143,95,1.79992
7144,98,1.79986
7145,96,1.7998
7146,95,1.79975
7147,96,1.79971
7148,97,1.79966
7149,94,1.79962
7150,97,1.79959
7151,97,1.79955
7152,98,1.79953
7153,99,1.7995
7154,96,1.79948
7155,99,1.79946
7156,99,1.79945
7157,97,1.79943
7158,96,1.79943
7159,96,1.79934
7160,98,1.79924
7161,97,1.79913
7162,98,1.79898
7163,96,1.79882
7164,96,1.79866
7165,95,1.79849
7166,94,1.79834
7167,96,1.79818
7168,96,1.79804
7169,95,1.79785
7170,96,1.79764
7171,98,1.79745
7172,97,1.79727
7173,94,1.79711
7174,96,1.79693
7175,95,1.79673
7176,96,1.79649
7177,93,1.79621
7178,98,1.7959
7179,98,1.79552
7180,98,1.79513
7181,96,1.79475
7182,96,1.79438
7183,96,1.79401
7184,96,1.79351
7185,96,1.79299
7186,97,1.79232
7187,96,1.79162
7188,96,1.79122
7189,96,1.79075
7190,95,1.7903
7191,95,1.78982
7192,94,1.78928
7193,96,1.78877
7194,94,1.78837
7195,97,1.78797
7196,95,1.78755
7197,94,1.78713
7198,95,1.78666
7199,96,1.78619
7200,93,1.78573
7201,96,1.78527
7202,96,1.78482
7203,97,1.78437
7204,98,1.78393
7205,95,1.7835
7206,98,1.78308
7207,98,1.78266
7208,96,1.78225
7209,97,1.78184
7210,97,1.78144
7211,100,1.78122
7212,99,1.78102
7213,100,1.78099
7214,98,1.78099
7215,98,1.78099
7216,97,1.78099
7217,96,1.78099
7218,98,1.78099
7219,98,1.78099
7220,97,1.78099
7221,98,1.78098
7222,100,1.78097
7223,99,1.78097
7224,96,1.78097
7225,98,1.78097
7226,97,1.78097
7227,98,1.78097
7228,95,1.78097
7229,100,1.78097
7230,100,1.78097
7231,100,1.78097
7232,98,1.78097
7233,98,1.78097
7234,99,1.78097
7235,99,1.78097
7236,98,1.78097
7237,97,1.78067
7238,96,1.7803
7239,97,1.77994
7240,97,1.77963
7241,96,1.77935
7242,95,1.77912
7243,94,1.77881
7244,96,1.77853
7245,94,1.77844
7246,97,1.77839
7247,95,1.77835
7248,94,1.77831
7249,95,1.77828
7250,96,1.77825
7251,93,1.77824
7252,96,1.77823
7253,96,1.77822
7254,97,1.77822
7255,98,1.77823
7256,95,1.77824
7257,98,1.77826
7258,98,1.77829
7259,95,1.77832
7260,96,1.77822
7261,96,1.77813
7262,99,1.7781
7263,98,1.77803
7264,99,1.77812
7265,97,1.77824
7266,97,1.77836
7267,96,1.77848
7268,95,1.77861
7269,97,1.77875
7270,97,1.77888
7271,96,1.77901
7272,97,1.77913
7273,99,1.77927
7274,98,1.77941
7275,95,1.77956
7276,97,1.7797
7277,96,1.77985
7278,97,1.78001
7279,94,1.78016
7280,99,1.78032
7281,99,1.78048
7282,99,1.78064
7283,97,1.7808
7284,97,1.78097
7285,98,1.78114
7286,98,1.78131
7287,99,1.78149
7288,98,1.78166
7289,97,1.78183
7290,98,1.782
7291,98,1.78218
7292,97,1.78236
7293,96,1.78254
7294,95,1.78261
7295,97,1.78278
7296,95,1.78297
7297,98,1.78317
7298,96,1.78337
7299,95,1.78357
7300,96,1.78378
7301,97,1.78399
7302,95,1.7842
7303,98,1.78441
7304,98,1.78444
7305,99,1.78444
7306,100,1.78444
7307,97,1.78444
7308,100,1.78444
7309,100,1.78444
7310,97,1.78444
7311,97,1.78427
7312,97,1.78424
7313,100,1.7843
7314,99,1.7842
7315,100,1.78418
7316,98,1.78418
7317,98,1.78418
7318,97,1.78418
7319,96,1.78418
7320,98,1.78418
7321,98,1.78418
7322,97,1.78418
7323,98,1.78416
7324,100,1.78416
7325,99,1.78416
7326,96,1.78416
7327,98,1.78416
7328,97,1.78416
7329,98,1.78416
7330,95,1.78416
7331,100,1.78415
7332,100,1.78415
7333,100,1.78415
7334,98,1.78415
7335,98,1.78415
7336,99,1.78415
7337,99,1.78413
7338,100,1.78413
7339,99,1.78413
7340,98,1.78412
7341,99,1.78411
7342,99,1.78411
7343,98,1.78411
7344,97,1.78409
7345,96,1.78409
7346,98,1.78409
7347,96,1.78409
7348,99,1.78409
7349,97,1.78409
7350,96,1.78409
7351,97,1.78409
7352,97,1.78409
7353,95,1.78427
7354,98,1.78449
7355,98,1.78453
7356,99,1.78453
7357,100,1.78453
7358,97,1.78453
7359,100,1.78453
7360,100,1.78453
7361,97,1.78453
7362,97,1.78438
7363,97,1.78435
7364,100,1.7844
7365,99,1.78429
7366,100,1.78429
7367,98,1.78429
7368,98,1.78429
7369,97,1.78429
7370,96,1.78429
7371,98,1.78429
7372,98,1.78429
7373,97,1.78429
7374,98,1.78429
7375,100,1.78429
7376,99,1.78429
7377,96,1.78429
7378,98,1.78429
7379,97,1.78429
7380,98,1.78429
7381,95,1.78429
7382,100,1.78429
7383,100,1.78429
7384,100,1.78429
7385,98,1.78429
7386,98,1.78429
7387,99,1.78429
7388,99,1.78429
7389,100,1.78429
7390,99,1.78429
7391,98,1.78428
7392,99,1.78426
7393,99,1.78426
7394,98,1.78426
7395,97,1.78425
7396,96,1.78424
7397,98,1.78424
7398,96,1.78424
7399,99,1.78424
7400,97,1.78424
7401,96,1.78424
7402,97,1.78424
7403,97,1.78424
7404,95,1.78443
7405,98,1.78451
7406,98,1.78451
7407,99,1.78451
7408,100,1.78451
7409,97,1.78451
7410,100,1.78451
7411,100,1.78451
7412,97,1.78451
7413,97,1.78448
7414,97,1.78448
7415,100,1.78448
7416,99,1.78448
7417,100,1.78448
7418,98,1.78448
7419,98,1.78448
7420,97,1.78448
7421,96,1.78448
7422,98,1.78448
7423,98,1.78448
7424,97,1.78448
7425,98,1.78449
7426,100,1.78448
7427,99,1.78448
7428,96,1.78448
7429,98,1.78448
7430,97,1.78448
7431,98,1.78448
7432,95,1.78448
7433,100,1.78448
7434,100,1.78448
7435,100,1.78448
7436,98,1.78448
7437,98,1.78448
7438,99,1.78448
7439,99,1.78448
7440,100,1.78448
7441,99,1.78448
7442,98,1.78447
7443,99,1.78446
7444,99,1.78446
7445,98,1.78446
7446,97,1.78445
7447,96,1.78445
7448,98,1.78445
7449,96,1.78445
7450,99,1.78445
7451,97,1.78445
7452,96,1.78445
7453,97,1.78445
7454,97,1.78445
7455,95,1.78445
7456,98,1.78444
7457,98,1.78444
7458,99,1.78444
7459,100,1.78444
7460,97,1.78444
7461,100,1.78444
7462,100,1.78444
7463,97,1.78444
7464,97,1.78444
7465,97,1.78444
7466,100,1.78444
7467,99,1.78444
7468,100,1.78444
7469,98,1.78444
7470,98,1.78444
7471,97,1.78444
7472,96,1.78444
7473,98,1.78444
7474,98,1.78444
7475,97,1.78444
7476,98,1.78444
7477,100,1.78444
7478,99,1.78444
7479,96,1.78444
7480,98,1.78444
7481,97,1.78444
7482,98,1.78444
7483,95,1.78444
7484,100,1.78444
7485,100,1.78444
7486,100,1.78444
7487,98,1.78444
7488,98,1.78444
7489,99,1.78444
7490,99,1.78443
7491,100,1.78443
7492,99,1.78443
7493,98,1.78434
7494,99,1.78424
7495,99,1.78423
7496,98,1.78422
7497,97,1.78407
7498,96,1.78407
7499,98,1.78407
7500,96,1.78407
7501,99,1.78407
7502,97,1.78407
7503,96,1.78407
7504,97,1.78407
7505,97,1.78406
7506,95,1.78406
7507,98,1.78406
7508,98,1.78406
7509,99,1.78406
7510,100,1.78406
7511,97,1.78406
7512,100,1.78406
7513,100,1.78406
7514,97,1.78406
7515,97,1.78406
7516,97,1.78406
7517,100,1.78406
7518,99,1.78406
7519,100,1.78406
7520,98,1.78406
7521,98,1.78406
7522,97,1.78406
7523,96,1.78406
7524,98,1.78406
7525,98,1.78406
7526,97,1.78406
7527,98,1.78406
7528,100,1.78406
7529,99,1.78406
7530,96,1.78406
7531,98,1.78406
7532,97,1.78406
7533,98,1.78406
7534,95,1.78406
7535,100,1.78406
7536,100,1.78406
7537,100,1.78406
7538,98,1.78406
7539,98,1.78406
7540,99,1.78406
7541,99,1.78401
7542,100,1.784
7543,99,1.784
7544,98,1.78399
7545,99,1.78398
7546,99,1.78397
7547,98,1.78397
7548,97,1.78397
7549,96,1.78397
7550,98,1.78397
7551,96,1.78397
7552,99,1.78396
7553,97,1.78396
7554,96,1.78396
7555,97,1.78396
7556,97,1.78396
7557,95,1.78396
7558,98,1.78396
7559,98,1.78396
7560,99,1.78396
7561,100,1.78396
7562,97,1.78396
7563,100,1.78396
7564,100,1.78396
7565,97,1.78396
7566,97,1.78396
7567,97,1.78396
7568,100,1.78396
7569,99,1.78396
7570,100,1.78396
7571,98,1.78396
7572,98,1.78395
7573,97,1.78395
7574,96,1.78395
7575,98,1.78395
7576,98,1.78395
7577,97,1.78395
7578,98,1.78395
7579,100,1.78395
7580,99,1.78395
7581,96,1.78395
7582,98,1.78395
7583,97,1.78395
7584,98,1.78398
7585,95,1.78398
7586,100,1.78398
7587,100,1.78398
7588,100,1.78398
7589,98,1.78398
7590,98,1.78398
7591,99,1.78398
7592,99,1.78398
7593,100,1.78398
7594,99,1.78398
7595,98,1.78397
7596,99,1.78396
7597,99,1.78396
7598,98,1.78396
7599,97,1.78394
7600,96,1.78394
7601,98,1.78394
7602,96,1.78394
7603,99,1.78394
7604,97,1.78394
7605,96,1.78394
7606,97,1.78394
7607,97,1.78394
7608,95,1.78394
7609,98,1.78394
7610,98,1.78394
7611,99,1.78394
7612,100,1.78394
7613,97,1.78394
7614,100,1.78394
7615,100,1.78394
7616,97,1.78394
7617,97,1.78394
7618,97,1.78394
7619,100,1.78394
7620,99,1.78394
7621,100,1.78393
7622,98,1.78393
7623,98,1.78393
7624,97,1.78393
7625,96,1.78393
7626,98,1.78393
7627,98,1.78393
7628,97,1.78393
7629,98,1.78393
7630,100,1.78393
7631,99,1.78393
7632,96,1.78393
7633,98,1.78393
7634,97,1.78393
7635,98,1.78394
7636,95,1.78393
7637,100,1.78393
7638,100,1.78393
7639,100,1.78393
7640,98,1.78393
7641,98,1.78393
7642,99,1.78393
7643,99,1.78393
7644,100,1.78393
7645,99,1.78393
7646,98,1.78392
7647,99,1.78391
7648,99,1.78391
7649,98,1.78391
7650,97,1.7839
7651,96,1.7839
7652,98,1.7839
7653,96,1.7839
7654,99,1.7839
7655,97,1.7839
7656,96,1.7839
7657,97,1.7839
7658,97,1.7839
7659,95,1.7839
7660,98,1.78389
7661,98,1.78389
7662,99,1.78389
7663,100,1.78389
7664,97,1.78389
7665,100,1.78389
7666,100,1.78389
7667,97,1.78389
7668,97,1.78389
7669,97,1.78389
7670,100,1.78389
7671,99,1.78389
7672,100,1.78389
7673,98,1.78389
7674,98,1.78389
7675,97,1.78389
7676,96,1.78389
7677,98,1.7839
7678,98,1.7839
7679,97,1.7839
7680,98,1.7839
7681,100,1.78389
7682,99,1.78389
7683,96,1.78389
7684,98,1.78389
7685,97,1.78389
7686,98,1.7839
7687,95,1.7839
7688,100,1.78389
7689,100,1.78389
7690,100,1.78389
7691,98,1.78389
7692,98,1.78389
7693,99,1.78389
7694,99,1.78389
7695,100,1.78389
7696,99,1.78389
7697,98,1.78388
7698,99,1.78387
7699,99,1.78387
7700,98,1.78387
7701,97,1.78385
7702,96,1.78385
7703,98,1.78385
7704,96,1.78385
7705,99,1.78385
7706,97,1.78385
7707,96,1.78385
7708,97,1.78385
7709,97,1.78385
7710,95,1.78385
7711,98,1.78385
7712,98,1.78385
7713,99,1.78385
7714,100,1.78385
7715,97,1.78385
7716,100,1.78385
7717,100,1.78385
7718,97,1.78385
7719,97,1.78385
7720,97,1.78385
7721,100,1.78385
7722,99,1.78385
7723,100,1.78385
7724,98,1.78385
7725,98,1.78385
7726,97,1.78385
7727,96,1.78385
7728,98,1.78385
7729,98,1.78385
7730,97,1.78385
7731,98,1.78385
7732,100,1.78385
7733,99,1.78385
7734,96,1.78385
7735,98,1.78384
7736,97,1.78384
7737,98,1.78384
7738,95,1.78384
7739,100,1.78384
7740,100,1.78384
7741,100,1.78384
7742,98,1.78384
7743,98,1.78384
7744,99,1.78384
7745,99,1.78384
7746,100,1.78384
7747,99,1.78384
7748,98,1.78383
7749,99,1.78382
7750,99,1.78382
7751,98,1.78382
7752,97,1.78381
7753,96,1.78381
7754,98,1.78381
7755,96,1.78381
7756,99,1.78381
7757,97,1.78381
7758,96,1.78381
7759,97,1.78381
7760,97,1.78381
7761,95,1.78381
7762,98,1.7838
7763,98,1.78376
7764,99,1.78375
7765,100,1.78375
7766,97,1.78375
7767,100,1.78375
7768,100,1.78375
7769,97,1.78375
7770,97,1.78375
7771,97,1.78375
7772,100,1.78376
7773,99,1.78376
7774,100,1.78376
7775,98,1.78376
7776,98,1.78376
7777,97,1.78376
7778,96,1.78376
7779,98,1.78376
7780,98,1.78376
7781,97,1.78376
7782,98,1.78376
7783,100,1.78376
7784,99,1.78376
7785,96,1.78376
7786,98,1.78376
7787,97,1.78376
7788,98,1.78376
7789,95,1.78376
7790,100,1.78376
7791,100,1.78376
7792,100,1.78376
7793,98,1.78376
7794,98,1.78376
7795,99,1.78376
7796,99,1.78375
7797,100,1.78375
7798,99,1.78376
7799,98,1.78375
7800,99,1.78374
7801,99,1.78365
7802,98,1.78365
7803,97,1.78364
7804,96,1.78364
7805,98,1.78363
7806,96,1.78363
7807,99,1.78363
7808,97,1.78363
7809,96,1.78363
7810,97,1.78363
7811,97,1.78363
7812,95,1.78364
7813,98,1.78364
7814,98,1.78364
7815,99,1.78364
7816,100,1.78364
7817,97,1.78364
7818,100,1.78364
7819,100,1.78364
7820,97,1.78364
7821,97,1.78364
7822,97,1.78364
7823,100,1.78365
7824,99,1.78365
7825,100,1.78365
7826,98,1.78365
7827,98,1.78365
7828,97,1.78365
7829,96,1.78365
7830,98,1.78365
7831,98,1.78365
7832,97,1.78365
7833,98,1.78365
7834,100,1.78365
7835,99,1.78365
7836,96,1.78365
7837,98,1.78365
7838,97,1.78365
7839,98,1.78365
7840,95,1.78365
7841,100,1.78365
7842,100,1.78365
7843,100,1.78365
7844,98,1.78365
7845,98,1.78365
7846,99,1.78365
7847,99,1.78364
7848,100,1.78364
7849,99,1.78364
7850,98,1.78363
7851,99,1.78362
7852,99,1.78362
7853,98,1.78362
7854,97,1.7836
7855,96,1.7836
7856,98,1.7836
7857,96,1.7836
7858,99,1.78359
7859,97,1.78359
7860,96,1.78359
7861,97,1.78359
7862,97,1.78359
7863,95,1.78359
7864,98,1.78359
7865,98,1.78359
7866,99,1.78359
7867,100,1.78359
7868,97,1.78359
7869,100,1.78359
7870,100,1.78359
7871,97,1.78359
7872,97,1.78357
7873,97,1.78357
7874,100,1.78357
7875,99,1.78357
7876,100,1.78357
7877,98,1.78357
7878,98,1.78357
7879,97,1.78357
7880,96,1.78357
7881,98,1.78357
7882,98,1.78357
7883,97,1.78357
7884,98,1.78357
7885,100,1.78357
7886,99,1.78357
7887,96,1.78357
7888,98,1.78357
7889,97,1.78357
7890,98,1.78357
7891,95,1.78357
7892,100,1.78355
7893,100,1.78354
7894,100,1.78354
7895,98,1.78354
7896,98,1.78354
7897,99,1.78354
7898,99,1.78353
7899,100,1.78353
7900,99,1.78354
7901,98,1.78353
7902,99,1.78351
7903,99,1.78351
7904,98,1.78351
7905,97,1.7835
7906,96,1.78349
7907,98,1.78349
7908,96,1.78348
7909,99,1.78348
7910,97,1.78348
7911,96,1.78348
7912,97,1.78349
7913,97,1.78349
7914,95,1.78349
7915,98,1.78349
7916,98,1.78349
7917,99,1.78349
7918,100,1.78349
7919,97,1.78349
7920,100,1.78348
7921,100,1.78348
7922,97,1.78348
7923,97,1.78347
7924,97,1.78347
7925,100,1.78347
7926,99,1.78347
7927,100,1.78348
7928,98,1.78348
7929,98,1.78347
7930,97,1.78347
7931,96,1.78348
7932,98,1.78348
7933,98,1.78348
7934,97,1.78348
7935,98,1.78348
7936,100,1.78347
7937,99,1.78347
7938,96,1.78347
7939,98,1.78347
7940,97,1.78347
7941,98,1.78348
7942,95,1.78348
7943,100,1.78346
7944,100,1.78346
7945,100,1.78346
7946,98,1.78346
7947,98,1.78346
7948,99,1.78346
7949,99,1.78345
7950,100,1.78345
7951,99,1.78345
7952,98,1.78344
7953,99,1.78343
7954,99,1.78343
7955,98,1.78343
7956,97,1.78342
7957,96,1.78342
7958,98,1.78341
7959,96,1.7834
7960,99,1.7834
7961,97,1.7834
7962,96,1.7834
7963,97,1.7834
7964,97,1.7834
7965,95,1.7834
7966,98,1.7834
7967,98,1.7834
7968,99,1.7834
7969,100,1.7834
7970,97,1.7834
7971,100,1.7834
7972,100,1.7834
7973,97,1.7834
7974,97,1.78337
7975,97,1.78336
7976,100,1.78336
7977,99,1.78336
7978,100,1.78336
7979,98,1.78336
7980,98,1.78336
7981,97,1.78336
7982,96,1.78336
7983,98,1.78336
7984,98,1.78336
7985,97,1.78337
7986,98,1.78337
7987,100,1.78337
7988,99,1.78337
7989,96,1.78337
7990,98,1.78336
7991,97,1.78336
7992,98,1.78337
7993,95,1.78336
7994,100,1.78333
7995,100,1.78331
7996,100,1.78331
7997,98,1.78331
7998,98,1.78331
7999,99,1.78331
8000,99,1.7833
8001,100,1.7833
8002,99,1.7833
8003,98,1.78329
8004,99,1.78329
8005,99,1.78329
8006,98,1.78329
8007,97,1.78327
8008,96,1.78324
8009,97,1.78323
8010,95,1.78322
8011,98,1.78321
8012,96,1.7832
8013,95,1.78319
8014,96,1.78318
8015,96,1.78317
8016,94,1.78317
8017,97,1.78316
8018,97,1.78317
8019,98,1.78318
8020,99,1.78318
8021,96,1.7832
8022,99,1.78322
8023,99,1.78325
8024,96,1.78328
8025,95,1.7832
8026,95,1.78319
8027,98,1.78319
8028,97,1.78319
8029,98,1.78318
8030,96,1.78318
8031,96,1.78319
8032,95,1.78322
8033,94,1.78325
8034,96,1.78329
8035,96,1.78334
8036,95,1.78339
8037,96,1.78346
8038,98,1.78353
8039,97,1.78361
8040,94,1.78371
8041,96,1.7838
8042,95,1.78389
8043,96,1.78398
8044,93,1.78407
8045,97,1.78411
8046,97,1.78416
8047,97,1.78423
8048,95,1.78429
8049,95,1.78437
8050,96,1.78445
8051,97,1.78453
8052,98,1.78462
8053,97,1.78478
8054,96,1.78494
8055,97,1.78512
8056,97,1.7853
8057,96,1.7855
8058,95,1.78569
8059,94,1.78579
8060,96,1.78585
8061,94,1.78593
8062,97,1.78611
8063,95,1.78633
8064,94,1.78656
8065,95,1.78679
8066,95,1.78705
8067,93,1.78732
8068,96,1.7876
8069,96,1.78788
8070,97,1.78817
8071,98,1.78847
8072,95,1.78878
8073,98,1.78909
8074,98,1.78941
8075,96,1.78974
8076,95,1.78993
8077,95,1.7901
8078,98,1.79042
8079,97,1.79077
8080,98,1.79113
8081,96,1.7915
8082,96,1.79187
8083,95,1.79225
8084,94,1.79264
8085,96,1.79303
8086,96,1.79342
8087,95,1.79382
8088,96,1.79423
8089,98,1.79464
8090,97,1.79506
8091,94,1.79549
8092,96,1.79591
8093,95,1.79635
8094,96,1.79679
8095,94,1.79721
8096,98,1.79763
8097,98,1.79805
8098,98,1.79851
8099,96,1.79897
8100,96,1.79944
8101,96,1.79991
8102,97,1.80034
8103,98,1.80077
8104,97,1.80125
8105,96,1.80173
8106,97,1.80222
8107,97,1.80272
8108,96,1.80323
8109,96,1.80368
8110,94,1.8041
8111,96,1.80436
8112,94,1.80459
8113,96,1.80492
8114,95,1.80524
8115,94,1.80553
8116,95,1.80584
8117,95,1.80615
8118,94,1.80647
8119,97,1.8068
8120,97,1.80692
8121,98,1.807
8122,99,1.80707
8123,96,1.80716
8124,99,1.80724
8125,99,1.80733
8126,97,1.80742
8127,96,1.80738
8128,96,1.80731
8129,99,1.80739
8130,98,1.80749
8131,99,1.80759
8132,97,1.8077
8133,97,1.80781
8134,96,1.80792
8135,95,1.80804
8136,97,1.80815
8137,97,1.80827
8138,96,1.80839
8139,97,1.80852
8140,99,1.80865
8141,98,1.80878
8142,95,1.80891
8143,97,1.80904
8144,96,1.80918
8145,97,1.80932
8146,95,1.80943
8147,99,1.80953
8148,99,1.8096
8149,99,1.80966
8150,97,1.80969
8151,97,1.80965
8152,97,1.80957
8153,98,1.80943
8154,99,1.80923
8155,98,1.80901
8156,97,1.80878
8157,98,1.80855
8158,98,1.80833
8159,97,1.80812
8160,97,1.80789
8161,95,1.80764
8162,97,1.80719
8163,96,1.80679
8164,97,1.80656
8165,96,1.80636
8166,95,1.80616
8167,96,1.80596
8168,95,1.80577
8169,94,1.80579
8170,97,1.80587
8171,97,1.80573
8172,98,1.80554
8173,99,1.80535
8174,96,1.80517
8175,99,1.80499
8176,99,1.80481
8177,97,1.80464
8178,96,1.80434
8179,96,1.80402
8180,99,1.80382
8181,98,1.80366
8182,99,1.80349
8183,98,1.80333
8184,98,1.80317
8185,97,1.80315
8186,96,1.80315
8187,98,1.80315
8188,98,1.80315
8189,97,1.80315
8190,98,1.80315
8191,100,1.80315
8192,99,1.80315
8193,96,1.80315
8194,98,1.80315
8195,97,1.80315
8196,98,1.80315
8197,96,1.80311
8198,99,1.80305
8199,99,1.80304
8200,100,1.80302
8201,98,1.80298
8202,98,1.80292
8203,98,1.80292
8204,99,1.80291
8205,100,1.80291
8206,99,1.80292
8207,98,1.80291
8208,99,1.8029
8209,99,1.80289
8210,98,1.80289
8211,98,1.80288
8212,96,1.80284
8213,98,1.80266
8214,97,1.80255
8215,98,1.80254
8216,97,1.80254
8217,96,1.80254
8218,97,1.80254
8219,96,1.80253
8220,95,1.80276
8221,98,1.803
8222,98,1.803
8223,99,1.803
8224,100,1.803
8225,97,1.803
8226,100,1.803
8227,100,1.803
8228,98,1.803
8229,97,1.80288
8230,97,1.80281
8231,100,1.80281
8232,99,1.80281
8233,99,1.80281
8234,98,1.80268
8235,98,1.80253
8236,97,1.8025
8237,96,1.8025
8238,98,1.8025
8239,98,1.8025
8240,97,1.8025
8241,98,1.8025
8242,100,1.8025
8243,99,1.8025
8244,96,1.8025
8245,98,1.8025
8246,97,1.8025
8247,98,1.8025
8248,97,1.80246
8249,100,1.80239
8250,99,1.80238
8251,100,1.80238
8252,98,1.80238
8253,98,1.80237
8254,98,1.80237
8255,99,1.80236
8256,100,1.80236
8257,99,1.80236
8258,98,1.80235
8259,99,1.80235
8260,99,1.80234
8261,98,1.80234
8262,98,1.80233
8263,96,1.80229
8264,98,1.80213
8265,97,1.80211
8266,98,1.80211
8267,97,1.80211
8268,96,1.80211
8269,97,1.80211
8270,96,1.80211
8271,95,1.80211
8272,98,1.80211
8273,98,1.80206
8274,99,1.80204
8275,100,1.80204
8276,97,1.80204
8277,100,1.80204
8278,100,1.80204
8279,98,1.80204
8280,97,1.80196
8281,97,1.80196
8282,100,1.80196
8283,99,1.80196
8284,99,1.80196
8285,98,1.80184
8286,98,1.80169
8287,97,1.80169
8288,96,1.80169
8289,98,1.80169
8290,98,1.80169
8291,97,1.80169
8292,98,1.80169
8293,100,1.80169
8294,99,1.80169
8295,96,1.80169
8296,98,1.80169
8297,97,1.80169
8298,98,1.80169
8299,97,1.80164
8300,100,1.80161
8301,99,1.80161
8302,100,1.80161
8303,98,1.80161
8304,98,1.8016
8305,98,1.8016
8306,99,1.80159
8307,100,1.8016
8308,99,1.8016
8309,98,1.80159
8310,99,1.80158
8311,99,1.80149
8312,98,1.80149
8313,98,1.80148
8314,96,1.80143
8315,98,1.80133
8316,97,1.80129
8317,98,1.80129
8318,97,1.80129
8319,96,1.80129
8320,97,1.80129
8321,96,1.80129
8322,95,1.80128
8323,98,1.80129
8324,98,1.80129
8325,99,1.80129
8326,100,1.80129
8327,97,1.80129
8328,100,1.80129
8329,100,1.80129
8330,98,1.80129
8331,97,1.80129
8332,97,1.80129
8333,100,1.80129
8334,99,1.80129
8335,99,1.80129
8336,98,1.80129
8337,98,1.80129
8338,97,1.80129
8339,96,1.80129
8340,98,1.80129
8341,98,1.80129
8342,97,1.80129
8343,98,1.80129
8344,100,1.80129
8345,99,1.80129
8346,96,1.80129
8347,98,1.80129
8348,97,1.80129
8349,98,1.80129
8350,97,1.80123
8351,100,1.80119
8352,99,1.80118
8353,100,1.80118
8354,98,1.80118
8355,98,1.80117
8356,98,1.80117
8357,99,1.80116
8358,100,1.80116
8359,99,1.80116
8360,98,1.80115
8361,99,1.80114
8362,99,1.80114
8363,98,1.80115
8364,98,1.80114
8365,96,1.80112
8366,98,1.801
8367,97,1.80096
8368,98,1.80096
8369,96,1.80095
8370,95,1.80095
8371,96,1.80094
8372,95,1.80093
8373,94,1.80092
8374,97,1.80091
8375,97,1.80091
8376,98,1.8009
8377,99,1.8009
8378,96,1.8009
8379,99,1.8009
8380,99,1.80091
8381,97,1.80092
8382,96,1.80093
8383,96,1.80095
8384,99,1.80097
8385,98,1.801
8386,98,1.80102
8387,97,1.80106
8388,97,1.80109
8389,96,1.80113
8390,95,1.80117
8391,97,1.80122
8392,97,1.80126
8393,96,1.80132
8394,97,1.80137
8395,99,1.80143
8396,98,1.80149
8397,95,1.80155
8398,97,1.80162
8399,96,1.80169
8400,97,1.80177
8401,95,1.80176
8402,98,1.80172
8403,97,1.80171
8404,98,1.8018
8405,96,1.80195
8406,96,1.80205
8407,97,1.80219
8408,97,1.80229
8409,98,1.80233
8410,97,1.80236
8411,96,1.80239
8412,97,1.80242
8413,97,1.80247
8414,95,1.80251
8415,95,1.80254
8416,93,1.80256
8417,94,1.80246
8418,93,1.80244
8419,95,1.80253
8420,94,1.80265
8421,93,1.80279
8422,94,1.803
8423,93,1.80322
8424,91,1.8034
8425,94,1.80359
8426,94,1.8038
8427,95,1.80403
8428,96,1.80428
8429,93,1.80454
8430,96,1.80481
8431,96,1.80509
8432,94,1.80538
8433,93,1.80556
8434,93,1.80572
8435,96,1.80602
8436,95,1.80634
8437,95,1.80666
8438,94,1.80699
8439,94,1.80733
8440,93,1.80769
8441,92,1.80806
8442,94,1.80845
8443,94,1.80884
8444,94,1.80925
8445,95,1.80967
8446,97,1.81007
8447,96,1.81047
8448,93,1.81089
8449,95,1.8113
8450,94,1.81169
8451,96,1.81209
8452,94,1.81249
8453,98,1.81292
8454,97,1.81332
8455,97,1.81369
8456,96,1.81408
8457,95,1.81442
8458,96,1.81499
8459,96,1.81558
8460,97,1.8162
8461,96,1.81682
8462,95,1.81744
8463,96,1.81806
8464,97,1.81871
8465,95,1.81936
8466,95,1.82001
8467,93,1.82057
8468,93,1.82104
8469,93,1.82162
8470,94,1.82224
8471,93,1.82289
8472,92,1.82356
8473,93,1.82429
8474,93,1.82504
8475,91,1.82582
8476,94,1.82663
8477,94,1.82744
8478,95,1.82827
8479,96,1.82909
8480,94,1.82993
8481,96,1.83053
8482,96,1.83112
8483,94,1.83172
8484,93,1.83201
8485,93,1.83242
8486,96,1.83288
8487,95,1.83329
8488,96,1.83367
8489,95,1.83374
8490,95,1.83361
8491,94,1.83338
8492,93,1.83336
8493,95,1.83337
8494,94,1.83317
8495,94,1.83309
8496,95,1.833
8497,97,1.83283
8498,96,1.8326
8499,93,1.83233
8500,95,1.83202
8501,94,1.83162
8502,95,1.83114
8503,92,1.83066
8504,96,1.83017
8505,96,1.82968
8506,96,1.82924
8507,95,1.82882
8508,95,1.82845
8509,96,1.82815
8510,96,1.828
8511,98,1.82786
8512,97,1.82772
8513,97,1.82775
8514,98,1.82787
8515,99,1.82802
8516,97,1.82821
8517,98,1.82841
8518,97,1.82871
8519,96,1.82901
8520,96,1.82932
8521,97,1.82964
8522,96,1.82996
8523,95,1.83028
8524,96,1.83059
8525,96,1.83084
8526,94,1.8311
8527,97,1.83142
8528,97,1.83175
8529,98,1.83209
8530,98,1.83242
8531,97,1.83292
8532,99,1.83345
8533,99,1.83382
8534,97,1.83417
8535,96,1.83422
8536,96,1.83449
8537,99,1.83455
8538,97,1.83472
8539,98,1.835
8540,97,1.83527
8541,97,1.83537
8542,96,1.8354
8543,95,1.83537
8544,97,1.83529
8545,96,1.83513
8546,96,1.83498
8547,97,1.83485
8548,99,1.83468
8549,98,1.83451
8550,95,1.83434
8551,97,1.83418
8552,97,1.83401
8553,98,1.83385
8554,95,1.8337
8555,99,1.83354
8556,98,1.83339
8557,97,1.83316
8558,97,1.83294
8559,97,1.83273
8560,98,1.83258
8561,97,1.83244
8562,99,1.8322
8563,97,1.83199
8564,97,1.83197
8565,98,1.83206
8566,99,1.83216
8567,97,1.83226
8568,98,1.83236
8569,97,1.83247
8570,96,1.83256
8571,96,1.83267
8572,97,1.8328
8573,96,1.83293
8574,95,1.83306
8575,96,1.83318
8576,96,1.83326
8577,94,1.83334
8578,97,1.83345
8579,97,1.8336
8580,98,1.8338
8581,98,1.83403
8582,97,1.83453
8583,99,1.83495
8584,99,1.8353
8585,97,1.83565
8586,96,1.83599
8587,96,1.83634
8588,99,1.8367
8589,97,1.83705
8590,98,1.83751
8591,97,1.83791
8592,97,1.83826
8593,96,1.83862
8594,95,1.83897
8595,97,1.83903
8596,96,1.83903
8597,96,1.83903
8598,97,1.83903
8599,99,1.83903
8600,98,1.83902
8601,95,1.83895
8602,97,1.83883
8603,97,1.83866
8604,98,1.83846
8605,95,1.83822
8606,99,1.83796
8607,99,1.8376
8608,97,1.83724
8609,97,1.83683
8610,97,1.83642
8611,98,1.83606
8612,98,1.8357
8613,100,1.83521
8614,98,1.83502
8615,98,1.83503
8616,99,1.83506
8617,100,1.83507
8618,98,1.83507
8619,99,1.83505
8620,98,1.83505
8621,97,1.83505
8622,97,1.83505
8623,98,1.83505
8624,97,1.83505
8625,96,1.83505
8626,97,1.83505
8627,97,1.835
8628,95,1.83496
8629,98,1.83496
8630,98,1.83496
8631,99,1.83496
8632,99,1.83496
8633,98,1.83496
8634,100,1.83496
8635,100,1.83496
8636,98,1.83496
8637,97,1.83496
8638,97,1.83495
8639,100,1.83495
8640,98,1.83495
8641,99,1.83495
8642,98,1.83495
8643,98,1.83495
8644,97,1.83495
8645,96,1.83495
8646,98,1.83495
8647,97,1.83495
8648,97,1.83495
8649,98,1.83495
8650,100,1.83495
8651,99,1.83495
8652,96,1.83495
8653,98,1.83495
8654,98,1.83495
8655,99,1.83495
8656,96,1.83495
8657,100,1.83495
8658,100,1.83495
8659,98,1.83495
8660,98,1.83495
8661,98,1.83495
8662,98,1.83495
8663,98,1.83465
8664,100,1.83425
8665,98,1.83414
8666,98,1.83412
8667,99,1.83411
8668,100,1.83411
8669,98,1.83411
8670,99,1.8341
8671,98,1.8341
8672,97,1.8341
8673,97,1.8341
8674,98,1.8341
8675,97,1.8341
8676,96,1.8341
8677,97,1.8341
8678,97,1.83406
8679,95,1.83405
8680,98,1.83405
8681,98,1.83405
8682,99,1.83405
8683,99,1.83405
8684,98,1.83405
8685,100,1.83405
8686,100,1.83405
8687,98,1.83405
8688,97,1.83405
8689,97,1.83405
8690,100,1.83405
8691,98,1.83405
8692,99,1.83405
8693,98,1.83405
8694,98,1.83405
8695,97,1.83405
8696,96,1.83405
8697,98,1.83405
8698,97,1.83405
8699,97,1.83405
8700,98,1.83405
8701,100,1.83405
8702,99,1.83405
8703,96,1.83405
8704,98,1.83404
8705,98,1.83405
8706,99,1.83405
8707,96,1.83405
8708,100,1.83405
8709,100,1.83405
8710,98,1.83405
8711,98,1.83405
8712,98,1.83405
8713,98,1.83405
8714,98,1.83375
8715,100,1.83345
8716,98,1.83338
8717,98,1.83337
8718,99,1.83336
8719,100,1.83336
8720,98,1.83336
8721,99,1.83336
8722,98,1.83336
8723,97,1.83336
8724,97,1.83335
8725,98,1.83334
8726,97,1.83334
8727,96,1.83334
8728,97,1.83334
8729,97,1.83334
8730,95,1.83334
8731,98,1.83334
8732,98,1.83334
8733,99,1.83334
8734,99,1.83334
8735,98,1.83334
8736,100,1.83334
8737,100,1.83334
8738,98,1.83334
8739,97,1.83334
8740,97,1.83334
8741,100,1.83334
8742,98,1.83334
8743,99,1.83334
8744,98,1.83334
8745,98,1.83334
8746,97,1.83334
8747,96,1.83334
8748,98,1.83334
8749,97,1.83334
8750,97,1.83334
8751,98,1.83334
8752,100,1.83334
8753,99,1.83334
8754,96,1.83334
8755,98,1.83332
8756,98,1.83332
8757,99,1.83332
8758,96,1.83332
8759,100,1.83332
8760,100,1.83332
8761,98,1.83332
8762,98,1.83332
8763,98,1.83332
8764,98,1.83332
8765,98,1.83332
8766,100,1.83326
8767,98,1.83318
8768,98,1.83316
8769,99,1.83316
8770,100,1.83316
8771,98,1.83316
8772,99,1.83314
8773,98,1.83314
8774,97,1.83314
8775,97,1.83314
8776,98,1.83314
8777,97,1.83314
8778,96,1.83314
8779,97,1.83314
8780,97,1.83314
8781,95,1.83314
8782,98,1.83315
8783,98,1.83309
8784,99,1.83305
8785,99,1.83305
8786,98,1.83305
8787,100,1.83305
8788,100,1.83305
8789,98,1.83305
8790,97,1.83305
8791,97,1.83305
8792,100,1.83305
8793,98,1.83305
8794,99,1.83305
8795,98,1.83305
8796,98,1.83305
8797,97,1.83305
8798,96,1.83305
8799,98,1.83306
8800,97,1.83305
8801,97,1.83305
8802,98,1.83305
8803,100,1.83305
8804,99,1.83305
8805,96,1.83305
8806,98,1.83305
8807,98,1.83305
8808,99,1.83306
8809,96,1.83306
8810,100,1.83306
8811,100,1.83306
8812,98,1.83306
8813,98,1.83305
8814,98,1.83305
8815,98,1.83305
8816,98,1.83305
8817,100,1.83297
8818,98,1.83287
8819,98,1.83285
8820,99,1.83284
8821,100,1.83271
8822,98,1.83271
8823,99,1.8327
8824,98,1.8327
8825,97,1.8327
8826,97,1.8327
8827,98,1.8327
8828,97,1.8327
8829,96,1.8327
8830,97,1.8327
8831,97,1.8327
8832,95,1.8327
8833,98,1.8327
8834,98,1.83269
8835,99,1.83269
8836,99,1.83269
8837,98,1.8327
8838,100,1.83269
8839,100,1.83269
8840,98,1.83269
8841,97,1.83269
8842,97,1.83269
8843,100,1.83269
8844,98,1.83269
8845,99,1.8327
8846,98,1.83269
8847,98,1.83269
8848,97,1.83269
8849,96,1.83269
8850,98,1.8327
8851,97,1.83269
8852,97,1.83269
8853,98,1.8327
8854,100,1.8327
8855,99,1.8327
8856,96,1.8327
8857,98,1.83269
8858,98,1.83269
8859,99,1.83274
8860,96,1.83274
8861,100,1.83274
8862,100,1.83274
8863,98,1.83274
8864,98,1.83274
8865,98,1.83274
8866,98,1.83274
8867,98,1.83274
8868,100,1.83265
8869,98,1.83252
8870,98,1.8325
8871,99,1.83249
8872,100,1.83249
8873,98,1.83249
8874,99,1.83248
8875,98,1.83248
8876,97,1.83248
8877,97,1.83248
8878,98,1.83248
8879,97,1.83248
8880,96,1.83248
8881,97,1.83248
8882,97,1.83248
8883,95,1.83248
8884,98,1.83248
8885,98,1.83248
8886,99,1.83248
8887,99,1.83248
8888,98,1.83248
8889,100,1.83248
8890,100,1.83248
8891,98,1.83248
8892,97,1.83248
8893,97,1.83248
8894,100,1.83248
8895,98,1.83248
8896,99,1.83247
8897,98,1.83247
8898,98,1.83247
8899,97,1.83247
8900,96,1.83247
8901,98,1.83247
8902,97,1.83247
8903,97,1.83246
8904,98,1.83246
8905,100,1.83246
8906,99,1.83246
8907,96,1.83246
8908,98,1.83246
8909,98,1.83246
8910,99,1.83246
8911,96,1.83246
8912,100,1.83246
8913,100,1.83246
8914,98,1.83246
8915,98,1.83246
8916,98,1.83246
8917,98,1.83246
8918,98,1.83245
8919,99,1.83235
8920,97,1.83223
8921,97,1.83208
8922,98,1.8319
8923,99,1.83171
8924,97,1.8315
8925,98,1.83128
8926,97,1.83107
8927,96,1.83088
8928,96,1.8307
8929,97,1.83056
8930,96,1.83043
8931,95,1.8303
8932,96,1.83018
8933,96,1.83006
8934,94,1.82994
8935,97,1.82985
8936,97,1.82973
8937,98,1.82962
8938,98,1.82951
8939,97,1.8294
8940,99,1.8293
8941,99,1.8292
8942,97,1.8291
8943,96,1.829
8944,96,1.8289
8945,99,1.82881
8946,97,1.82872
8947,98,1.82863
8948,97,1.82855
8949,97,1.82846
8950,96,1.82838
8951,95,1.8283
8952,97,1.82822
8953,96,1.82815
8954,96,1.82808
8955,97,1.82801
8956,99,1.82794
8957,98,1.82787
8958,95,1.82781
8959,97,1.82775
8960,97,1.82769
8961,98,1.82764
8962,95,1.82759
8963,99,1.82753
8964,99,1.82749
8965,97,1.82744
8966,97,1.8274
8967,97,1.82736
8968,97,1.82732
8969,98,1.82728
8970,99,1.82725
8971,97,1.82722
8972,97,1.82718
8973,98,1.82715
8974,100,1.82712
8975,98,1.8271
8976,99,1.82709
8977,98,1.82709
8978,97,1.82709
8979,97,1.82709
8980,98,1.82709
8981,97,1.82709
8982,96,1.82709
8983,97,1.82709
8984,97,1.82709
8985,95,1.82709
8986,98,1.82708
8987,98,1.82708
8988,99,1.82708
8989,99,1.82708
8990,98,1.82708
8991,100,1.82708
8992,100,1.82708
8993,98,1.82708
8994,97,1.82708
8995,97,1.82708
8996,100,1.82708
8997,98,1.82708
8998,99,1.82708
8999,98,1.82708
9000,98,1.82708
9001,97,1.82708
9002,96,1.82708
9003,98,1.82708
9004,97,1.82708
9005,97,1.82708
9006,98,1.82708
9007,100,1.82708
9008,99,1.82708
9009,96,1.82708
9010,98,1.82708
9011,98,1.82708
9012,99,1.82708
9013,96,1.82708
9014,100,1.82708
9015,100,1.82708
9016,98,1.82708
9017,98,1.82708
9018,98,1.82708
9019,98,1.82708
9020,99,1.82707
9021,100,1.82708
9022,98,1.82708
9023,98,1.82707
9024,98,1.82707
9025,100,1.82705
9026,98,1.82704
9027,99,1.82702
9028,98,1.82702
9029,97,1.82702
9030,97,1.82702
9031,98,1.82702
9032,97,1.82702
9033,96,1.82702
9034,97,1.82702
9035,97,1.82702
9036,95,1.82703
9037,98,1.82703
9038,98,1.82703
9039,99,1.82703
9040,99,1.82703
9041,98,1.82703
9042,100,1.82703
9043,100,1.82703
9044,98,1.82703
9045,97,1.82703
9046,97,1.82703
9047,100,1.82703
9048,98,1.82703
9049,99,1.82703
9050,98,1.82703
9051,98,1.82703
9052,97,1.82703
9053,96,1.82704
9054,98,1.82704
9055,97,1.82704
9056,97,1.82704
9057,98,1.82704
9058,100,1.82704
9059,99,1.82704
9060,96,1.82704
9061,98,1.82704
9062,98,1.82704
9063,99,1.82704
9064,96,1.82704
9065,100,1.82704
9066,100,1.82704
9067,98,1.82704
9068,98,1.82704
9069,98,1.82704
9070,98,1.82704
9071,99,1.82704
9072,100,1.82704
9073,98,1.82704
9074,98,1.82703
9075,98,1.82702
9076,100,1.82701
9077,98,1.827
9078,99,1.82698
9079,98,1.82698
9080,97,1.82698
9081,97,1.82698
9082,98,1.82698
9083,97,1.82698
9084,96,1.82698
9085,97,1.82699
9086,97,1.82699
9087,95,1.82699
9088,98,1.827
9089,98,1.827
9090,99,1.827
9091,99,1.827
9092,98,1.827
9093,100,1.827
9094,100,1.827
9095,98,1.827
9096,97,1.827
9097,97,1.827
9098,100,1.827
9099,98,1.827
9100,99,1.827
9101,98,1.827
9102,98,1.827
9103,97,1.827
9104,96,1.827
9105,98,1.827
9106,97,1.82699
9107,97,1.82699
9108,98,1.82699
9109,100,1.82699
9110,99,1.82699
9111,96,1.82699
9112,98,1.82699
9113,98,1.82699
9114,99,1.82699
9115,96,1.82699
9116,100,1.827
9117,100,1.827
9118,98,1.827
9119,98,1.827
9120,98,1.827
9121,98,1.827
9122,99,1.82699
9123,100,1.82699
9124,98,1.82699
9125,98,1.82691
9126,98,1.82681
9127,100,1.82679
9128,98,1.82677
9129,99,1.82662
9130,98,1.82662
9131,97,1.82662
9132,97,1.82662
9133,98,1.82662
9134,97,1.82662
9135,96,1.82662
9136,97,1.82662
9137,97,1.82661
9138,95,1.82661
9139,98,1.82661
9140,98,1.82661
9141,99,1.82661
9142,99,1.82661
9143,98,1.82661
9144,100,1.8266
9145,100,1.8266
9146,98,1.8266
9147,97,1.8266
9148,97,1.8266
9149,100,1.8266
9150,98,1.8266
9151,99,1.8266
9152,98,1.8266
9153,98,1.8266
9154,97,1.8266
9155,96,1.8266
9156,98,1.8266
9157,97,1.8266
9158,97,1.8266
9159,98,1.8266
9160,100,1.8266
9161,99,1.8266
9162,96,1.8266
9163,98,1.8266
9164,98,1.8266
9165,99,1.82661
9166,96,1.82662
9167,100,1.82662
9168,100,1.82662
9169,98,1.82662
9170,98,1.82662
9171,98,1.82662
9172,98,1.82662
9173,99,1.82656
9174,100,1.82656
9175,98,1.82656
9176,98,1.82655
9177,98,1.82654
9178,100,1.82652
9179,98,1.8265
9180,99,1.82648
9181,98,1.82648
9182,97,1.82648
9183,97,1.82648
9184,98,1.82647
9185,97,1.82647
9186,96,1.82647
9187,97,1.82647
9188,97,1.82647
9189,95,1.8265
9190,98,1.8265
9191,98,1.8265
9192,99,1.8265
9193,99,1.8265
9194,98,1.8265
9195,100,1.8265
9196,100,1.8265
9197,98,1.8265
9198,97,1.8265
9199,97,1.8265
9200,100,1.8265
9201,98,1.8265
9202,99,1.8265
9203,98,1.8265
9204,98,1.8265
9205,97,1.8265
9206,96,1.8265
9207,98,1.8265
9208,97,1.8265
9209,97,1.82651
9210,98,1.82651
9211,100,1.82651
9212,99,1.82651
9213,96,1.82651
9214,98,1.82652
9215,98,1.82652
9216,99,1.82653
9217,96,1.82654
9218,100,1.82654
9219,100,1.82654
9220,98,1.82654
9221,98,1.82654
9222,98,1.82654
9223,98,1.82654
9224,99,1.82653
9225,100,1.82653
9226,98,1.82654
9227,98,1.82653
9228,98,1.82652
9229,100,1.8265
9230,98,1.82647
9231,99,1.82647
9232,98,1.82647
9233,97,1.82647
9234,97,1.82647
9235,98,1.82647
9236,97,1.82647
9237,96,1.82647
9238,97,1.82647
9239,97,1.82647
9240,95,1.82647
9241,98,1.82647
9242,98,1.82647
9243,99,1.82647
9244,99,1.82647
9245,98,1.82647
9246,100,1.82647
9247,100,1.82647
9248,98,1.82647
9249,97,1.82647
9250,97,1.82645
9251,100,1.82645
9252,98,1.82645
9253,99,1.82644
9254,98,1.82644
9255,98,1.82644
9256,97,1.82644
9257,96,1.82645
9258,98,1.82645
9259,97,1.82645
9260,97,1.82645
9261,98,1.82645
9262,100,1.82645
9263,99,1.82645
9264,96,1.82645
9265,98,1.82645
9266,98,1.82645
9267,99,1.82645
9268,96,1.82645
9269,100,1.82645
9270,100,1.82645
9271,98,1.82645
9272,98,1.82645
9273,98,1.82645
9274,98,1.82645
9275,99,1.82645
9276,100,1.82645
9277,98,1.82645
9278,98,1.82645
9279,98,1.82644
9280,100,1.82641
9281,98,1.82638
9282,99,1.82636
9283,98,1.82636
9284,97,1.82636
9285,97,1.82636
9286,98,1.82636
9287,97,1.82636
9288,96,1.82636
9289,97,1.82635
9290,97,1.82635
9291,95,1.82635
9292,98,1.82636
9293,98,1.82635
9294,99,1.82635
9295,99,1.82635
9296,98,1.82635
9297,100,1.82635
9298,100,1.82635
9299,98,1.82635
9300,97,1.82635
9301,97,1.82635
9302,100,1.82635
9303,98,1.82635
9304,99,1.82635
9305,98,1.82635
9306,98,1.82635
9307,97,1.82635
9308,96,1.82635
9309,98,1.82635
9310,97,1.82635
9311,97,1.82635
9312,98,1.82635
9313,100,1.82635
9314,99,1.82635
9315,96,1.82635
9316,98,1.82635
9317,98,1.82635
9318,99,1.82636
9319,96,1.82636
9320,100,1.82637
9321,100,1.82637
9322,98,1.82637
9323,98,1.82636
9324,98,1.82636
9325,98,1.82636
9326,99,1.82635
9327,100,1.82636
9328,98,1.82636
9329,98,1.82635
9330,98,1.82635
9331,100,1.82628
9332,98,1.82623
9333,99,1.82621
9334,98,1.82621
9335,97,1.82621
9336,97,1.82621
9337,98,1.82621
9338,97,1.82621
9339,96,1.82621
9340,97,1.82621
9341,97,1.82621
9342,95,1.82621
9343,98,1.82621
9344,98,1.82621
9345,99,1.82621
9346,99,1.82621
9347,98,1.82621
9348,100,1.82621
9349,100,1.82621
9350,98,1.82621
9351,97,1.82621
9352,97,1.82622
9353,100,1.82622
9354,98,1.82622
9355,99,1.82622
9356,98,1.82622
9357,98,1.82622
9358,97,1.82622
9359,96,1.82622
9360,98,1.82622
9361,97,1.82622
9362,97,1.82622
9363,98,1.82622
9364,100,1.82622
9365,99,1.82622
9366,96,1.82622
9367,98,1.82621
9368,98,1.82621
9369,99,1.82622
9370,96,1.82623
9371,100,1.82623
9372,100,1.82623
9373,98,1.82623
9374,98,1.82623
9375,98,1.82623
9376,98,1.82623
9377,99,1.82623
9378,100,1.82623
9379,98,1.82623
9380,98,1.82622
9381,98,1.82622
9382,99,1.82618
9383,97,1.82614
9384,98,1.82606
9385,97,1.82596
9386,96,1.82585
9387,96,1.82571
9388,97,1.82556
9389,96,1.82539
9390,95,1.82521
9391,96,1.82498
9392,96,1.82475
9393,94,1.82452
9394,97,1.8243
9395,97,1.82408
9396,98,1.82386
9397,98,1.82365
9398,97,1.82344
9399,99,1.82323
9400,99,1.82303
9401,97,1.82283
9402,96,1.82263
9403,96,1.82244
9404,99,1.82225
9405,97,1.82206
9406,98,1.82187
9407,97,1.82169
9408,97,1.82151
9409,96,1.82138
9410,95,1.82126
9411,97,1.82115
9412,96,1.82106
9413,96,1.82097
9414,97,1.82088
9415,99,1.8208
9416,98,1.82072
9417,95,1.82067
9418,97,1.82063
9419,97,1.82062
9420,98,1.82065
9421,95,1.82071
9422,99,1.82081
9423,99,1.82091
9424,97,1.82102
9425,97,1.82113
9426,97,1.82125
9427,97,1.82137
9428,98,1.82149
9429,99,1.82161
9430,97,1.82174
9431,97,1.82187
9432,98,1.82199
9433,99,1.82213
9434,97,1.82227
9435,98,1.8224
9436,97,1.82255
9437,96,1.82269
9438,96,1.82284
9439,97,1.823
9440,96,1.82315
9441,95,1.82331
9442,96,1.82347
9443,96,1.82364
9444,94,1.82381
9445,97,1.82398
9446,97,1.82415
9447,98,1.82432
9448,98,1.8245
9449,97,1.82468
9450,99,1.82486
9451,99,1.82504
9452,97,1.82523
9453,96,1.82541
9454,96,1.82561
9455,99,1.8258
9456,97,1.82599
9457,98,1.82619
9458,97,1.82638
9459,97,1.82658
9460,96,1.82679
9461,95,1.82699
9462,97,1.8272
9463,96,1.82741
9464,96,1.82762
9465,97,1.82784
9466,99,1.82805
9467,98,1.82827
9468,95,1.82849
9469,97,1.82871
9470,97,1.82889
9471,98,1.82908
9472,95,1.82929
9473,99,1.82949
9474,99,1.82968
9475,97,1.82986
9476,97,1.83002
9477,97,1.83014
9478,97,1.83024
9479,98,1.83028
9480,99,1.83029
9481,97,1.8303
9482,97,1.8303
9483,98,1.8303
9484,99,1.83032
9485,97,1.83033
9486,98,1.83034
9487,97,1.83036
9488,96,1.83039
9489,96,1.83042
9490,97,1.83045
9491,96,1.83048
9492,95,1.83052
9493,96,1.83055
9494,96,1.83059
9495,94,1.83064
9496,97,1.83069
9497,97,1.83073
9498,98,1.83078
9499,98,1.83084
9500,97,1.83089
9501,99,1.83095
9502,99,1.83102
9503,97,1.83108
9504,96,1.83115
9505,96,1.83122
9506,99,1.83129
9507,97,1.83136
9508,98,1.83144
9509,97,1.83152
9510,97,1.8316
9511,96,1.83169
9512,95,1.83178
9513,97,1.83187
9514,96,1.83196
9515,96,1.83206
9516,97,1.83216
9517,99,1.83226
9518,98,1.83236
9519,95,1.83247
9520,97,1.83258
9521,97,1.83269
9522,98,1.83281
9523,95,1.83293
9524,99,1.83305
9525,99,1.83317
9526,97,1.8333
9527,97,1.83343
9528,97,1.83356
9529,97,1.8337
9530,98,1.8338
9531,99,1.83387
9532,97,1.83389
9533,97,1.83385
9534,98,1.83376
9535,99,1.8336
9536,97,1.83342
9537,98,1.83323
9538,97,1.83306
9539,96,1.83289
9540,96,1.83272
9541,97,1.83256
9542,96,1.8324
9543,95,1.83224
9544,96,1.83208
9545,96,1.83192
9546,94,1.83177
9547,97,1.83162
9548,97,1.83147
9549,98,1.83133
9550,98,1.83118
9551,97,1.83107
9552,99,1.83101
9553,99,1.83099
9554,97,1.83103
9555,96,1.83114
9556,96,1.83128
9557,99,1.83138
9558,97,1.83152
9559,98,1.8317
9560,97,1.83191
9561,97,1.83221
9562,96,1.83253
9563,95,1.83284
9564,97,1.83316
9565,96,1.83349
9566,96,1.83381
9567,97,1.83414
9568,99,1.83447
9569,98,1.8348
9570,95,1.83513
9571,97,1.83546
9572,97,1.8358
9573,98,1.83586
9574,95,1.83586
9575,99,1.83586
9576,99,1.83586
9577,97,1.83586
9578,97,1.83586
9579,97,1.83588
9580,97,1.83585
9581,98,1.83576
9582,99,1.83563
9583,97,1.83546
9584,97,1.83525
9585,98,1.83495
9586,99,1.83463
9587,97,1.83432
9588,98,1.834
9589,97,1.83369
9590,96,1.83339
9591,96,1.83308
9592,97,1.83277
9593,96,1.83247
9594,95,1.83218
9595,96,1.83189
9596,96,1.8316
9597,94,1.83133
9598,98,1.83105
9599,98,1.83071
9600,99,1.8306
9601,99,1.83059
9602,98,1.83059
9603,100,1.83059
9604,100,1.83059
9605,98,1.83059
9606,97,1.83059
9607,97,1.83059
9608,100,1.83059
9609,98,1.83059
9610,99,1.83059
9611,98,1.83059
9612,98,1.83059
9613,97,1.83058
9614,96,1.83058
9615,98,1.83058
9616,97,1.83058
9617,97,1.83058
9618,98,1.83058
9619,100,1.83058
9620,99,1.83058
9621,96,1.83058
9622,98,1.83058
9623,98,1.83058
9624,99,1.83059
9625,96,1.83059
9626,100,1.83059
9627,100,1.83059
9628,98,1.83059
9629,98,1.83059
9630,98,1.83059
9631,98,1.83059
9632,99,1.83059
9633,100,1.83059
9634,98,1.83059
9635,98,1.83058
9636,99,1.83057
9637,100,1.83042
9638,98,1.83041
9639,99,1.8304
9640,98,1.8304
9641,97,1.8304
9642,97,1.83039
9643,98,1.83037
9644,97,1.83037
9645,96,1.83037
9646,97,1.83037
9647,97,1.83037
9648,94,1.83037
9649,98,1.83014
9650,98,1.82987
9651,99,1.82982
9652,99,1.82982
9653,98,1.82983
9654,100,1.82983
9655,100,1.82983
9656,98,1.82983
9657,97,1.82983
9658,97,1.82983
9659,100,1.82983
9660,98,1.82983
9661,99,1.82983
9662,98,1.82983
9663,98,1.82983
9664,97,1.82983
9665,96,1.82983
9666,98,1.82983
9667,97,1.82983
9668,97,1.82983
9669,98,1.82983
9670,100,1.82983
9671,99,1.82983
9672,96,1.82983
9673,98,1.82983
9674,98,1.82983
9675,99,1.82983
9676,96,1.82983
9677,100,1.82983
9678,100,1.82983
9679,98,1.82983
9680,98,1.82983
9681,98,1.82983
9682,98,1.82983
9683,99,1.82982
9684,100,1.82982
9685,98,1.82982
9686,98,1.82982
9687,99,1.82981
9688,100,1.82981
9689,98,1.82981
9690,99,1.8298
9691,98,1.8298
9692,97,1.82979
9693,97,1.82979
9694,98,1.82979
9695,97,1.82979
9696,96,1.82979
9697,97,1.82979
9698,97,1.82979
9699,94,1.82979
9700,98,1.82957
9701,98,1.82932
9702,99,1.82929
9703,99,1.82929
9704,98,1.82929
9705,100,1.82929
9706,100,1.82929
9707,98,1.82929
9708,97,1.82929
9709,97,1.82929
9710,100,1.82929
9711,98,1.82929
9712,99,1.82929
9713,98,1.82928
9714,98,1.82928
9715,97,1.82928
9716,96,1.82928
9717,98,1.82928
9718,97,1.82928
9719,97,1.82928
9720,98,1.82928
9721,100,1.82928
9722,99,1.82928
9723,96,1.82928
9724,98,1.82928
9725,98,1.82928
9726,99,1.82928
9727,96,1.82928
9728,100,1.82928
9729,100,1.82928
9730,98,1.82928
9731,98,1.82928
9732,98,1.82928
9733,98,1.82928
9734,99,1.82927
9735,100,1.82927
9736,98,1.82927
9737,98,1.82927
9738,99,1.82926
9739,100,1.82926
9740,98,1.82926
9741,99,1.82924
9742,98,1.82924
9743,97,1.82924
9744,97,1.82924
9745,98,1.82924
9746,97,1.82924
9747,96,1.82924
9748,97,1.82924
9749,97,1.82924
9750,94,1.82924
9751,98,1.82924
9752,98,1.82924
9753,99,1.82924
9754,99,1.82924
9755,98,1.82924
9756,100,1.82924
9757,100,1.82924
9758,98,1.82924
9759,97,1.82924
9760,97,1.82924
9761,100,1.82924
9762,98,1.82924
9763,99,1.82925
9764,98,1.82924
9765,98,1.82924
9766,97,1.82924
9767,96,1.82924
9768,98,1.82924
9769,97,1.82924
9770,97,1.82924
9771,98,1.82925
9772,100,1.82925
9773,99,1.82925
9774,96,1.82925
9775,98,1.82924
9776,98,1.82924
9777,99,1.82931
9778,96,1.82931
9779,100,1.82931
9780,100,1.82931
9781,98,1.82931
9782,98,1.82931
9783,98,1.82931
9784,98,1.82931
9785,99,1.82931
9786,100,1.82931
9787,98,1.82931
9788,98,1.8293
9789,99,1.82929
9790,100,1.82929
9791,98,1.82929
9792,99,1.82928
9793,98,1.82928
9794,97,1.82928
9795,97,1.82928
9796,98,1.82928
9797,97,1.82928
9798,96,1.82928
9799,97,1.82928
9800,97,1.82928
9801,94,1.82928
9802,98,1.82928
9803,98,1.82928
9804,99,1.82928
9805,99,1.82928
9806,98,1.82928
9807,100,1.82928
9808,100,1.82928
9809,98,1.82928
9810,97,1.82928
9811,97,1.82928
9812,100,1.82928
9813,98,1.82928
9814,99,1.82926
9815,98,1.82927
9816,98,1.82927
9817,97,1.82927
9818,96,1.82927
9819,98,1.82927
9820,97,1.82927
9821,97,1.82927
9822,98,1.82927
9823,100,1.82927
9824,99,1.82927
9825,96,1.82927
9826,98,1.82926
9827,98,1.82926
9828,99,1.82927
9829,96,1.82927
9830,100,1.82927
9831,100,1.82927
9832,98,1.82927
9833,98,1.82927
9834,98,1.82927
9835,98,1.82927
9836,99,1.82925
9837,100,1.82926
9838,98,1.82926
9839,98,1.82925
9840,99,1.82925
9841,100,1.82925
9842,98,1.82925
9843,99,1.82923
9844,98,1.82923
9845,97,1.82923
9846,97,1.82923
9847,98,1.82923
9848,97,1.82923
9849,96,1.82923
9850,97,1.82923
9851,97,1.82923
9852,94,1.82924
9853,98,1.82924
9854,98,1.82924
9855,99,1.82924
9856,99,1.82924
9857,98,1.82924
9858,100,1.82924
9859,100,1.82924
9860,98,1.82924
9861,97,1.82924
9862,97,1.82924
9863,100,1.82924
9864,98,1.82924
9865,99,1.82925
9866,98,1.82925
9867,98,1.82925
9868,97,1.82925
9869,96,1.82925
9870,98,1.82925
9871,97,1.82925
9872,97,1.82925
9873,98,1.82925
9874,100,1.82925
9875,99,1.82925
9876,96,1.82925
9877,98,1.82925
9878,98,1.82926
9879,99,1.82934
9880,96,1.82936
9881,100,1.82936
9882,100,1.82936
9883,98,1.82936
9884,98,1.82936
9885,98,1.82936
9886,98,1.82936
9887,99,1.82936
9888,100,1.82936
9889,98,1.82936
9890,98,1.82935
9891,99,1.82934
9892,100,1.82934
9893,98,1.82934
9894,99,1.82933
9895,98,1.82933
9896,97,1.82933
9897,97,1.82933
9898,98,1.82933
9899,97,1.82933
9900,96,1.82933
9901,97,1.82933
9902,97,1.82933
9903,94,1.82933
9904,98,1.82933
9905,98,1.82933
9906,99,1.82933
9907,99,1.82933
9908,98,1.82933
9909,100,1.82933
9910,100,1.82933
9911,98,1.82933
9912,97,1.82933
9913,97,1.82933
9914,100,1.82933
9915,98,1.82933
9916,99,1.82932
9917,98,1.82933
9918,98,1.82933
9919,97,1.82933
9920,96,1.82933
9921,98,1.82933
9922,97,1.82933
9923,97,1.82933
9924,98,1.82933
9925,100,1.82933
9926,99,1.82933
9927,96,1.82933
9928,98,1.82933
9929,98,1.82933
9930,99,1.82949
9931,96,1.82962
9932,100,1.82963
9933,100,1.82963
9934,98,1.82963
9935,98,1.82963
9936,98,1.82963
9937,98,1.82963
9938,99,1.82962
9939,100,1.82962
9940,98,1.82962
9941,98,1.82961
9942,99,1.8296
9943,100,1.8296
9944,98,1.8296
9945,99,1.82959
9946,98,1.82959
9947,97,1.82959
9948,97,1.82959
9949,98,1.82959
9950,97,1.82959
9951,96,1.82959
9952,97,1.82959
9953,97,1.82959
9954,94,1.82959
9955,98,1.82959
9956,98,1.82959
9957,99,1.82959
9958,99,1.82959
9959,98,1.82959
9960,100,1.82959
9961,100,1.82959
9962,98,1.82959
9963,97,1.82959
9964,97,1.82959
9965,100,1.82959
9966,98,1.82959
9967,99,1.82953
9968,98,1.82955
9969,98,1.82955
9970,97,1.82955
9971,96,1.82955
9972,98,1.82955
9973,97,1.82955
9974,97,1.82955
9975,98,1.82955
9976,100,1.82955
9977,99,1.82955
9978,96,1.82955
9979,98,1.82955
9980,98,1.82955
9981,99,1.82977
9982,96,1.83004
9983,100,1.83007
9984,100,1.83007
9985,98,1.83007
9986,98,1.83007
9987,98,1.83007
9988,98,1.83007
9989,99,1.83006
9990,100,1.83006
9991,98,1.83006
9992,98,1.83006
9993,99,1.83005
9994,100,1.83005
9995,98,1.83005
9996,99,1.83004
9997,98,1.83004
9998,97,1.83004
9999,97,1.83004
10000,98,1.83004
10001,97,1.83004
10002,96,1.83004
10003,97,1.83004
10004,97,1.83003
10005,94,1.83005
10006,98,1.83005
10007,98,1.83004
10008,99,1.83005
10009,99,1.83005
10010,98,1.83005
10011,100,1.83005
10012,100,1.83005
10013,98,1.83005
10014,97,1.83005
10015,97,1.83005
10016,100,1.83005
10017,98,1.83005
10018,99,1.82994
10019,98,1.82996
10020,98,1.82996
10021,97,1.82996
10022,96,1.82996
10023,98,1.82996
10024,97,1.82996
10025,97,1.82996
10026,98,1.82996
10027,100,1.82996
10028,99,1.82996
10029,96,1.82996
10030,98,1.82996
10031,98,1.82996
10032,99,1.8302
10033,96,1.83051
10034,100,1.83054
10035,100,1.83054
10036,98,1.83054
10037,98,1.83054
10038,98,1.83054
10039,98,1.83054
10040,99,1.83053
10041,100,1.83053
10042,98,1.83053
10043,98,1.83052
10044,99,1.83051
10045,100,1.83051
10046,98,1.83051
10047,99,1.8305
10048,98,1.8305
10049,97,1.8305
10050,97,1.8305
10051,98,1.8305
10052,97,1.8305
10053,96,1.8305
10054,97,1.8305
10055,97,1.8305
10056,94,1.8305
10057,98,1.8305
10058,98,1.83049
10059,99,1.83049
10060,99,1.83049
10061,98,1.83049
10062,100,1.83049
10063,100,1.83049
10064,98,1.83049
10065,97,1.83049
10066,97,1.83049
10067,100,1.83049
10068,98,1.83049
10069,99,1.83039
10070,98,1.83038
10071,98,1.83039
10072,97,1.83039
10073,96,1.83039
10074,98,1.83039
10075,97,1.83039
10076,97,1.83039
10077,98,1.83039
10078,100,1.83039
10079,99,1.83039
10080,96,1.83039
10081,98,1.83039
10082,98,1.83039
10083,99,1.83063
10084,96,1.83094
10085,100,1.83097
10086,100,1.83097
10087,98,1.83097
10088,98,1.83097
10089,98,1.83097
10090,98,1.83097
10091,99,1.83097
10092,100,1.83097
10093,98,1.83097
10094,98,1.83096
10095,99,1.83096
10096,100,1.83096
10097,98,1.83096
10098,99,1.83096
10099,98,1.83096
10100,97,1.83096
10101,97,1.83096
10102,98,1.83096
10103,97,1.83096
10104,96,1.83096
10105,97,1.83096
10106,97,1.83096
10107,94,1.83096
10108,98,1.83096
10109,98,1.83089
10110,99,1.83082
10111,99,1.83082
10112,98,1.83082
10113,100,1.83082
10114,100,1.83082
10115,98,1.83082
10116,97,1.83082
10117,97,1.83082
10118,100,1.83082
10119,98,1.83082
10120,99,1.83074
10121,98,1.8307
10122,98,1.8307
10123,97,1.8307
10124,96,1.8307
10125,98,1.8307
10126,97,1.8307
10127,97,1.8307
10128,98,1.8307
10129,100,1.8307
10130,99,1.8307
10131,96,1.8307
10132,98,1.8307
10133,98,1.8307
10134,98,1.83095
10135,95,1.83118
10136,99,1.83141
10137,99,1.83162
10138,97,1.83182
10139,97,1.83199
10140,97,1.83216
10141,97,1.83233
10142,98,1.8325
10143,99,1.83253
10144,97,1.8326
10145,97,1.83262
10146,98,1.8326
10147,99,1.83235
10148,97,1.83223
10149,98,1.83207
10150,97,1.83189
10151,96,1.83162
10152,96,1.83134
10153,97,1.83106
10154,96,1.83078
10155,95,1.83051
10156,96,1.83024
10157,96,1.82997
10158,93,1.82971
10159,97,1.82945
10160,97,1.82918
10161,98,1.82893
10162,98,1.82867
10163,97,1.82842
10164,99,1.82817
10165,99,1.82792
10166,97,1.82767
10167,96,1.82743
10168,96,1.82719
10169,99,1.82695
10170,97,1.82671
10171,98,1.82649
10172,97,1.82626
10173,97,1.82603
10174,96,1.82581
10175,95,1.82558
10176,97,1.82536
10177,96,1.82514
10178,96,1.82492
10179,97,1.8247
10180,99,1.82449
10181,98,1.82428
10182,95,1.82407
10183,97,1.82386
10184,98,1.82366
10185,98,1.82345
10186,95,1.82325
10187,99,1.82306
10188,99,1.82286
10189,97,1.82267
10190,97,1.82248
10191,97,1.8223
10192,97,1.82212
10193,98,1.82193
10194,99,1.82176
10195,97,1.82158
10196,97,1.82141
10197,98,1.82124
10198,99,1.82107
10199,97,1.82091
10200,98,1.82074
10201,97,1.82059
10202,96,1.82044
10203,96,1.82028
10204,97,1.82011
10205,96,1.81997
10206,95,1.81983
10207,97,1.8197
10208,97,1.81958
10209,94,1.81957
10210,98,1.81956
10211,98,1.81956
10212,99,1.81956
10213,99,1.81956
10214,98,1.81956
10215,100,1.81956
10216,100,1.81956
10217,98,1.81956
10218,97,1.81955
10219,97,1.81955
10220,100,1.81955
10221,98,1.81955
10222,99,1.81955
10223,98,1.81955
10224,98,1.81955
10225,97,1.81955
10226,96,1.81955
10227,98,1.81955
10228,97,1.81955
10229,97,1.81955
10230,98,1.81955
10231,100,1.81955
10232,99,1.81955
10233,96,1.81955
10234,98,1.81955
10235,99,1.81955
10236,99,1.81955
10237,96,1.81954
10238,100,1.81954
10239,100,1.81954
10240,98,1.81954
10241,98,1.81954
10242,98,1.81954
10243,98,1.81954
10244,99,1.81953
10245,100,1.81953
10246,98,1.81953
10247,98,1.81952
10248,99,1.81951
10249,100,1.81951
10250,98,1.81951
10251,99,1.81949
10252,98,1.81949
10253,97,1.81949
10254,96,1.81948
10255,97,1.81947
10256,96,1.81945
10257,94,1.81943
10258,95,1.81931
10259,95,1.81916
10260,92,1.81912
10261,96,1.81908
10262,96,1.81906
10263,97,1.81904
10264,97,1.81903
10265,96,1.81905
10266,98,1.81911
10267,98,1.81919
10268,96,1.81927
10269,95,1.81936
10270,95,1.81946
10271,98,1.81957
10272,97,1.81968
10273,98,1.81979
10274,97,1.81982
10275,97,1.81984
10276,96,1.81986
10277,95,1.8199
10278,97,1.81994
10279,96,1.81999
10280,96,1.82004
10281,97,1.82009
10282,99,1.82015
10283,98,1.82022
10284,95,1.82029
10285,97,1.82037
10286,98,1.82044
10287,98,1.82053
10288,94,1.82061
10289,98,1.8207
10290,98,1.8208
10291,97,1.82089
10292,97,1.82093
10293,97,1.82099
10294,97,1.82109
10295,98,1.82121
10296,99,1.82133
10297,97,1.82146
10298,97,1.82158
10299,98,1.82171
10300,99,1.82184
10301,97,1.82198
10302,98,1.82211
10303,97,1.8222
10304,97,1.82229
10305,96,1.82243
10306,97,1.82259
10307,96,1.82273
10308,95,1.82286
10309,96,1.82303
10310,96,1.82318
10311,93,1.82332
10312,97,1.8235
10313,97,1.82368
10314,98,1.82386
10315,98,1.82404
10316,97,1.82423
10317,99,1.82442
10318,99,1.82462
10319,97,1.82481
10320,96,1.82491
10321,96,1.825
10322,98,1.82519
10323,97,1.82548
10324,98,1.8258
10325,97,1.82603
10326,97,1.82625
10327,96,1.82646
10328,95,1.82668
10329,97,1.8269
10330,96,1.82713
10331,96,1.82735
10332,97,1.82758
10333,99,1.82781
10334,98,1.82805
10335,95,1.82828
10336,97,1.82852
10337,98,1.82876
10338,99,1.82901
10339,95,1.8292
10340,99,1.82938
10341,98,1.82956
10342,97,1.82971
10343,97,1.82977
10344,97,1.82983
10345,97,1.82998
10346,98,1.83013
10347,99,1.83029
10348,97,1.83046
10349,97,1.83062
10350,98,1.83078
10351,99,1.83095
10352,97,1.83113
10353,98,1.8313
10354,97,1.83141
10355,97,1.8315
10356,96,1.83167
10357,97,1.83187
10358,96,1.83205
10359,95,1.83227
10360,95,1.83246
10361,95,1.83264
10362,92,1.83286
10363,96,1.83311
10364,96,1.83338
10365,97,1.83366
10366,97,1.83396
10367,96,1.83429
10368,98,1.83464
10369,98,1.83499
10370,96,1.83535
10371,95,1.83568
10372,95,1.83605
10373,97,1.83642
10374,96,1.83689
10375,97,1.83714
10376,96,1.83728
10377,96,1.83743
10378,95,1.83758
10379,94,1.83774
10380,96,1.8381
10381,95,1.8383
10382,95,1.83857
10383,96,1.83883
10384,98,1.83905
10385,97,1.83921
10386,94,1.83933
10387,97,1.8394
10388,98,1.83939
10389,99,1.83923
10390,95,1.83903
10391,99,1.83884
10392,98,1.83865
10393,97,1.83845
10394,97,1.83821
10395,97,1.83802
10396,97,1.83784
10397,98,1.83765
10398,99,1.83748
10399,97,1.83731
10400,97,1.83713
10401,98,1.83696
10402,100,1.83679
10403,98,1.83663
10404,99,1.83659
10405,98,1.83653
10406,98,1.83644
10407,97,1.83641
10408,98,1.83641
10409,97,1.83641
10410,97,1.83643
10411,97,1.83643
10412,97,1.83641
10413,94,1.8364
10414,98,1.83641
10415,98,1.83641
10416,99,1.83641
10417,99,1.83641
10418,98,1.83641
10419,100,1.83641
10420,100,1.83641
10421,98,1.83641
10422,97,1.83641
10423,97,1.83641
10424,99,1.83641
10425,98,1.83641
10426,99,1.83641
10427,98,1.83641
10428,98,1.83641
10429,97,1.83641
10430,96,1.83641
10431,98,1.83641
10432,97,1.83641
10433,97,1.83641
10434,98,1.83641
10435,100,1.83641
10436,99,1.83641
10437,95,1.83641
10438,98,1.83655
10439,99,1.83673
10440,100,1.83676
10441,96,1.83676
10442,100,1.83676
10443,99,1.83676
10444,98,1.83674
10445,98,1.83669
10446,98,1.83661
10447,98,1.83658
10448,99,1.83658
10449,100,1.83658
10450,98,1.83658
10451,98,1.83657
10452,98,1.83656
10453,100,1.83643
10454,98,1.83627
10455,99,1.83624
10456,98,1.83617
10457,98,1.83607
10458,97,1.83604
10459,98,1.83604
10460,97,1.83603
10461,97,1.83604
10462,97,1.83604
10463,97,1.83602
10464,94,1.836
10465,98,1.83591
10466,98,1.83579
10467,99,1.83578
10468,99,1.83578
10469,98,1.83578
10470,100,1.83578
10471,100,1.83578
10472,98,1.83578
10473,97,1.83578
10474,97,1.83578
10475,99,1.83578
10476,98,1.83578
10477,99,1.83578
10478,98,1.83575
10479,98,1.83575
10480,97,1.83575
10481,96,1.83575
10482,98,1.83575
10483,97,1.83575
10484,97,1.83575
10485,98,1.83575
10486,100,1.83575
10487,99,1.83575
10488,95,1.83575
10489,98,1.8359
10490,99,1.83596
10491,100,1.83596
10492,96,1.83596
10493,100,1.83596
10494,99,1.83596
10495,98,1.83595
10496,98,1.83593
10497,98,1.83585
10498,98,1.83577
10499,99,1.83576
10500,100,1.83576
10501,98,1.83576
10502,98,1.83575
10503,98,1.83575
10504,99,1.83562
10505,97,1.8355
10506,98,1.83535
10507,97,1.83514
10508,96,1.83492
10509,95,1.83469
10510,96,1.83448
10511,95,1.83429
10512,95,1.83413
10513,95,1.83401
10514,94,1.83392
10515,91,1.8339
10516,95,1.83373
10517,95,1.83345
10518,97,1.83339
10519,97,1.83344
10520,96,1.83345
10521,98,1.83345
10522,98,1.83346
10523,96,1.83348
10524,95,1.8335
10525,95,1.83353
10526,97,1.83356
10527,96,1.83359
10528,97,1.83363
10529,96,1.83362
10530,96,1.83367
10531,95,1.83372
10532,94,1.83378
10533,96,1.83384
10534,95,1.83388
10535,95,1.8339
10536,96,1.83392
10537,98,1.83392
10538,97,1.83391
10539,93,1.83389
10540,96,1.83388
10541,97,1.83387
10542,98,1.83386
10543,94,1.83386
10544,98,1.83387
10545,97,1.83389
10546,96,1.8339
10547,96,1.83391
10548,96,1.83388
10549,96,1.8339
10550,97,1.83394
10551,98,1.83399
10552,96,1.83405
10553,96,1.83411
10554,97,1.83417
10555,98,1.83408
10556,96,1.83415
10557,98,1.83422
10558,98,1.83427
10559,97,1.83435
10560,96,1.83447
10561,97,1.8346
10562,96,1.83472
10563,96,1.83485
10564,97,1.83499
10565,96,1.83513
10566,93,1.83527
10567,97,1.83519
10568,96,1.83506
10569,98,1.83518
10570,98,1.8353
10571,97,1.83532
10572,99,1.83528
10573,99,1.83523
10574,97,1.83519
10575,96,1.83514
10576,96,1.83511
10577,98,1.83507
10578,97,1.83504
10579,98,1.83501
10580,97,1.83491
10581,97,1.83487
10582,96,1.83485
10583,95,1.83483
10584,97,1.83482
10585,96,1.83481
10586,96,1.83481
10587,97,1.83481
10588,99,1.83481
10589,98,1.83481
10590,94,1.83482
10591,97,1.83483
10592,98,1.83485
10593,99,1.83486
10594,95,1.83488
10595,99,1.83491
10596,98,1.83494
10597,97,1.83496
10598,97,1.83499
10599,96,1.83503
10600,96,1.83507
10601,97,1.8351
10602,98,1.83514
10603,96,1.8352
10604,96,1.83528
10605,97,1.83537
10606,98,1.83547
10607,95,1.83563
10608,97,1.83576
10609,97,1.83588
10610,96,1.83602
10611,95,1.83619
10612,96,1.83639
10613,95,1.83664
10614,95,1.83693
10615,96,1.83722
10616,95,1.83757
10617,92,1.83795
10618,96,1.83812
10619,95,1.83826
10620,97,1.83866
10621,98,1.83905
10622,97,1.83944
10623,99,1.83973
10624,99,1.84
10625,97,1.84027
10626,96,1.84054
10627,96,1.84081
10628,98,1.84109
10629,97,1.84137
10630,98,1.84165
10631,97,1.84185
10632,97,1.84208
10633,96,1.84237
10634,95,1.84266
10635,97,1.84295
10636,96,1.84324
10637,96,1.84354
10638,97,1.84383
10639,99,1.84413
10640,98,1.84443
10641,94,1.84474
10642,97,1.84504
10643,98,1.84535
10644,99,1.84566
10645,95,1.84597
10646,99,1.84628
10647,98,1.84659
10648,97,1.84691
10649,98,1.84724
10650,97,1.8476
10651,97,1.84793
10652,97,1.84824
10653,99,1.84856
10654,97,1.84889
10655,97,1.84921
10656,98,1.84953
10657,99,1.84986
10658,96,1.8502
10659,98,1.85051
10660,98,1.8508
10661,97,1.85109
10662,96,1.85136
10663,97,1.85161
10664,95,1.85192
10665,95,1.85224
10666,96,1.85257
10667,95,1.85292
10668,92,1.85329
10669,96,1.85349
10670,95,1.8538
10671,96,1.85421
10672,97,1.85474
10673,96,1.85529
10674,98,1.85573
10675,98,1.85616
10676,96,1.85651
10677,95,1.85676
10678,95,1.85703
10679,98,1.85729
10680,97,1.85753
10681,98,1.85767
10682,96,1.85774
10683,96,1.85781
10684,95,1.85784
10685,94,1.8578
10686,96,1.8578
10687,95,1.85779
10688,95,1.85776
10689,96,1.85764
10690,98,1.85748
10691,97,1.85731
10692,93,1.85716
10693,96,1.85694
10694,97,1.85702
10695,98,1.85708
10696,94,1.85712
10697,98,1.85713
10698,97,1.85711
10699,96,1.85706
10700,96,1.85695
10701,95,1.85678
10702,96,1.85655
10703,95,1.85628
10704,98,1.85597
10705,96,1.85563
10706,96,1.85535
10707,97,1.85506
10708,98,1.85485
10709,95,1.85457
10710,96,1.85414
10711,96,1.85383
10712,95,1.85351
10713,94,1.85317
10714,96,1.85281
10715,94,1.85242
10716,94,1.85201
10717,95,1.85159
10718,94,1.85117
10719,91,1.85076
10720,95,1.85008
10721,94,1.84929
10722,95,1.84871
10723,96,1.84836
10724,95,1.84796
10725,97,1.84754
10726,97,1.84713
10727,95,1.84672
10728,94,1.84633
10729,93,1.84599
10730,96,1.84579
10731,95,1.84564
10732,97,1.84542
10733,95,1.84519
10734,95,1.84497
10735,94,1.84476
10736,93,1.84456
10737,95,1.84437
10738,94,1.84419
10739,94,1.84401
10740,95,1.84384
10741,97,1.84368
10742,96,1.84353
10743,92,1.84339
10744,95,1.84325
10745,96,1.84312
10746,97,1.843
10747,93,1.84289
10748,97,1.84278
10749,96,1.84269
10750,96,1.8426
10751,96,1.84253
10752,95,1.84247
10753,96,1.8424
10754,94,1.84234
10755,97,1.84207
10756,95,1.84186
10757,95,1.84179
10758,96,1.84177
10759,97,1.84153
10760,95,1.84149
10761,96,1.84147
10762,96,1.84145
10763,95,1.84146
10764,94,1.84148
10765,96,1.8415
10766,94,1.84154
10767,95,1.84158
10768,96,1.84163
10769,95,1.8419
10770,92,1.84228
10771,95,1.84241
10772,94,1.84256
10773,95,1.84274
10774,96,1.84293
10775,95,1.84313
10776,97,1.84334
10777,97,1.84356
10778,95,1.84379
10779,94,1.84376
10780,93,1.84369
10781,96,1.84392
10782,95,1.84403
10783,97,1.84412
10784,95,1.84417
10785,95,1.84419
10786,94,1.84416
10787,93,1.84409
10788,95,1.84398
10789,94,1.84384
10790,94,1.84361
10791,95,1.84339
10792,97,1.84317
10793,96,1.84295
10794,92,1.84275
10795,95,1.84256
10796,96,1.84237
10797,97,1.8422
10798,93,1.84203
10799,97,1.84187
10800,96,1.84172
10801,95,1.84159
10802,95,1.8415
10803,94,1.84143
10804,95,1.84133
10805,93,1.84125
10806,96,1.84108
10807,94,1.8409
10808,94,1.84081
10809,95,1.84074
10810,96,1.84069
10811,94,1.84066
10812,95,1.84063
10813,94,1.8406
10814,93,1.84059
10815,92,1.84059
10816,94,1.84061
10817,91,1.84065
10818,92,1.84053
10819,93,1.84035
10820,93,1.84038
10821,91,1.84045
10822,94,1.84033
10823,93,1.83999
10824,94,1.83964
10825,95,1.83945
10826,94,1.83929
10827,96,1.83915
10828,96,1.83902
10829,94,1.8389
10830,93,1.83878
10831,92,1.83867
10832,95,1.83863
10833,94,1.83859
10834,96,1.83861
10835,94,1.83866
10836,94,1.83874
10837,93,1.83881
10838,92,1.83894
10839,94,1.8391
10840,93,1.83927
10841,93,1.83946
10842,94,1.83967
10843,96,1.83988
10844,95,1.84011
10845,91,1.84036
10846,94,1.84062
10847,95,1.84089
10848,96,1.84117
10849,92,1.84147
10850,96,1.84179
10851,96,1.84212
10852,95,1.84246
10853,95,1.84281
10854,94,1.84318
10855,95,1.84356
10856,93,1.84396
10857,96,1.84436
10858,94,1.84478
10859,94,1.84521
10860,95,1.84569
10861,96,1.84591
10862,94,1.84613
10863,97,1.84659
10864,96,1.84709
10865,95,1.84747
10866,94,1.84784
10867,96,1.84821
10868,93,1.8486
10869,94,1.84878
10870,95,1.84893
10871,95,1.84952
10872,94,1.85015
10873,97,1.85059
10874,96,1.85081
10875,97,1.851
10876,98,1.85119
10877,97,1.85138
10878,99,1.85158
10879,99,1.85178
10880,97,1.85198
10881,95,1.85216
10882,94,1.85233
10883,97,1.8525
10884,96,1.85265
10885,98,1.85282
10886,96,1.85301
10887,96,1.85322
10888,95,1.85344
10889,94,1.85368
10890,96,1.85393
10891,95,1.85418
10892,95,1.85443
10893,96,1.85469
10894,98,1.85496
10895,97,1.85518
10896,93,1.85538
10897,96,1.85556
10898,97,1.85577
10899,98,1.85596
10900,95,1.85618
10901,99,1.85639
10902,99,1.85657
10903,98,1.85675
10904,97,1.85694
10905,96,1.85714
10906,97,1.85735
10907,95,1.85757
10908,98,1.85779
10909,96,1.85802
10910,96,1.85825
10911,97,1.85848
10912,98,1.85861
10913,95,1.85876
10914,98,1.85912
10915,97,1.85954
10916,96,1.85984
10917,95,1.86012
10918,97,1.86041
10919,94,1.8607
10920,94,1.86097
10921,95,1.86124
10922,94,1.86175
10923,93,1.86232
10924,96,1.86287
10925,95,1.8631
10926,96,1.8633
10927,97,1.86365
10928,96,1.86403
10929,98,1.86441
10930,98,1.8648
10931,97,1.86499
10932,95,1.86514
10933,94,1.86528
10934,97,1.86544
10935,96,1.8656
10936,98,1.86577
10937,96,1.86604
10938,96,1.8663
10939,95,1.86652
10940,94,1.86668
10941,96,1.86681
10942,95,1.86689
10943,95,1.86689
10944,96,1.86688
10945,98,1.86687
10946,97,1.86687
10947,93,1.86688
10948,96,1.86689
10949,97,1.8669
10950,97,1.86693
10951,94,1.867
10952,98,1.86708
10953,98,1.86713
10954,98,1.86718
10955,98,1.86723
10956,97,1.86729
10957,98,1.8675
10958,96,1.86774
10959,99,1.86797
10960,97,1.86822
10961,97,1.86846
10962,97,1.86882
10963,98,1.86886
10964,95,1.86889
10965,98,1.86929
10966,97,1.86973
10967,96,1.87001
10968,95,1.87022
10969,97,1.87038
10970,94,1.87054
10971,94,1.87066
10972,95,1.8708
10973,94,1.87099
10974,93,1.87139
10975,96,1.8718
10976,94,1.87185
10977,95,1.87191
10978,96,1.87196
10979,95,1.87199
10980,97,1.87202
10981,97,1.872
10982,96,1.87172
10983,94,1.8714
10984,93,1.87109
10985,96,1.8709
10986,95,1.87069
10987,97,1.87045
10988,95,1.87016
10989,96,1.86983
10990,95,1.86947
10991,94,1.86911
10992,96,1.86869
10993,95,1.86825
10994,95,1.86782
10995,96,1.8674
10996,98,1.86697
10997,97,1.86656
10998,93,1.86615
10999,96,1.86574
11000,97,1.86534
11001,97,1.86494
11002,94,1.8646
11003,98,1.86425
11004,98,1.86387
11005,97,1.86349
11006,97,1.86298
11007,96,1.86244
11008,97,1.86205
11009,95,1.8617
11010,99,1.86135
11011,97,1.86101
11012,98,1.86082
11013,98,1.86067
11014,98,1.86031
11015,95,1.85998
11016,98,1.85977
11017,97,1.8596
11018,96,1.8593
11019,95,1.85899
11020,97,1.85871
11021,94,1.85842
11022,94,1.8581
11023,95,1.85775
11024,94,1.85748
11025,93,1.85722
11026,97,1.85697
11027,95,1.85672
11028,96,1.85649
11029,97,1.85625
11030,96,1.85603
11031,98,1.85581
11032,98,1.8556
11033,97,1.85539
11034,95,1.8552
11035,94,1.85501
11036,97,1.85482
11037,96,1.85465
11038,98,1.85448
11039,95,1.85433
11040,96,1.85413
11041,95,1.85394
11042,94,1.85381
11043,96,1.8537
11044,95,1.8536
11045,95,1.85351
11046,96,1.85343
11047,98,1.85335
11048,97,1.85328
11049,93,1.85321
11050,96,1.85306
11051,97,1.8529
11052,97,1.85284
11053,94,1.8528
11054,98,1.85276
11055,98,1.85273
11056,97,1.85271
11057,97,1.85255
11058,96,1.85237
11059,97,1.85234
11060,94,1.85234
11061,98,1.85218
11062,97,1.852
11063,98,1.85198
11064,99,1.85203
11065,99,1.8521
11066,96,1.85217
11067,99,1.85238
11068,98,1.85258
11069,97,1.85266
11070,96,1.85273
11071,98,1.8528
11072,95,1.85287
11073,94,1.8529
11074,95,1.85292
11075,94,1.85292
11076,93,1.8529
11077,97,1.8529
11078,95,1.85294
11079,96,1.85303
11080,97,1.85318
11081,96,1.85333
11082,98,1.85347
11083,98,1.8536
11084,97,1.85374
11085,95,1.85386
11086,94,1.85398
11087,97,1.8541
11088,96,1.85422
11089,98,1.85435
11090,95,1.85447
11091,96,1.85458
11092,95,1.85472
11093,94,1.85495
11094,96,1.85526
11095,95,1.85559
11096,95,1.85593
11097,96,1.85628
11098,98,1.85663
11099,97,1.85698
11100,93,1.85734
11101,96,1.8577
11102,97,1.85807
11103,97,1.85845
11104,94,1.85883
11105,98,1.85922
11106,98,1.85961
11107,97,1.86
11108,96,1.86027
11109,95,1.86055
11110,96,1.86081
11111,93,1.86105
11112,96,1.86112
11113,95,1.86112
11114,96,1.86127
11115,97,1.86149
11116,97,1.86175
11117,94,1.86204
11118,97,1.86235
11119,96,1.86269
11120,95,1.86305
11121,94,1.86342
11122,96,1.86379
11123,94,1.86417
11124,93,1.8643
11125,94,1.86439
11126,93,1.86448
11127,92,1.86481
11128,96,1.86496
11129,94,1.86521
11130,95,1.86545
11131,96,1.86566
11132,95,1.86582
11133,97,1.86593
11134,97,1.866
11135,96,1.86602
11136,94,1.86596
11137,94,1.8659
11138,97,1.86584
11139,96,1.86561
11140,98,1.86536
11141,95,1.8651
11142,96,1.86486
11143,95,1.86462
11144,94,1.86438
11145,96,1.86415
11146,95,1.86392
11147,95,1.8637
11148,96,1.86348
11149,98,1.86327
11150,97,1.86306
11151,93,1.86285
11152,96,1.86265
11153,97,1.86246
11154,97,1.86227
11155,94,1.86209
11156,98,1.86191
11157,98,1.86174
11158,98,1.86157
11159,97,1.8614
11160,96,1.86125
11161,97,1.86109
11162,94,1.86095
11163,97,1.86074
11164,96,1.86053
11165,97,1.86038
11166,98,1.86025
11167,98,1.86013
11168,95,1.86001
11169,98,1.85989
11170,98,1.8598
11171,97,1.85971
11172,96,1.8596
11173,98,1.8595
11174,96,1.8594
11175,95,1.8593
11176,96,1.85921
11177,95,1.85913
11178,94,1.85904
11179,98,1.85895
11180,96,1.85887
11181,97,1.8588
11182,98,1.85873
11183,97,1.85866
11184,99,1.85859
11185,99,1.85853
11186,98,1.85847
11187,95,1.85842
11188,95,1.85855
11189,98,1.85871
11190,97,1.8587
11191,99,1.85867
11192,96,1.85864
11193,97,1.85865
11194,96,1.8587
11195,95,1.85883
11196,97,1.85897
11197,96,1.85911
11198,96,1.85926
11199,97,1.85941
11200,99,1.85956
11201,98,1.85971
11202,94,1.85986
11203,97,1.86002
11204,98,1.86018
11205,98,1.86034
11206,95,1.8605
11207,99,1.86067
11208,99,1.86083
11209,99,1.861
11210,98,1.86118
11211,97,1.86135
11212,99,1.86153
11213,96,1.86171
11214,99,1.8617
11215,98,1.86165
11216,99,1.86163
11217,100,1.86162
11218,100,1.86162
11219,97,1.86162
11220,99,1.86163
11221,99,1.86167
11222,98,1.8617
11223,97,1.8617
11224,99,1.8617
11225,97,1.8617
11226,96,1.8617
11227,97,1.8617
11228,96,1.86171
11229,95,1.86172
11230,99,1.86172
11231,97,1.86172
11232,98,1.86172
11233,99,1.86172
11234,98,1.86172
11235,100,1.86172
11236,100,1.86172
11237,99,1.86172
11238,96,1.86172
11239,96,1.8619
11240,99,1.86197
11241,98,1.86197
11242,100,1.86197
11243,97,1.86197
11244,98,1.86197
11245,97,1.86197
11246,96,1.86197
11247,98,1.86197
11248,97,1.86197
11249,97,1.86197
11250,98,1.86197
11251,100,1.86197
11252,99,1.86197
11253,95,1.86197
11254,98,1.86197
11255,99,1.86197
11256,99,1.86197
11257,96,1.86197
11258,100,1.86197
11259,100,1.86197
11260,100,1.86197
11261,99,1.86197
11262,97,1.86197
11263,99,1.86212
11264,96,1.86231
11265,99,1.86228
11266,98,1.86221
11267,99,1.8622
11268,100,1.86218
11269,100,1.86218
11270,97,1.86218
11271,99,1.8622
11272,99,1.86229
11273,98,1.8623
11274,97,1.8623
11275,99,1.8623
11276,97,1.8623
11277,96,1.8623
11278,97,1.86231
11279,96,1.86231
11280,95,1.86233
11281,99,1.86233
11282,97,1.86233
11283,98,1.86233
11284,99,1.86233
11285,98,1.86233
11286,100,1.86233
11287,100,1.86233
11288,99,1.86233
11289,96,1.86233
11290,96,1.86233
11291,99,1.86233
11292,98,1.86233
11293,100,1.86233
11294,97,1.86233
11295,98,1.86233
11296,97,1.86233
11297,96,1.86233
11298,98,1.86233
11299,97,1.86233
11300,97,1.86233
11301,98,1.86233
11302,100,1.86233
11303,99,1.86233
11304,95,1.86233
11305,98,1.86233
11306,99,1.86233
11307,99,1.86233
11308,96,1.86233
11309,100,1.86233
11310,100,1.86233
11311,100,1.86233
11312,99,1.86233
11313,97,1.86233
11314,99,1.86249
11315,96,1.86268
11316,99,1.86264
11317,98,1.86256
11318,99,1.86255
11319,100,1.86254
11320,100,1.86254
11321,97,1.86254
11322,99,1.8626
11323,99,1.86271
11324,98,1.86273
11325,97,1.86273
11326,99,1.86273
11327,97,1.86274
11328,96,1.86274
11329,97,1.86275
11330,96,1.86276
11331,95,1.86276
11332,99,1.86277
11333,97,1.86277
11334,98,1.86277
11335,99,1.86277
11336,98,1.86277
11337,100,1.86277
11338,100,1.86277
11339,99,1.86277
11340,96,1.86277
11341,96,1.86277
11342,99,1.86277
11343,98,1.86277
11344,100,1.86277
11345,97,1.86277
11346,98,1.86277
11347,97,1.86277
11348,96,1.86277
11349,98,1.86277
11350,97,1.86277
11351,97,1.86277
11352,98,1.86277
11353,100,1.86277
11354,99,1.86277
11355,95,1.86277
11356,98,1.86277
11357,99,1.86277
11358,99,1.86277
11359,96,1.86277
11360,100,1.86277
11361,100,1.86277
11362,100,1.86277
11363,99,1.86277
11364,97,1.86277
11365,99,1.86277
11366,96,1.86277
11367,99,1.8627
11368,98,1.8626
11369,99,1.86258
11370,100,1.86257
11371,100,1.86257
11372,97,1.86257
11373,99,1.86268
11374,99,1.86284
11375,98,1.86284
11376,97,1.86284
11377,99,1.86284
11378,97,1.86284
11379,96,1.86284
11380,97,1.86285
11381,96,1.86287
11382,95,1.86288
11383,99,1.86288
11384,97,1.86288
11385,98,1.86288
11386,99,1.86288
11387,98,1.86288
11388,100,1.86288
11389,100,1.86288
11390,99,1.86288
11391,96,1.86288
11392,96,1.86288
11393,99,1.86288
11394,98,1.86288
11395,100,1.86288
11396,97,1.86288
11397,98,1.86288
11398,97,1.86288
11399,96,1.86288
11400,98,1.86288
11401,97,1.86288
11402,97,1.86288
11403,98,1.86288
11404,100,1.86288
11405,99,1.86288
11406,95,1.86288
11407,98,1.86288
11408,99,1.86288
11409,99,1.86288
11410,96,1.86288
11411,100,1.86288
11412,100,1.86288
11413,100,1.86288
11414,99,1.86288
11415,97,1.86288
11416,99,1.86289
11417,96,1.86289
11418,99,1.86281
11419,98,1.86269
11420,99,1.86266
11421,100,1.86265
11422,100,1.86265
11423,97,1.86265
11424,99,1.86264
11425,99,1.86264
11426,98,1.86264
11427,97,1.86264
11428,99,1.86264
11429,97,1.86264
11430,96,1.86264
11431,97,1.86265
11432,96,1.86266
11433,95,1.86267
11434,99,1.86267
11435,97,1.86267
11436,98,1.86267
11437,99,1.86267
11438,98,1.86267
11439,100,1.86267
11440,100,1.86267
11441,99,1.86267
11442,96,1.86267
11443,96,1.86267
11444,99,1.86267
11445,98,1.86267
11446,100,1.86267
11447,97,1.86267
11448,98,1.86267
11449,97,1.86267
11450,96,1.86267
11451,98,1.86267
11452,97,1.86267
11453,97,1.86267
11454,98,1.86267
11455,100,1.86267
11456,99,1.86267
11457,95,1.86267
11458,98,1.86267
11459,99,1.86267
11460,99,1.86267
11461,96,1.86267
11462,100,1.86267
11463,100,1.86267
11464,100,1.86267
11465,99,1.86267
11466,97,1.86267
11467,99,1.86267
11468,96,1.86267
11469,98,1.86257
11470,97,1.86245
11471,98,1.8623
11472,99,1.86212
11473,99,1.86194
11474,96,1.86176
11475,98,1.86153
11476,98,1.86131
11477,97,1.8611
11478,96,1.86088
11479,98,1.86068
11480,96,1.86047
11481,95,1.86027
11482,96,1.86009
11483,95,1.85991
11484,94,1.85973
11485,98,1.85955
11486,96,1.85936
11487,97,1.85919
11488,98,1.85901
11489,97,1.85888
11490,99,1.85876
11491,99,1.85865
11492,98,1.85854
11493,95,1.85843
11494,95,1.85833
11495,98,1.85822
11496,97,1.85812
11497,99,1.85803
11498,96,1.85793
11499,97,1.85784
11500,96,1.85775
11501,95,1.85767
11502,97,1.85758
11503,96,1.8575
11504,96,1.85742
11505,97,1.85735
11506,99,1.85728
11507,98,1.85721
11508,94,1.85714
11509,97,1.85707
11510,98,1.85701
11511,98,1.85695
11512,95,1.8569
11513,99,1.85684
11514,99,1.85679
11515,99,1.85674
11516,99,1.8567
11517,97,1.85666
11518,99,1.85667
11519,97,1.85667
11520,99,1.85664
11521,98,1.85664
11522,99,1.85663
11523,100,1.85662
11524,100,1.85662
11525,97,1.85662
11526,99,1.85662
11527,99,1.85662
11528,98,1.85662
11529,97,1.85662
11530,99,1.85662
11531,97,1.85662
11532,96,1.85662
11533,97,1.85664
11534,96,1.85666
11535,95,1.8567
11536,99,1.8567
11537,97,1.8567
11538,98,1.85668
11539,99,1.85668
11540,98,1.85668
11541,100,1.85668
11542,100,1.85668
11543,99,1.85668
11544,96,1.85668
11545,96,1.85669
11546,99,1.85669
11547,98,1.85669
11548,100,1.85669
11549,97,1.85669
11550,98,1.85669
11551,97,1.85669
11552,96,1.85669
11553,98,1.85669
11554,97,1.85669
11555,97,1.85669
11556,98,1.85669
11557,100,1.85669
11558,99,1.85669
11559,95,1.85669
11560,98,1.85669
11561,99,1.85669
11562,99,1.85669
11563,96,1.85669
11564,100,1.85669
11565,100,1.85669
11566,99,1.85669
11567,99,1.85666
11568,97,1.85662
11569,99,1.85662
11570,97,1.85662
11571,99,1.85662
11572,98,1.85662
11573,99,1.85661
11574,100,1.85659
11575,100,1.85659
11576,97,1.85659
11577,99,1.85657
11578,99,1.85657
11579,98,1.85657
11580,97,1.85657
11581,99,1.85657
11582,97,1.85657
11583,96,1.85657
11584,97,1.85659
11585,96,1.85663
11586,95,1.85663
11587,99,1.85663
11588,97,1.85663
11589,98,1.85663
11590,99,1.85663
11591,98,1.85663
11592,100,1.85663
11593,100,1.85663
11594,99,1.85663
11595,96,1.85663
11596,96,1.85664
11597,99,1.85664
11598,98,1.85664
11599,100,1.85664
11600,97,1.85664
11601,98,1.85664
11602,97,1.85663
11603,96,1.85663
11604,98,1.85663
11605,97,1.85663
11606,97,1.85663
11607,98,1.85663
11608,100,1.85663
11609,99,1.85663
11610,95,1.85663
11611,98,1.85663
11612,99,1.85663
11613,99,1.85663
11614,96,1.85663
11615,100,1.85663
11616,100,1.85663
11617,99,1.85663
11618,99,1.8566
11619,97,1.85658
11620,99,1.85658
11621,97,1.85658
11622,99,1.85658
11623,98,1.85658
11624,99,1.85657
11625,100,1.85655
11626,100,1.85655
11627,97,1.85655
11628,99,1.8565
11629,99,1.8565
11630,98,1.8565
11631,97,1.8565
11632,99,1.8565
11633,97,1.8565
11634,96,1.8565
11635,97,1.85653
11636,96,1.85657
11637,95,1.85657
11638,99,1.85657
11639,97,1.85657
11640,98,1.85657
11641,99,1.85657
11642,98,1.85657
11643,100,1.85657
11644,100,1.85657
11645,99,1.85657
11646,96,1.85657
11647,96,1.85657
11648,99,1.85657
11649,98,1.85657
11650,100,1.85657
11651,97,1.85657
11652,98,1.85657
11653,97,1.85657
11654,96,1.85657
11655,98,1.85657
11656,97,1.85657
11657,97,1.85657
11658,98,1.85657
11659,100,1.85657
11660,99,1.85657
11661,95,1.85657
11662,98,1.85657
11663,99,1.85657
11664,99,1.85657
11665,96,1.85657
11666,100,1.85657
11667,100,1.85657
11668,99,1.85657
11669,99,1.85655
11670,97,1.85655
11671,99,1.85655
11672,97,1.85655
11673,99,1.85652
11674,98,1.85652
11675,99,1.85651
11676,100,1.8565
11677,100,1.8565
11678,97,1.8565
11679,99,1.8565
11680,99,1.8565
11681,98,1.8565
11682,97,1.8565
11683,99,1.8565
11684,97,1.8565
11685,96,1.8565
11686,97,1.85653
11687,96,1.85658
11688,95,1.85662
11689,99,1.85662
11690,97,1.85662
11691,98,1.85662
11692,99,1.85662
11693,98,1.85662
11694,100,1.85662
11695,100,1.85662
11696,99,1.85662
11697,96,1.85662
11698,96,1.85662
11699,99,1.85662
11700,98,1.85662
11701,100,1.85662
11702,97,1.85662
11703,98,1.85662
11704,97,1.85662
11705,96,1.85663
11706,98,1.85663
11707,97,1.85663
11708,97,1.85663
11709,98,1.85663
11710,100,1.85663
11711,99,1.85663
11712,95,1.85663
11713,98,1.85663
11714,99,1.85663
11715,99,1.85663
11716,96,1.85663
11717,100,1.85663
11718,100,1.85663
11719,99,1.85663
11720,99,1.85665
11721,97,1.85666
11722,99,1.85667
11723,97,1.85667
11724,99,1.85667
11725,98,1.85667
11726,99,1.85666
11727,100,1.85665
11728,100,1.85665
11729,97,1.85665
11730,99,1.85664
11731,99,1.85664
11732,98,1.85664
11733,97,1.85664
11734,99,1.85664
11735,97,1.85664
11736,96,1.85664
11737,97,1.85667
11738,96,1.85673
11739,95,1.85674
11740,99,1.85674
11741,97,1.85674
11742,98,1.85674
11743,99,1.85674
11744,98,1.85674
11745,100,1.85674
11746,100,1.85674
11747,99,1.85674
11748,96,1.85674
11749,96,1.85675
11750,99,1.85675
11751,98,1.85675
11752,100,1.85675
11753,97,1.85675
11754,98,1.85675
11755,97,1.85675
11756,96,1.85675
11757,98,1.85675
11758,97,1.85675
11759,97,1.85675
11760,98,1.85675
11761,100,1.85675
11762,99,1.85675
11763,95,1.85675
11764,98,1.85675
11765,99,1.85675
11766,99,1.85675
11767,96,1.85675
11768,100,1.85675
11769,100,1.85675
11770,99,1.85675
11771,99,1.85675
11772,97,1.85675
11773,99,1.85675
11774,97,1.85675
11775,99,1.85675
11776,98,1.85675
11777,99,1.85674
11778,100,1.85672
11779,100,1.85672
11780,97,1.85672
11781,99,1.85667
11782,99,1.85667
11783,98,1.85667
11784,97,1.85667
11785,99,1.85667
11786,97,1.85667
11787,96,1.85667
11788,97,1.85672
11789,96,1.85679
11790,95,1.85679
11791,99,1.85679
11792,97,1.85679
11793,98,1.8568
11794,99,1.8568
11795,98,1.8568
11796,100,1.8568
11797,100,1.8568
11798,99,1.8568
11799,96,1.8568
11800,96,1.8568
11801,99,1.8568
11802,98,1.8568
11803,100,1.8568
11804,97,1.8568
11805,98,1.8568
11806,97,1.8568
11807,96,1.8568
11808,98,1.8568
11809,97,1.8568
11810,97,1.8568
11811,98,1.8568
11812,100,1.8568
11813,99,1.8568
11814,95,1.8568
11815,98,1.8568
11816,99,1.8568
11817,99,1.8568
11818,96,1.8568
11819,100,1.8568
11820,100,1.8568
11821,99,1.8568
11822,99,1.8568
11823,97,1.8568
11824,99,1.85681
11825,97,1.85681
11826,98,1.85678
11827,98,1.85678
11828,99,1.8565
11829,100,1.85625
11830,100,1.85622
11831,97,1.85622
11832,99,1.85605
11833,99,1.85605
11834,98,1.85605
11835,97,1.85605
11836,99,1.85605
11837,97,1.85605
11838,96,1.85605
11839,97,1.85611
11840,96,1.85618
11841,95,1.8563
11842,99,1.8563
11843,97,1.8563
11844,98,1.8563
11845,99,1.8563
11846,98,1.8563
11847,100,1.8563
11848,100,1.8563
11849,99,1.8563
11850,96,1.8563
11851,96,1.8563
11852,99,1.8563
11853,98,1.8563
11854,100,1.8563
11855,97,1.8563
11856,97,1.8563
11857,97,1.8563
11858,96,1.85631
11859,98,1.85631
11860,97,1.85631
11861,97,1.85631
11862,98,1.85631
11863,100,1.85631
11864,99,1.85631
11865,95,1.85631
11866,98,1.85631
11867,99,1.85631
11868,99,1.85631
11869,96,1.85631
11870,100,1.85631
11871,100,1.85631
11872,99,1.85631
11873,99,1.85631
11874,97,1.85631
11875,99,1.85641
11876,98,1.85646
11877,98,1.85646
11878,98,1.85633
11879,99,1.85631
11880,100,1.8563
11881,100,1.85629
11882,97,1.85629
11883,99,1.85629
11884,99,1.85629
11885,98,1.85629
11886,97,1.85629
11887,99,1.85629
11888,97,1.85629
11889,96,1.85629
11890,97,1.85635
11891,96,1.85643
11892,95,1.85662
11893,99,1.85664
11894,97,1.85664
11895,98,1.85664
11896,99,1.85664
11897,98,1.85664
11898,100,1.85664
11899,100,1.85664
11900,99,1.85664
11901,96,1.85664
11902,96,1.85664
11903,99,1.85664
11904,98,1.85664
11905,100,1.85664
11906,98,1.85664
11907,97,1.85664
11908,97,1.85664
11909,96,1.85662
11910,98,1.85662
11911,97,1.85662
11912,97,1.85662
11913,98,1.85662
11914,100,1.85662
11915,99,1.85662
11916,95,1.85662
11917,98,1.85662
11918,99,1.85662
11919,99,1.85662
11920,96,1.85662
11921,100,1.85662
11922,100,1.85662
11923,99,1.85662
11924,99,1.85662
11925,97,1.85662
11926,99,1.85667
11927,98,1.85673
11928,98,1.85673
11929,98,1.8567
11930,99,1.85669
11931,100,1.85668
11932,100,1.85668
11933,97,1.85668
11934,99,1.85667
11935,99,1.85667
11936,98,1.85667
11937,97,1.85667
11938,99,1.85667
11939,97,1.85667
11940,96,1.85667
11941,97,1.85673
11942,96,1.8568
11943,95,1.8569
11944,99,1.85693
11945,97,1.85694
11946,98,1.85694
11947,99,1.85694
11948,98,1.85694
11949,100,1.85694
11950,100,1.85694
11951,99,1.85694
11952,96,1.85694
11953,96,1.85694
11954,99,1.85694
11955,98,1.85694
11956,100,1.85694
11957,98,1.85694
11958,97,1.85694
11959,97,1.85693
11960,96,1.85693
11961,98,1.85693
11962,97,1.85693
11963,97,1.85693
11964,98,1.85693
11965,100,1.85693
11966,99,1.85693
11967,95,1.85693
11968,98,1.85693
11969,99,1.85693
11970,99,1.85693
11971,96,1.85693
11972,100,1.85693
11973,100,1.85693
11974,99,1.85693
11975,99,1.85693
11976,97,1.85693
11977,99,1.85699
11978,98,1.85707
11979,98,1.85708
11980,98,1.85704
11981,99,1.85703
11982,100,1.85703
11983,100,1.85702
11984,97,1.85702
11985,99,1.85703
11986,99,1.85703
11987,98,1.85703
11988,97,1.85703
11989,99,1.85703
11990,97,1.85703
11991,96,1.85703
11992,97,1.85707
11993,96,1.85709
11994,95,1.85712
11995,99,1.85716
11996,97,1.85716
11997,98,1.85716
11998,99,1.85716
11999,98,1.85716
12000,100,1.85716
12001,100,1.85716
12002,99,1.85716
12003,96,1.85716
12004,96,1.85716
12005,99,1.85716
12006,98,1.85716
12007,100,1.85717
12008,98,1.85717
12009,97,1.85717
12010,97,1.85716
12011,96,1.85716
12012,98,1.85716
12013,97,1.85716
12014,97,1.85716
12015,98,1.85716
12016,100,1.85716
12017,99,1.85716
12018,95,1.85716
12019,98,1.85716
12020,99,1.85716
12021,99,1.85716
12022,96,1.85716
12023,100,1.85716
12024,100,1.85716
12025,99,1.85716
12026,99,1.85716
12027,97,1.85716
12028,99,1.85723
12029,98,1.85733
12030,98,1.85735
12031,98,1.85735
12032,99,1.85734
12033,100,1.85733
12034,100,1.85733
12035,97,1.85733
12036,99,1.85728
12037,99,1.85728
12038,98,1.85728
12039,97,1.85728
12040,99,1.85728
12041,97,1.85728
12042,96,1.85728
12043,97,1.85729
12044,96,1.85731
12045,95,1.85735
12046,99,1.8574
12047,97,1.85741
12048,98,1.85741
12049,99,1.85741
12050,98,1.85741
12051,100,1.85741
12052,100,1.85741
12053,99,1.85741
12054,96,1.85741
12055,96,1.85741
12056,99,1.85741
12057,98,1.85741
12058,100,1.85741
12059,98,1.85741
12060,97,1.85741
12061,97,1.85741
12062,96,1.8574
12063,98,1.8574
12064,97,1.8574
12065,97,1.85741
12066,98,1.85741
12067,100,1.85741
12068,99,1.85741
12069,95,1.85741
12070,98,1.85741
12071,99,1.8574
12072,99,1.8574
12073,96,1.8574
12074,100,1.8574
12075,100,1.8574
12076,99,1.8574
12077,99,1.8574
12078,97,1.8574
12079,99,1.8575
12080,98,1.85762
12081,98,1.85764
12082,98,1.8576
12083,99,1.85759
12084,100,1.85757
12085,100,1.85757
12086,97,1.85757
12087,99,1.85757
12088,99,1.85757
12089,98,1.85757
12090,97,1.85757
12091,99,1.85757
12092,97,1.85757
12093,96,1.85757
12094,97,1.85759
12095,96,1.85762
12096,94,1.85775
12097,99,1.85795
12098,97,1.85819
12099,98,1.85822
12100,99,1.85822
12101,98,1.85822
12102,100,1.85822
12103,100,1.85822
12104,99,1.85822
12105,96,1.85822
12106,96,1.85822
12107,99,1.85822
12108,98,1.85822
12109,100,1.85823
12110,98,1.85823
12111,97,1.85823
12112,97,1.85822
12113,96,1.85822
12114,98,1.85822
12115,97,1.85822
12116,97,1.85822
12117,98,1.85822
12118,100,1.85822
12119,99,1.85822
12120,95,1.85822
12121,98,1.85822
12122,99,1.85822
12123,99,1.85822
12124,96,1.85822
12125,100,1.85822
12126,100,1.85822
12127,99,1.85822
12128,99,1.85822
12129,97,1.85822
12130,99,1.85835
12131,98,1.85851
12132,98,1.85853
12133,98,1.85853
12134,99,1.85852
12135,100,1.85851
12136,100,1.85851
12137,97,1.85851
12138,99,1.85851
12139,99,1.85851
12140,98,1.85851
12141,97,1.85851
12142,99,1.85851
12143,97,1.85851
12144,96,1.85851
12145,97,1.85853
12146,97,1.85857
12147,94,1.85857
12148,99,1.85858
12149,97,1.85858
12150,98,1.85858
12151,99,1.85858
12152,98,1.85858
12153,100,1.85858
12154,100,1.85858
12155,99,1.85858
12156,96,1.85858
12157,96,1.85858
12158,99,1.85858
12159,98,1.85858
12160,100,1.85858
12161,98,1.85858
12162,97,1.85858
12163,97,1.85858
12164,96,1.85857
12165,98,1.85857
12166,97,1.85857
12167,97,1.85857
12168,98,1.85857
12169,100,1.85857
12170,99,1.85857
12171,95,1.85857
12172,98,1.85857
12173,99,1.85857
12174,99,1.85857
12175,96,1.85857
12176,100,1.85857
12177,100,1.85857
12178,99,1.85857
12179,99,1.85857
12180,97,1.85857
12181,99,1.85857
12182,98,1.85857
12183,98,1.85858
12184,98,1.85858
12185,99,1.8585
12186,100,1.85841
12187,100,1.8584
12188,97,1.8584
12189,99,1.85828
12190,99,1.85828
12191,98,1.85828
12192,97,1.85828
12193,99,1.85828
12194,97,1.85828
12195,96,1.85828
12196,97,1.85831
12197,97,1.85835
12198,94,1.85836
12199,99,1.85836
12200,97,1.85836
12201,98,1.85836
12202,99,1.85836
12203,98,1.85836
12204,100,1.85836
12205,100,1.85836
12206,99,1.85836
12207,96,1.85836
12208,96,1.85836
12209,99,1.85836
12210,98,1.85836
12211,100,1.85836
12212,98,1.85836
12213,97,1.85836
12214,97,1.85836
12215,96,1.85836
12216,98,1.85836
12217,97,1.85836
12218,97,1.85836
12219,98,1.85836
12220,100,1.85836
12221,99,1.85836
12222,95,1.85836
12223,98,1.85836
12224,99,1.85836
12225,99,1.85836
12226,96,1.85836
12227,100,1.85836
12228,100,1.85836
12229,99,1.85836
12230,99,1.85836
12231,97,1.85836
12232,99,1.85837
12233,98,1.85839
12234,98,1.85839
12235,98,1.85826
12236,99,1.85825
12237,100,1.85824
12238,100,1.85823
12239,97,1.85823
12240,99,1.85823
12241,99,1.85823
12242,98,1.85823
12243,97,1.85823
12244,99,1.85823
12245,97,1.85823
12246,96,1.85823
12247,97,1.85826
12248,97,1.85832
12249,94,1.85832
12250,99,1.85845
12251,97,1.85847
12252,98,1.85848
12253,99,1.85848
12254,98,1.85848
12255,100,1.85848
12256,100,1.85848
12257,99,1.85848
12258,96,1.85848
12259,96,1.85848
12260,99,1.85848
12261,98,1.85848
12262,100,1.85848
12263,98,1.85848
12264,97,1.85848
12265,97,1.85847
12266,96,1.85847
12267,98,1.85847
12268,97,1.85847
12269,97,1.85847
12270,98,1.85847
12271,100,1.85847
12272,99,1.85847
12273,95,1.85847
12274,98,1.85847
12275,99,1.85847
12276,99,1.85847
12277,96,1.85847
12278,100,1.85847
12279,100,1.85847
12280,99,1.85847
12281,99,1.85847
12282,97,1.85847
12283,99,1.85848
12284,98,1.85849
12285,98,1.85849
12286,98,1.85849
12287,99,1.85849
12288,100,1.85849
12289,100,1.85849
12290,97,1.85849
12291,99,1.85848
12292,99,1.85848
12293,98,1.85848
12294,97,1.85848
12295,99,1.85848
12296,97,1.85848
12297,96,1.85848
12298,97,1.85853
12299,97,1.85859
12300,94,1.8586
12301,99,1.85861
12302,97,1.85862
12303,98,1.85863
12304,99,1.85863
12305,98,1.85863
12306,100,1.85863
12307,100,1.85863
12308,99,1.85863
12309,96,1.85863
12310,96,1.85863
12311,99,1.85863
12312,98,1.85863
12313,100,1.85863
12314,98,1.85863
12315,97,1.85863
12316,97,1.85862
12317,96,1.85862
12318,98,1.85862
12319,97,1.85862
12320,97,1.85862
12321,98,1.85862
12322,100,1.85862
12323,99,1.85862
12324,95,1.85862
12325,98,1.85862
12326,99,1.85862
12327,99,1.85862
12328,96,1.85862
12329,100,1.85862
12330,100,1.85862
12331,99,1.85862
12332,99,1.85862
12333,97,1.85862
12334,99,1.85863
12335,98,1.85865
12336,98,1.85865
12337,98,1.85865
12338,99,1.85865
12339,100,1.85865
12340,100,1.85865
12341,97,1.85865
12342,99,1.85864
12343,99,1.85864
12344,98,1.85864
12345,97,1.85864
12346,99,1.85864
12347,97,1.85864
12348,96,1.85864
12349,97,1.8587
12350,97,1.85878
12351,94,1.85879
12352,99,1.8588
12353,97,1.85882
12354,98,1.85882
12355,99,1.85882
12356,98,1.85882
12357,100,1.85882
12358,100,1.85882
12359,99,1.85882
12360,96,1.85882
12361,96,1.85882
12362,99,1.85882
12363,98,1.85882
12364,100,1.85882
12365,98,1.85882
12366,97,1.85882
12367,97,1.85882
12368,96,1.85881
12369,98,1.85881
12370,97,1.85881
12371,97,1.85881
12372,98,1.85881
12373,100,1.85881
12374,99,1.85881
12375,95,1.85881
12376,98,1.85881
12377,99,1.85881
12378,99,1.85881
12379,96,1.85881
12380,100,1.85881
12381,100,1.85881
12382,99,1.85881
12383,99,1.85881
12384,97,1.85881
12385,99,1.85883
12386,98,1.85884
12387,98,1.85884
12388,98,1.85884
12389,99,1.85884
12390,100,1.85884
12391,100,1.85884
12392,97,1.85884
12393,99,1.85883
12394,99,1.85883
12395,98,1.85883
12396,97,1.85883
12397,99,1.85883
12398,97,1.85883
12399,96,1.85883
12400,97,1.85889
12401,97,1.85895
12402,94,1.85895
12403,99,1.85898
12404,97,1.859
12405,98,1.859
12406,99,1.859
12407,98,1.859
12408,100,1.859
12409,100,1.859
12410,99,1.859
12411,96,1.859
12412,96,1.859
12413,99,1.85901
12414,98,1.85901
12415,100,1.85901
12416,98,1.85901
12417,97,1.85901
12418,97,1.859
12419,96,1.859
12420,98,1.859
12421,97,1.859
12422,97,1.859
12423,98,1.859
12424,100,1.859
12425,99,1.859
12426,95,1.859
12427,98,1.859
12428,99,1.859
12429,99,1.859
12430,96,1.859
12431,100,1.859
12432,100,1.859
12433,99,1.859
12434,99,1.859
12435,97,1.859
12436,99,1.85901
12437,98,1.85902
12438,98,1.85903
12439,98,1.85899
12440,99,1.85898
12441,100,1.85897
12442,100,1.85897
12443,97,1.85897
12444,99,1.85895
12445,99,1.85895
12446,98,1.85895
12447,97,1.85895
12448,99,1.85895
12449,97,1.85895
12450,96,1.85895
12451,97,1.85895
12452,97,1.85895
12453,94,1.85895
12454,99,1.85902
12455,97,1.85906
12456,98,1.85906
12457,99,1.85906
12458,98,1.85906
12459,100,1.85906
12460,100,1.85906
12461,99,1.85906
12462,96,1.85906
12463,96,1.85906
12464,99,1.85906
12465,98,1.85906
12466,100,1.85906
12467,98,1.85906
12468,97,1.85906
12469,97,1.85906
12470,96,1.85906
12471,98,1.85906
12472,97,1.85906
12473,97,1.85906
12474,98,1.85906
12475,100,1.85906
12476,99,1.85906
12477,95,1.85906
12478,98,1.85906
12479,99,1.85906
12480,99,1.85906
12481,96,1.85906
12482,100,1.85906
12483,100,1.85906
12484,99,1.85906
12485,99,1.85906
12486,97,1.85906
12487,99,1.85906
12488,98,1.85906
12489,98,1.85906
12490,98,1.85906
12491,99,1.85905
12492,100,1.85904
12493,100,1.85904
12494,97,1.85904
12495,99,1.85904
12496,99,1.85904
12497,98,1.85904
12498,97,1.85904
12499,99,1.85904
12500,97,1.85904
12501,96,1.85904
12502,97,1.85904
12503,97,1.85904
12504,94,1.85904
12505,99,1.85907
12506,97,1.85912
12507,98,1.85912
12508,99,1.85912
12509,98,1.85912
12510,100,1.85912
12511,100,1.85912
12512,99,1.85912
12513,96,1.85912
12514,96,1.85912
12515,99,1.85912
12516,98,1.85912
12517,100,1.85912
12518,98,1.85912
12519,97,1.85912
12520,97,1.85912
12521,96,1.85911
12522,98,1.85911
12523,97,1.85911
12524,97,1.85912
12525,98,1.85912
12526,100,1.85912
12527,99,1.85912
12528,95,1.85912
12529,98,1.85912
12530,99,1.85912
12531,99,1.85912
12532,96,1.85912
12533,100,1.85912
12534,100,1.85912
12535,99,1.85912
12536,99,1.85912
12537,97,1.85912
12538,99,1.85914
12539,98,1.85914
12540,98,1.85914
12541,98,1.85914
12542,99,1.85914
12543,100,1.85914
12544,100,1.85914
12545,97,1.85914
12546,99,1.85913
12547,99,1.85913
12548,98,1.85913
12549,97,1.85913
12550,99,1.85913
12551,97,1.85913
12552,96,1.85913
12553,97,1.85913
12554,97,1.85913
12555,94,1.85913
12556,99,1.85917
12557,97,1.85923
12558,98,1.85924
12559,99,1.85924
12560,98,1.85924
12561,100,1.85924
12562,100,1.85924
12563,99,1.85924
12564,96,1.85924
12565,96,1.85924
12566,99,1.85926
12567,98,1.85926
12568,100,1.85926
12569,98,1.85926
12570,97,1.85926
12571,97,1.85926
12572,96,1.85925
12573,98,1.85925
12574,97,1.85925
12575,97,1.85925
12576,98,1.85925
12577,100,1.85925
12578,99,1.85925
12579,95,1.85925
12580,98,1.85925
12581,99,1.85925
12582,99,1.85925
12583,96,1.85925
12584,100,1.85925
12585,100,1.85925
12586,99,1.85925
12587,99,1.85925
12588,97,1.85925
12589,99,1.85926
12590,98,1.85928
12591,98,1.85928
12592,98,1.85928
12593,99,1.85928
12594,100,1.85928
12595,100,1.85928
12596,97,1.85928
12597,99,1.85928
12598,99,1.85928
12599,98,1.85928
12600,97,1.85928
12601,99,1.85928
12602,97,1.85928
12603,96,1.85928
12604,97,1.85928
12605,97,1.85928
12606,94,1.85929
12607,99,1.85934
12608,97,1.85942
12609,98,1.85943
12610,99,1.85943
12611,98,1.85943
12612,100,1.85943
12613,100,1.85943
12614,99,1.85943
12615,96,1.85943
12616,96,1.85944
12617,99,1.85944
12618,98,1.85944
12619,100,1.85944
12620,98,1.85944
12621,97,1.85944
12622,97,1.85944
12623,96,1.85943
12624,98,1.85943
12625,97,1.85942
12626,97,1.85942
12627,98,1.85942
12628,100,1.85942
12629,99,1.85942
12630,95,1.85942
12631,98,1.85942
12632,99,1.85942
12633,99,1.85941
12634,96,1.85941
12635,100,1.85941
12636,100,1.85941
12637,99,1.85941
12638,99,1.85941
12639,97,1.85941
12640,99,1.85942
12641,98,1.85944
12642,98,1.85944
12643,98,1.85944
12644,99,1.85944
12645,100,1.85944
12646,100,1.85944
12647,97,1.85944
12648,99,1.85942
12649,99,1.85942
12650,98,1.85942
12651,97,1.85942
12652,99,1.85942
12653,97,1.85942
12654,96,1.85942
12655,97,1.85942
12656,97,1.85942
12657,94,1.85942
12658,99,1.85949
12659,97,1.85958
12660,98,1.85959
12661,99,1.85959
12662,98,1.85959
12663,100,1.85958
12664,100,1.85958
12665,99,1.85958
12666,96,1.85958
12667,96,1.85958
12668,99,1.85959
12669,98,1.85959
12670,100,1.85959
12671,98,1.85959
12672,97,1.85959
12673,97,1.85958
12674,96,1.85958
12675,98,1.85958
12676,97,1.85958
12677,97,1.85958
12678,98,1.85958
12679,100,1.85958
12680,99,1.85958
12681,95,1.85958
12682,98,1.85958
12683,99,1.85958
12684,99,1.85958
12685,96,1.85958
12686,100,1.85958
12687,100,1.85958
12688,99,1.85958
12689,99,1.85958
12690,97,1.85958
12691,99,1.85959
12692,98,1.85961
12693,98,1.85961
12694,98,1.85958
12695,99,1.85957
12696,100,1.85955
12697,100,1.85955
12698,97,1.85955
12699,99,1.85953
12700,99,1.85953
12701,98,1.85953
12702,97,1.85953
12703,99,1.85953
12704,97,1.85953
12705,96,1.85953
12706,97,1.85953
12707,97,1.85953
12708,94,1.85953
12709,99,1.85964
12710,97,1.85976
12711,98,1.85978
12712,99,1.85978
12713,98,1.85978
12714,100,1.85978
12715,100,1.85978
12716,99,1.85978
12717,96,1.85978
12718,96,1.85978
12719,99,1.85978
12720,98,1.85978
12721,100,1.85978
12722,98,1.85978
12723,97,1.85978
12724,97,1.85977
12725,96,1.85977
12726,98,1.85977
12727,97,1.85977
12728,97,1.85977
12729,98,1.85977
12730,100,1.85977
12731,99,1.85977
12732,95,1.85977
12733,98,1.85977
12734,99,1.85977
12735,99,1.85977
12736,96,1.85977
12737,100,1.85977
12738,100,1.85977
12739,99,1.85977
12740,99,1.85977
12741,97,1.85977
12742,99,1.85977
12743,98,1.85977
12744,98,1.85977
12745,98,1.85977
12746,99,1.85976
12747,100,1.85975
12748,100,1.85975
12749,97,1.85975
12750,99,1.85974
12751,99,1.85974
12752,98,1.85974
12753,97,1.85974
12754,99,1.85974
12755,97,1.85974
12756,96,1.85974
12757,97,1.85974
12758,97,1.85974
12759,94,1.85974
12760,99,1.85984
12761,97,1.85986
12762,98,1.85986
12763,99,1.85986
12764,98,1.85986
12765,100,1.85986
12766,100,1.85986
12767,99,1.85986
12768,96,1.85986
12769,96,1.85986
12770,99,1.85986
12771,98,1.85986
12772,100,1.85986
12773,98,1.85986
12774,97,1.85986
12775,97,1.85986
12776,96,1.85985
12777,98,1.85985
12778,97,1.85985
12779,97,1.85985
12780,98,1.85985
12781,100,1.85985
12782,99,1.85985
12783,95,1.85985
12784,98,1.85985
12785,99,1.85985
12786,99,1.85985
12787,96,1.85985
12788,100,1.85985
12789,100,1.85985
12790,99,1.85985
12791,99,1.85985
12792,97,1.85985
12793,99,1.85986
12794,98,1.85988
12795,98,1.85988
12796,98,1.85988
12797,99,1.85988
12798,100,1.85988
12799,100,1.85988
12800,97,1.85988
12801,99,1.85987
12802,99,1.85987
12803,98,1.85987
12804,97,1.85987
12805,99,1.85987
12806,97,1.85987
12807,96,1.85987
12808,97,1.85987
12809,97,1.85987
12810,94,1.85987
12811,99,1.85988
12812,97,1.85988
12813,98,1.85988
12814,99,1.85988
12815,98,1.85988
12816,100,1.85988
12817,100,1.85988
12818,99,1.85988
12819,96,1.85988
12820,96,1.85988
12821,99,1.85988
12822,98,1.85988
12823,100,1.85988
12824,98,1.85988
12825,97,1.85988
12826,97,1.85988
12827,96,1.85987
12828,98,1.85987
12829,97,1.85987
12830,97,1.85987
12831,98,1.85987
12832,100,1.85987
12833,99,1.85987
12834,95,1.85987
12835,98,1.85987
12836,99,1.85987
12837,99,1.85987
12838,96,1.85987
12839,100,1.85987
12840,100,1.85987
12841,99,1.85987
12842,99,1.85987
12843,97,1.85987
12844,99,1.85988
12845,98,1.8599
12846,98,1.8599
12847,98,1.85987
12848,99,1.85987
12849,100,1.85986
12850,100,1.85986
12851,97,1.85986
12852,99,1.85985
12853,99,1.85985
12854,98,1.85985
12855,97,1.85985
12856,99,1.85985
12857,97,1.85985
12858,96,1.85985
12859,97,1.85985
12860,97,1.85985
12861,94,1.85985
12862,99,1.85983
12863,97,1.85983
12864,98,1.85983
12865,99,1.85983
12866,98,1.85983
12867,100,1.85983
12868,100,1.85983
12869,99,1.85983
12870,96,1.85983
12871,96,1.85983
12872,99,1.85984
12873,98,1.85983
12874,100,1.85984
12875,98,1.85984
12876,97,1.85984
12877,97,1.85983
12878,96,1.85983
12879,98,1.85983
12880,97,1.85983
12881,97,1.85983
12882,98,1.85983
12883,100,1.85983
12884,99,1.85983
12885,95,1.85983
12886,98,1.85983
12887,99,1.85983
12888,99,1.85983
12889,96,1.85983
12890,100,1.85983
12891,100,1.85983
12892,99,1.85983
12893,99,1.85983
12894,97,1.85983
12895,99,1.85983
12896,98,1.85983
12897,98,1.85983
12898,98,1.85983
12899,99,1.85983
12900,100,1.85982
12901,100,1.85982
12902,97,1.85982
12903,99,1.85982
12904,99,1.85982
12905,98,1.85982
12906,97,1.85982
12907,99,1.85982
12908,97,1.85982
12909,96,1.85982
12910,97,1.85982
12911,97,1.85982
12912,94,1.85982
12913,99,1.85984
12914,97,1.85984
12915,98,1.85984
12916,99,1.85984
12917,98,1.85984
12918,100,1.85984
12919,100,1.85984
12920,99,1.85984
12921,96,1.85984
12922,96,1.85984
12923,99,1.85984
12924,98,1.85984
12925,100,1.85984
12926,98,1.85984
12927,97,1.85984
12928,97,1.85983
12929,96,1.85983
12930,98,1.85983
12931,97,1.85983
12932,97,1.85983
12933,98,1.85983
12934,100,1.85983
12935,99,1.85983
12936,95,1.85983
12937,98,1.85983
12938,99,1.85983
12939,99,1.85983
12940,96,1.85983
12941,100,1.85983
12942,100,1.85983
12943,99,1.85983
12944,99,1.85983
12945,97,1.85983
12946,99,1.85983
12947,98,1.85983
12948,98,1.85983
12949,98,1.85983
12950,99,1.85982
12951,100,1.85982
12952,100,1.85981
12953,97,1.85981
12954,99,1.8598
12955,99,1.8598
12956,98,1.8598
12957,97,1.8598
12958,99,1.8598
12959,97,1.8598
12960,96,1.8598
12961,97,1.8598
12962,97,1.8598
12963,94,1.8598
12964,99,1.8598
12965,97,1.8598
12966,98,1.8598
12967,99,1.8598
12968,98,1.8598
12969,100,1.8598
12970,100,1.8598
12971,99,1.8598
12972,96,1.8598
12973,96,1.8598
12974,99,1.8598
12975,98,1.8598
12976,100,1.8598
12977,98,1.8598
12978,97,1.8598
12979,97,1.8598
12980,96,1.85979
12981,98,1.85979
12982,97,1.85979
12983,97,1.85979
12984,98,1.85979
12985,100,1.85979
12986,99,1.85979
12987,95,1.85979
12988,98,1.85979
12989,99,1.85979
12990,99,1.85979
12991,96,1.85979
12992,100,1.85979
12993,100,1.85979
12994,99,1.85979
12995,99,1.85979
12996,97,1.85979
12997,99,1.85981
12998,98,1.85982
12999,98,1.85982
13000,98,1.8598
13001,99,1.85979
13002,100,1.85979
13003,100,1.85979
13004,97,1.85979
13005,99,1.85978
13006,99,1.85978
13007,98,1.85978
13008,97,1.85978
13009,99,1.85978
13010,97,1.85978
13011,96,1.85978
13012,97,1.85978
13013,97,1.85978
13014,94,1.85978
13015,99,1.85977
13016,97,1.85977
13017,98,1.85977
13018,99,1.85977
13019,98,1.85977
13020,100,1.85977
13021,100,1.85977
13022,99,1.85977
13023,96,1.85977
13024,96,1.85977
13025,99,1.85977
13026,98,1.85977
13027,100,1.85977
13028,98,1.85977
13029,97,1.85977
13030,97,1.85977
13031,96,1.85976
13032,98,1.85974
13033,97,1.85974
13034,97,1.85974
13035,98,1.85974
13036,100,1.85974
13037,99,1.85974
13038,95,1.85974
13039,98,1.85974
13040,99,1.85974
13041,99,1.85974
13042,96,1.85974
13043,100,1.85974
13044,100,1.85974
13045,99,1.85974
13046,99,1.85974
13047,97,1.85974
13048,99,1.85974
13049,98,1.85974
13050,98,1.85974
13051,98,1.85974
13052,99,1.85973
13053,100,1.85972
13054,100,1.85972
13055,97,1.85972
13056,99,1.85971
13057,99,1.85971
13058,98,1.85971
13059,97,1.85971
13060,99,1.85971
13061,97,1.85971
13062,96,1.85971
13063,97,1.85971
13064,97,1.85971
13065,94,1.85971
13066,99,1.85971
13067,97,1.85971
13068,98,1.85971
13069,99,1.85971
13070,98,1.85971
13071,100,1.85971
13072,100,1.85971
13073,99,1.85971
13074,96,1.85971
13075,96,1.85971
13076,99,1.85971
13077,98,1.85971
13078,100,1.85971
13079,98,1.85971
13080,97,1.85971
13081,97,1.85971
13082,96,1.8597
13083,98,1.8597
13084,97,1.8597
13085,97,1.8597
13086,98,1.8597
13087,100,1.8597
13088,99,1.8597
13089,95,1.8597
13090,98,1.8597
13091,99,1.8597
13092,99,1.8597
13093,96,1.8597
13094,100,1.8597
13095,100,1.8597
13096,99,1.8597
13097,99,1.8597
13098,97,1.8597
13099,99,1.85971
13100,98,1.85973
13101,98,1.85973
13102,98,1.85972
13103,99,1.85971
13104,100,1.85971
13105,100,1.85971
13106,97,1.85971
13107,99,1.8597
13108,99,1.8597
13109,98,1.8597
13110,97,1.8597
13111,99,1.85969
13112,97,1.85969
13113,96,1.85969
13114,97,1.85969
13115,97,1.85969
13116,94,1.85969
13117,99,1.85969
13118,97,1.85969
13119,98,1.85969
13120,99,1.85969
13121,98,1.85969
13122,100,1.85969
13123,100,1.85969
13124,99,1.85969
13125,96,1.85969
13126,96,1.85969
13127,99,1.85969
13128,98,1.85969
13129,100,1.85969
13130,98,1.85969
13131,97,1.85969
13132,97,1.85969
13133,96,1.85968
13134,98,1.85968
13135,97,1.85968
13136,97,1.85968
13137,98,1.85968
13138,100,1.85968
13139,99,1.85968
13140,95,1.85968
13141,98,1.85968
13142,99,1.85968
13143,99,1.85968
13144,96,1.85968
13145,100,1.85968
13146,100,1.85968
13147,99,1.85968
13148,99,1.85968
13149,97,1.85968
13150,99,1.85969
13151,98,1.85969
13152,98,1.85968
13153,98,1.85968
13154,99,1.85968
13155,100,1.85968
13156,100,1.85968
13157,97,1.85968
13158,99,1.85967
13159,99,1.85967
13160,98,1.85967
13161,97,1.85967
13162,99,1.85967
13163,97,1.85967
13164,96,1.85967
13165,97,1.85967
13166,97,1.85967
13167,94,1.85967
13168,99,1.85967
13169,97,1.85967
13170,98,1.85967
13171,99,1.85967
13172,98,1.85967
13173,100,1.85967
13174,100,1.85967
13175,99,1.85967
13176,96,1.85967
13177,96,1.85967
13178,99,1.85967
13179,98,1.85967
13180,100,1.85967
13181,98,1.85967
13182,97,1.85967
13183,97,1.85967
13184,96,1.85966
13185,98,1.85966
13186,97,1.85966
13187,97,1.85966
13188,98,1.85966
13189,100,1.85966
13190,99,1.85966
13191,95,1.85966
13192,98,1.85966
13193,99,1.85966
13194,99,1.85966
13195,96,1.85966
13196,100,1.85966
13197,100,1.85966
13198,99,1.85966
13199,99,1.85966
13200,97,1.85966
13201,99,1.85967
13202,98,1.85969
13203,98,1.85969
13204,98,1.85966
13205,99,1.85966
13206,100,1.85965
13207,100,1.85965
13208,97,1.85965
13209,99,1.85964
13210,99,1.85964
13211,98,1.85964
13212,97,1.85964
13213,99,1.85964
13214,97,1.85964
13215,96,1.85964
13216,97,1.85964
13217,97,1.85964
13218,94,1.85964
13219,99,1.85962
13220,97,1.85962
13221,98,1.85962
13222,99,1.85962
13223,98,1.85962
13224,100,1.85962
13225,100,1.85962
13226,99,1.85962
13227,96,1.85962
13228,96,1.85962
13229,99,1.85962
13230,98,1.85962
13231,100,1.85962
13232,98,1.85962
13233,97,1.85962
13234,97,1.85962
13235,96,1.8596
13236,98,1.8596
13237,97,1.8596
13238,97,1.8596
13239,98,1.8596
13240,100,1.8596
13241,99,1.8596
13242,95,1.8596
13243,98,1.8596
13244,99,1.8596
13245,99,1.8596
13246,96,1.8596
13247,100,1.8596
13248,100,1.8596
13249,99,1.8596
13250,99,1.8596
13251,97,1.8596
13252,99,1.8596
13253,98,1.8596
13254,98,1.8596
13255,98,1.8596
13256,99,1.8596
13257,100,1.85959
13258,100,1.85959
13259,97,1.85959
13260,99,1.85959
13261,99,1.85959
13262,98,1.85959
13263,97,1.85959
13264,99,1.85959
13265,97,1.85959
13266,96,1.85959
13267,97,1.85959
13268,97,1.85959
13269,94,1.85959
13270,99,1.8596
13271,97,1.8596
13272,98,1.8596
13273,99,1.8596
13274,98,1.8596
13275,100,1.8596
13276,100,1.8596
13277,99,1.8596
13278,96,1.8596
13279,96,1.8596
13280,99,1.8596
13281,98,1.8596
13282,100,1.8596
13283,98,1.8596
13284,97,1.8596
13285,97,1.85959
13286,96,1.85959
13287,98,1.85958
13288,97,1.85958
13289,97,1.85959
13290,98,1.85959
13291,100,1.85959
13292,99,1.85959
13293,95,1.85959
13294,98,1.85959
13295,99,1.85959
13296,99,1.85959
13297,96,1.85959
13298,100,1.85959
13299,100,1.85959
13300,99,1.85959
13301,99,1.85959
13302,97,1.85959
13303,99,1.85959
13304,98,1.85959
13305,98,1.85959
13306,98,1.85959
13307,99,1.85958
13308,100,1.85956
13309,100,1.85956
13310,97,1.85956
13311,99,1.85955
13312,99,1.85955
13313,98,1.85955
13314,97,1.85955
13315,99,1.85954
13316,97,1.85954
13317,96,1.85954
13318,97,1.85954
13319,97,1.85954
13320,94,1.85954
13321,99,1.85954
13322,97,1.85954
13323,98,1.85954
13324,99,1.85954
13325,98,1.85954
13326,100,1.85954
13327,100,1.85954
13328,99,1.85954
13329,96,1.85954
13330,96,1.85954
13331,99,1.85954
13332,98,1.85954
13333,100,1.85954
13334,98,1.85954
13335,97,1.85954
13336,97,1.85953
13337,96,1.85952
13338,98,1.85952
13339,97,1.85952
13340,97,1.85952
13341,98,1.85952
13342,100,1.85952
13343,99,1.85952
13344,95,1.85952
13345,98,1.85952
13346,99,1.85952
13347,99,1.85952
13348,96,1.85952
13349,100,1.85952
13350,100,1.85952
13351,99,1.85952
13352,99,1.85952
13353,97,1.85952
13354,99,1.85954
13355,98,1.85955
13356,98,1.85955
13357,98,1.85953
13358,99,1.85952
13359,100,1.85951
13360,100,1.85951
13361,97,1.85951
13362,99,1.8595
13363,99,1.8595
13364,98,1.8595
13365,97,1.8595
13366,99,1.8595
13367,97,1.8595
13368,96,1.8595
13369,97,1.8595
13370,97,1.8595
13371,94,1.8595
13372,99,1.85948
13373,97,1.85948
13374,98,1.85948
13375,99,1.85948
13376,98,1.85948
13377,100,1.85948
13378,100,1.85948
13379,99,1.85948
13380,96,1.85948
13381,96,1.85948
13382,99,1.85948
13383,98,1.85948
13384,100,1.85948
13385,98,1.85948
13386,97,1.85948
13387,97,1.85948
13388,96,1.85947
13389,98,1.85947
13390,97,1.85947
13391,97,1.85947
13392,98,1.85947
13393,100,1.85947
13394,99,1.85947
13395,95,1.85947
13396,98,1.85947
13397,99,1.85947
13398,99,1.85947
13399,96,1.85947
13400,100,1.85947
13401,100,1.85947
13402,99,1.85947
13403,99,1.85947
13404,97,1.85947
13405,99,1.85947
13406,98,1.85947
13407,98,1.85947
13408,98,1.85947
13409,99,1.85947
13410,100,1.85947
13411,100,1.85947
13412,97,1.85947
13413,99,1.85947
13414,99,1.85947
13415,98,1.85947
13416,97,1.85947
13417,99,1.85947
13418,97,1.85947
13419,96,1.85947
13420,97,1.85947
13421,97,1.85947
13422,94,1.85947
13423,99,1.85948
13424,97,1.85948
13425,98,1.85948
13426,99,1.85948
13427,98,1.85948
13428,100,1.85948
13429,100,1.85948
13430,99,1.85948
13431,96,1.85948
13432,96,1.85948
13433,99,1.85948
13434,98,1.85948
13435,100,1.85948
13436,98,1.85948
13437,97,1.85948
13438,97,1.85947
13439,96,1.85947
13440,98,1.85946
13441,97,1.85946
13442,97,1.85947
13443,98,1.85947
13444,100,1.85947
13445,99,1.85947
13446,95,1.85947
13447,98,1.85947
13448,99,1.85946
13449,99,1.85946
13450,96,1.85946
13451,100,1.85946
13452,100,1.85946
13453,99,1.85946
13454,99,1.85946
13455,97,1.85946
13456,99,1.85947
13457,98,1.85947
13458,98,1.85947
13459,98,1.85947
13460,99,1.85946
13461,100,1.85945
13462,100,1.85945
13463,97,1.85945
13464,99,1.85944
13465,99,1.85944
13466,98,1.85944
13467,97,1.85944
13468,99,1.85944
13469,97,1.85944
13470,96,1.85944
13471,97,1.85944
13472,97,1.85944
13473,94,1.85945
13474,99,1.85944
13475,97,1.85944
13476,98,1.85944
13477,99,1.85944
13478,98,1.85944
13479,100,1.85944
13480,100,1.85944
13481,99,1.85944
13482,96,1.85944
13483,96,1.85945
13484,99,1.85945
13485,98,1.85945
13486,100,1.85945
13487,98,1.85945
13488,97,1.85945
13489,97,1.85944
13490,96,1.85943
13491,98,1.85943
13492,97,1.85943
13493,97,1.85943
13494,98,1.85943
13495,100,1.85943
13496,99,1.85943
13497,95,1.85943
13498,98,1.85943
13499,99,1.85943
13500,99,1.85943
13501,96,1.85943
13502,100,1.85944
13503,100,1.85944
13504,99,1.85944
13505,99,1.85944
13506,97,1.85944
13507,99,1.85945
13508,98,1.85947
13509,98,1.85947
13510,98,1.85944
13511,99,1.85943
13512,100,1.85943
13513,100,1.85943
13514,97,1.85943
13515,99,1.85941
13516,99,1.85941
13517,98,1.85941
13518,97,1.85941
13519,99,1.85941
13520,97,1.85941
13521,96,1.85941
13522,97,1.85941
13523,97,1.85941
13524,94,1.85941
13525,99,1.8594
13526,97,1.8594
13527,98,1.8594
13528,99,1.8594
13529,98,1.85941
13530,100,1.85941
13531,100,1.85941
13532,99,1.85941
13533,96,1.85941
13534,96,1.85941
13535,99,1.85941
13536,98,1.85941
13537,100,1.85941
13538,98,1.85941
13539,97,1.85941
13540,97,1.85941
13541,96,1.8594
13542,98,1.8594
13543,97,1.8594
13544,97,1.8594
13545,98,1.8594
13546,100,1.8594
13547,99,1.8594
13548,95,1.8594
13549,98,1.85941
13550,99,1.8594
13551,99,1.8594
13552,96,1.8594
13553,100,1.8594
13554,100,1.8594
13555,99,1.8594
13556,99,1.8594
13557,97,1.8594
13558,99,1.85942
13559,98,1.85942
13560,98,1.85942
13561,98,1.85942
13562,99,1.85942
13563,100,1.85942
13564,100,1.85942
13565,97,1.85942
13566,99,1.85942
13567,99,1.85942
13568,98,1.85942
13569,97,1.85942
13570,99,1.85942
13571,97,1.85942
13572,96,1.85942
13573,97,1.85942
13574,97,1.85942
13575,94,1.85942
13576,99,1.85942
13577,97,1.85942
13578,98,1.85942
13579,99,1.85943
13580,98,1.85943
13581,100,1.85943
13582,100,1.85943
13583,99,1.85943
13584,96,1.85943
13585,96,1.85943
13586,99,1.85943
13587,98,1.85943
13588,100,1.85943
13589,98,1.85943
13590,97,1.85943
13591,97,1.85943
13592,96,1.85942
13593,98,1.85942
13594,97,1.85942
13595,97,1.85942
13596,98,1.85942
13597,100,1.85942
13598,99,1.85942
13599,95,1.85942
13600,98,1.85942
13601,99,1.85942
13602,99,1.85942
13603,96,1.85942
13604,100,1.85942
13605,100,1.85942
13606,99,1.85942
13607,99,1.85942
13608,97,1.85942
13609,99,1.85942
13610,98,1.85942
13611,98,1.85942
13612,98,1.85942
13613,99,1.85941
13614,100,1.8594
13615,100,1.8594
13616,97,1.8594
13617,99,1.8594
13618,99,1.8594
13619,98,1.8594
13620,97,1.8594
13621,99,1.8594
13622,97,1.8594
13623,96,1.8594
13624,97,1.8594
13625,97,1.8594
13626,94,1.8594
13627,99,1.8594
13628,97,1.8594
13629,98,1.8594
13630,99,1.8594
13631,98,1.8594
13632,100,1.8594
13633,100,1.8594
13634,99,1.8594
13635,96,1.8594
13636,96,1.8594
13637,99,1.8594
13638,98,1.8594
13639,100,1.8594
13640,98,1.8594
13641,97,1.8594
13642,97,1.8594
13643,96,1.85939
13644,98,1.85939
13645,97,1.85939
13646,97,1.85939
13647,98,1.85939
13648,100,1.85939
13649,99,1.85939
13650,95,1.85939
13651,98,1.85939
13652,99,1.85938
13653,99,1.85938
13654,96,1.85938
13655,100,1.85938
13656,100,1.85938
13657,99,1.85938
13658,99,1.85938
13659,97,1.85938
13660,99,1.8594
13661,98,1.85941
13662,98,1.85941
13663,98,1.85938
13664,99,1.85938
13665,100,1.85937
13666,100,1.85937
13667,97,1.85937
13668,99,1.85936
13669,99,1.85936
13670,98,1.85936
13671,97,1.85936
13672,99,1.85936
13673,97,1.85936
13674,96,1.85936
13675,97,1.85936
13676,97,1.85936
13677,94,1.85936
13678,99,1.85935
13679,97,1.85935
13680,98,1.85935
13681,99,1.85935
13682,98,1.85935
13683,100,1.85935
13684,100,1.85935
13685,99,1.85935
13686,96,1.85935
13687,96,1.85935
13688,99,1.85935
13689,98,1.85935
13690,100,1.85935
13691,98,1.85935
13692,97,1.85935
13693,97,1.85935
13694,96,1.85934
13695,98,1.85931
13696,97,1.85931
13697,97,1.85931
13698,98,1.85931
13699,100,1.85931
13700,99,1.85931
13701,95,1.85931
13702,98,1.85931
13703,99,1.85931
13704,99,1.85931
13705,96,1.85931
13706,100,1.85931
13707,100,1.85931
13708,99,1.85931
13709,99,1.85931
13710,97,1.85931
13711,99,1.85931
13712,98,1.85931
13713,98,1.85931
13714,98,1.85931
13715,99,1.8593
13716,100,1.85929
13717,100,1.85929
13718,97,1.85929
13719,99,1.85928
13720,99,1.85928
13721,98,1.85928
13722,97,1.85928
13723,99,1.85928
13724,97,1.85928
13725,96,1.85928
13726,97,1.85928
13727,97,1.85928
13728,94,1.85928
13729,99,1.85929
13730,97,1.85929
13731,98,1.85929
13732,99,1.85929
13733,98,1.85929
13734,100,1.85929
13735,100,1.85929
13736,99,1.85929
13737,96,1.85929
13738,96,1.85929
13739,99,1.85929
13740,98,1.85929
13741,100,1.85929
13742,98,1.85929
13743,97,1.85929
13744,97,1.85928
13745,96,1.85927
13746,98,1.85927
13747,97,1.85927
13748,97,1.85927
13749,98,1.85927
13750,100,1.85927
13751,99,1.85927
13752,95,1.85927
13753,98,1.85927
13754,99,1.85927
13755,99,1.85927
13756,96,1.85927
13757,100,1.85927
13758,100,1.85927
13759,99,1.85927
13760,99,1.85927
13761,97,1.85927
13762,99,1.85928
13763,98,1.8593
13764,98,1.8593
13765,98,1.85927
13766,99,1.85926
13767,100,1.85926
13768,100,1.85926
13769,97,1.85926
13770,99,1.85925
13771,99,1.85925
13772,98,1.85925
13773,97,1.85925
13774,99,1.85925
13775,97,1.85925
13776,96,1.85925
13777,97,1.85925
13778,97,1.85925
13779,94,1.85925
13780,99,1.85923
13781,97,1.85923
13782,98,1.85923
13783,99,1.85923
13784,98,1.85923
13785,100,1.85923
13786,100,1.85923
13787,99,1.85923
13788,96,1.85923
13789,96,1.85923
13790,99,1.85923
13791,98,1.85923
13792,100,1.85923
13793,98,1.85923
13794,97,1.85923
13795,97,1.85923
13796,96,1.85922
13797,98,1.85922
13798,97,1.85922
13799,97,1.85922
13800,98,1.85922
13801,100,1.85922
13802,99,1.85922
13803,95,1.85922
13804,98,1.85922
13805,99,1.85922
13806,99,1.85922
13807,96,1.85922
13808,100,1.85922
13809,100,1.85922
13810,99,1.85922
13811,99,1.85922
13812,97,1.85922
13813,99,1.85922
13814,98,1.85922
13815,98,1.85922
13816,98,1.85922
13817,99,1.85922
13818,100,1.85921
13819,100,1.85921
13820,97,1.85921
13821,99,1.85921
13822,99,1.85921
13823,98,1.85921
13824,97,1.85921
13825,99,1.85921
13826,97,1.85921
13827,96,1.85921
13828,97,1.85922
13829,97,1.85922
13830,94,1.85922
13831,99,1.85922
13832,97,1.85922
13833,98,1.85922
13834,99,1.85922
13835,98,1.85922
13836,100,1.85922
13837,100,1.85922
13838,99,1.85922
13839,96,1.85922
13840,96,1.85922
13841,99,1.85922
13842,98,1.85922
13843,100,1.85922
13844,98,1.85922
13845,97,1.85922
13846,97,1.85922
13847,96,1.85921
13848,98,1.85921
13849,97,1.85921
13850,97,1.85921
13851,98,1.85921
13852,100,1.85921
13853,99,1.85921
13854,95,1.85921
13855,98,1.85921
13856,99,1.85921
13857,99,1.85921
13858,96,1.85921
13859,100,1.85921
13860,100,1.85921
13861,99,1.85921
13862,99,1.85921
13863,97,1.85921
13864,99,1.85921
13865,98,1.85921
13866,98,1.85921
13867,98,1.85921
13868,99,1.8592
13869,100,1.85919
13870,100,1.85919
13871,97,1.85919
13872,99,1.85918
13873,99,1.85918
13874,98,1.85918
13875,97,1.85918
13876,99,1.85918
13877,97,1.85918
13878,96,1.85918
13879,97,1.85918
13880,97,1.85918
13881,94,1.85918
13882,99,1.85918
13883,97,1.85918
13884,98,1.85918
13885,99,1.85918
13886,98,1.85918
13887,100,1.85918
13888,100,1.85918
13889,99,1.85918
13890,96,1.85918
13891,96,1.85918
13892,99,1.85918
13893,98,1.85918
13894,100,1.85918
13895,98,1.85918
13896,97,1.85918
13897,97,1.85918
13898,96,1.85917
13899,98,1.85917
13900,97,1.85917
13901,97,1.85917
13902,98,1.85917
13903,100,1.85917
13904,99,1.85917
13905,95,1.85917
13906,98,1.85917
13907,99,1.85916
13908,99,1.85916
13909,96,1.85916
13910,100,1.85916
13911,100,1.85916
13912,99,1.85916
13913,99,1.85916
13914,97,1.85916
13915,99,1.85918
13916,98,1.8592
13917,98,1.8592
13918,98,1.85916
13919,99,1.85915
13920,100,1.85914
13921,100,1.85914
13922,97,1.85914
13923,99,1.85913
13924,99,1.85913
13925,98,1.85913
13926,97,1.85913
13927,99,1.85913
13928,97,1.85913
13929,96,1.85913
13930,97,1.85913
13931,97,1.85913
13932,94,1.85913
13933,99,1.85911
13934,97,1.85911
13935,98,1.85911
13936,99,1.85911
13937,98,1.85911
13938,100,1.85911
13939,100,1.85911
13940,99,1.85911
13941,96,1.85911
13942,96,1.85911
13943,99,1.85912
13944,98,1.85912
13945,100,1.85912
13946,98,1.85912
13947,97,1.85912
13948,97,1.85911
13949,96,1.8591
13950,98,1.8591
13951,97,1.8591
13952,97,1.8591
13953,98,1.8591
13954,100,1.8591
13955,99,1.8591
13956,95,1.8591
13957,98,1.8591
13958,99,1.8591
13959,99,1.8591
13960,96,1.8591
13961,100,1.8591
13962,100,1.8591
13963,99,1.8591
13964,99,1.8591
13965,97,1.8591
13966,99,1.85911
13967,98,1.85911
13968,98,1.85911
13969,98,1.85911
13970,99,1.85911
13971,100,1.85911
13972,100,1.85911
13973,97,1.85911
13974,99,1.85911
13975,99,1.85911
13976,98,1.85911
13977,97,1.85911
13978,99,1.85911
13979,97,1.85911
13980,96,1.85911
13981,97,1.85911
13982,97,1.85911
13983,94,1.85912
13984,99,1.85913
13985,97,1.85913
13986,98,1.85913
13987,99,1.85913
13988,98,1.85913
13989,100,1.85913
13990,100,1.85913
13991,99,1.85913
13992,96,1.85913
13993,96,1.85914
13994,99,1.85914
13995,98,1.85914
13996,100,1.85914
13997,98,1.85914
13998,97,1.85914
13999,97,1.85913
14000,96,1.85912
14001,98,1.85912
14002,97,1.85912
14003,97,1.85912
14004,98,1.85912
14005,100,1.85912
14006,99,1.85912
14007,95,1.85912
14008,98,1.85912
14009,99,1.85912
14010,99,1.85912
14011,96,1.85912
14012,100,1.85912
14013,100,1.85912
14014,99,1.85912
14015,99,1.85912
14016,97,1.85912
14017,99,1.85912
14018,98,1.85912
14019,98,1.85912
14020,98,1.85912
14021,99,1.85911
14022,100,1.8591
14023,100,1.8591
14024,97,1.8591
14025,99,1.8591
14026,99,1.8591
14027,98,1.8591
14028,97,1.8591
14029,99,1.8591
14030,97,1.8591
14031,96,1.8591
14032,97,1.8591
14033,97,1.8591
14034,94,1.8591
14035,99,1.8591
14036,97,1.8591
14037,98,1.8591
14038,99,1.8591
14039,98,1.8591
14040,100,1.8591
14041,100,1.8591
14042,99,1.8591
14043,96,1.8591
14044,96,1.85911
14045,99,1.85911
14046,98,1.85911
14047,100,1.8591
14048,98,1.8591
14049,97,1.8591
14050,97,1.85909
14051,96,1.85908
14052,98,1.85909
14053,97,1.85909
14054,97,1.85909
14055,98,1.85909
14056,100,1.85909
14057,99,1.85909
14058,95,1.85909
14059,98,1.85909
14060,99,1.85909
14061,99,1.85909
14062,96,1.85909
14063,100,1.85909
14064,100,1.85909
14065,99,1.85909
14066,99,1.85909
14067,97,1.85909
14068,99,1.8591
14069,98,1.85912
14070,98,1.85912
14071,98,1.85909
14072,99,1.85909
14073,100,1.85908
14074,100,1.85908
14075,97,1.85908
14076,99,1.85907
14077,99,1.85907
14078,98,1.85907
14079,97,1.85907
14080,99,1.85907
14081,97,1.85907
14082,96,1.85907
14083,97,1.85907
14084,97,1.85907
14085,94,1.85907
14086,99,1.85906
14087,97,1.85906
14088,98,1.85906
14089,99,1.85906
14090,98,1.85906
14091,100,1.85906
14092,100,1.85906
14093,99,1.85906
14094,96,1.85906
14095,96,1.85906
14096,99,1.85906
14097,98,1.85906
14098,100,1.85906
14099,98,1.85906
14100,97,1.85906
14101,97,1.85905
14102,96,1.85904
14103,98,1.85904
14104,97,1.85904
14105,97,1.85904
14106,98,1.85904
14107,100,1.85904
14108,99,1.85904
14109,95,1.85904
14110,98,1.85904
14111,99,1.85904
14112,99,1.85904
14113,96,1.85904
14114,100,1.85904
14115,100,1.85904
14116,99,1.85904
14117,99,1.85904
14118,97,1.85904
14119,99,1.85904
14120,98,1.85904
14121,98,1.85904
14122,98,1.85904
14123,99,1.85903
14124,100,1.85902
14125,100,1.85902
14126,97,1.85902
14127,99,1.85901
14128,99,1.85901
14129,98,1.85901
14130,97,1.85901
14131,99,1.85901
14132,97,1.85901
14133,96,1.85901
14134,97,1.85901
14135,97,1.85901
14136,94,1.85901
14137,99,1.85901
14138,97,1.85901
14139,98,1.85901
14140,99,1.85901
14141,98,1.85901
14142,100,1.85901
14143,100,1.85901
14144,99,1.85901
14145,96,1.85901
14146,96,1.85901
14147,99,1.85901
14148,98,1.85901
14149,100,1.85901
14150,98,1.85901
14151,97,1.85901
14152,97,1.859
14153,96,1.85899
14154,98,1.85899
14155,97,1.85899
14156,97,1.85899
14157,98,1.85899
14158,100,1.85899
14159,99,1.85899
14160,95,1.85899
14161,98,1.85899
14162,99,1.85899
14163,99,1.85899
14164,96,1.85899
14165,100,1.85899
14166,100,1.85899
14167,99,1.85899
14168,99,1.85899
14169,97,1.85899
14170,99,1.859
14171,98,1.85902
14172,98,1.85902
14173,98,1.85898
14174,99,1.85898
14175,100,1.85897
14176,100,1.85897
14177,97,1.85897
14178,99,1.85896
14179,99,1.85896
14180,98,1.85896
14181,97,1.85896
14182,99,1.85896
14183,97,1.85896
14184,96,1.85896
14185,97,1.85896
14186,97,1.85896
14187,94,1.85896
14188,99,1.85894
14189,97,1.85894
14190,98,1.85895
14191,99,1.85895
14192,98,1.85895
14193,100,1.85895
14194,100,1.85895
14195,99,1.85895
14196,96,1.85895
14197,96,1.85895
14198,99,1.85895
14199,98,1.85895
14200,100,1.85895
14201,98,1.85895
14202,97,1.85895
14203,97,1.85894
14204,96,1.85893
14205,98,1.85893
14206,97,1.85893
14207,97,1.85893
14208,98,1.85893
14209,100,1.85893
14210,99,1.85893
14211,95,1.85893
14212,98,1.85893
14213,99,1.85893
14214,99,1.85893
14215,96,1.85893
14216,100,1.85893
14217,100,1.85893
14218,99,1.85893
14219,99,1.85893
14220,97,1.85893
14221,99,1.85895
14222,98,1.85895
14223,98,1.85895
14224,98,1.85895
14225,99,1.85895
14226,100,1.85895
14227,100,1.85895
14228,97,1.85895
14229,99,1.85894
14230,99,1.85894
14231,98,1.85894
14232,97,1.85894
14233,99,1.85894
14234,97,1.85894
14235,96,1.85894
14236,97,1.85894
14237,97,1.85894
14238,94,1.85894
14239,99,1.85894
14240,97,1.85894
14241,98,1.85894
14242,99,1.85894
14243,98,1.85894
14244,100,1.85894
14245,100,1.85894
14246,99,1.85894
14247,96,1.85894
14248,96,1.85894
14249,99,1.85894
14250,98,1.85894
14251,100,1.85894
14252,98,1.85894
14253,97,1.85893
14254,97,1.85892
14255,96,1.85891
14256,98,1.85891
14257,97,1.85891
14258,97,1.85891
14259,98,1.85891
14260,100,1.85891
14261,99,1.85891
14262,95,1.85891
14263,98,1.85891
14264,99,1.85891
14265,99,1.85891
14266,96,1.85891
14267,100,1.85891
14268,100,1.85891
14269,99,1.85891
14270,99,1.85891
14271,97,1.85891
14272,99,1.85892
14273,98,1.85894
14274,98,1.85894
14275,98,1.85891
14276,99,1.85891
14277,100,1.8589
14278,100,1.8589
14279,97,1.8589
14280,99,1.85889
14281,99,1.85889
14282,98,1.85889
14283,97,1.85889
14284,99,1.85889
14285,97,1.85889
14286,96,1.85889
14287,97,1.85889
14288,97,1.85889
14289,94,1.85889
14290,99,1.85888
14291,97,1.85888
14292,98,1.85888
14293,99,1.85888
14294,98,1.85888
14295,100,1.85888
14296,100,1.85888
14297,99,1.85888
14298,96,1.85888
14299,96,1.85888
14300,99,1.85888
14301,98,1.85888
14302,100,1.85888
14303,98,1.85888
14304,97,1.85888
14305,97,1.85887
14306,96,1.85886
14307,98,1.85886
14308,97,1.85886
14309,97,1.85886
14310,98,1.85886
14311,100,1.85886
14312,99,1.85886
14313,95,1.85886
14314,98,1.85886
14315,99,1.85886
14316,99,1.85886
14317,96,1.85886
14318,100,1.85886
14319,100,1.85886
14320,99,1.85886
14321,99,1.85886
14322,97,1.85886
14323,99,1.85886
14324,98,1.85886
14325,98,1.85886
14326,98,1.85887
14327,99,1.85886
14328,100,1.85885
14329,100,1.85885
14330,97,1.85885
14331,99,1.85885
14332,99,1.85885
14333,98,1.85885
14334,97,1.85885
14335,99,1.85885
14336,97,1.85885
14337,96,1.85885
14338,97,1.85885
14339,97,1.85885
14340,94,1.85885
14341,99,1.85885
14342,97,1.85885
14343,98,1.85885
14344,99,1.85885
14345,98,1.85885
14346,100,1.85885
14347,100,1.85885
14348,99,1.85885
14349,96,1.85885
14350,96,1.85885
14351,99,1.85885
14352,98,1.85885
14353,100,1.85885
14354,98,1.85885
14355,97,1.85885
14356,97,1.85885
14357,96,1.85883
14358,98,1.85883
14359,97,1.85883
14360,97,1.85883
14361,98,1.85883
14362,100,1.85883
14363,99,1.85883
14364,95,1.85883
14365,98,1.85884
14366,99,1.85884
14367,99,1.85884
14368,96,1.85884
14369,100,1.85884
14370,100,1.85884
14371,99,1.85884
14372,99,1.85884
14373,97,1.85884
14374,99,1.85884
14375,98,1.85884
14376,98,1.85884
14377,98,1.85884
14378,99,1.85884
14379,100,1.85883
14380,100,1.85883
14381,97,1.85883
14382,99,1.85882
14383,99,1.85882
14384,98,1.85882
14385,97,1.85882
14386,99,1.85882
14387,97,1.85882
14388,96,1.85882
14389,97,1.85882
14390,97,1.85882
14391,94,1.85882
14392,99,1.85882
14393,97,1.85882
14394,98,1.85882
14395,99,1.85882
14396,98,1.85882
14397,100,1.85882
14398,100,1.85882
14399,99,1.85882
14400,96,1.85882
14401,96,1.85882
14402,99,1.85882
14403,98,1.85882
14404,100,1.85882
14405,98,1.85882
14406,97,1.85882
14407,97,1.85881
14408,96,1.8588
14409,98,1.85879
14410,97,1.85879
14411,97,1.85879
14412,98,1.8588
14413,100,1.85879
14414,99,1.85879
14415,95,1.85879
14416,98,1.85879
14417,99,1.85879
14418,99,1.85879
14419,96,1.85879
14420,100,1.85879
14421,100,1.85879
14422,99,1.85879
14423,99,1.85879
14424,97,1.85879
14425,99,1.85881
14426,98,1.85883
14427,98,1.85883
14428,98,1.85879
14429,99,1.85878
14430,100,1.85878
14431,100,1.85878
14432,97,1.85878
14433,99,1.85877
14434,99,1.85877
14435,98,1.85877
14436,97,1.85877
14437,99,1.85877
14438,97,1.85877
14439,96,1.85877
14440,97,1.85877
14441,97,1.85877
14442,94,1.85877
14443,99,1.85875
14444,97,1.85875
14445,98,1.85875
14446,99,1.85875
14447,98,1.85875
14448,100,1.85875
14449,100,1.85875
14450,99,1.85875
14451,96,1.85875
14452,96,1.85875
14453,99,1.85875
14454,98,1.85875
14455,100,1.85875
14456,98,1.85875
14457,97,1.85875
14458,97,1.85874
14459,96,1.85872
14460,98,1.85872
14461,97,1.85872
14462,97,1.85872
14463,98,1.85872
14464,100,1.85872
14465,99,1.85872
14466,95,1.85872
14467,98,1.85872
14468,99,1.85872
14469,99,1.85872
14470,96,1.85872
14471,100,1.85872
14472,100,1.85872
14473,99,1.85872
14474,99,1.85872
14475,97,1.85872
14476,99,1.85875
14477,98,1.85875
14478,98,1.85875
14479,98,1.85875
14480,99,1.85875
14481,100,1.85874
14482,100,1.85874
14483,97,1.85874
14484,99,1.85873
14485,99,1.85873
14486,98,1.85873
14487,97,1.85873
14488,99,1.85873
14489,97,1.85873
14490,96,1.85873
14491,97,1.85873
14492,97,1.85873
14493,94,1.85873
14494,99,1.85873
14495,97,1.85873
14496,98,1.85873
14497,99,1.85873
14498,98,1.85873
14499,100,1.85873
14500,100,1.85873
14501,99,1.85873
14502,96,1.85873
14503,96,1.85873
14504,99,1.85873
14505,98,1.85873
14506,100,1.85873
14507,98,1.85873
14508,97,1.85873
14509,97,1.85873
14510,96,1.85871
14511,98,1.85871
14512,97,1.85871
14513,97,1.85871
14514,98,1.85871
14515,100,1.85871
14516,99,1.85871
14517,95,1.85871
14518,98,1.85871
14519,99,1.85871
14520,99,1.85871
14521,96,1.85871
14522,100,1.85871
14523,100,1.85871
14524,99,1.85871
14525,99,1.85871
14526,97,1.85871
14527,99,1.85872
14528,98,1.85874
14529,98,1.85874
14530,98,1.85871
14531,99,1.85871
14532,100,1.8587
14533,100,1.8587
14534,97,1.8587
14535,99,1.85869
14536,99,1.85869
14537,98,1.85869
14538,97,1.85869
14539,99,1.85869
14540,97,1.85869
14541,96,1.85869
14542,97,1.85869
14543,97,1.85869
14544,94,1.85869
14545,99,1.85868
14546,97,1.85868
14547,98,1.85868
14548,99,1.85868
14549,98,1.85868
14550,100,1.85868
14551,100,1.85868
14552,99,1.85868
14553,96,1.85868
14554,96,1.85868
14555,99,1.85868
14556,98,1.85868
14557,100,1.85868
14558,98,1.85868
14559,97,1.85868
14560,97,1.85868
14561,96,1.85866
14562,98,1.85866
14563,97,1.85866
14564,97,1.85866
14565,98,1.85866
14566,100,1.85866
14567,99,1.85866
14568,95,1.85866
14569,98,1.85866
14570,99,1.85866
14571,99,1.85866
14572,96,1.85866
14573,100,1.85866
14574,100,1.85866
14575,99,1.85866
14576,99,1.85866
14577,97,1.85866
14578,99,1.85867
14579,98,1.85867
14580,98,1.85867
14581,98,1.85868
14582,99,1.85866
14583,100,1.85866
14584,100,1.85866
14585,97,1.85866
14586,99,1.85864
14587,99,1.85864
14588,98,1.85864
14589,97,1.85864
14590,99,1.85864
14591,97,1.85864
14592,96,1.85864
14593,97,1.85864
14594,97,1.85864
14595,94,1.85864
14596,99,1.85864
14597,97,1.85864
14598,98,1.85864
14599,99,1.85864
14600,98,1.85864
14601,100,1.85864
14602,100,1.85864
14603,99,1.85864
14604,96,1.85864
14605,96,1.85864
14606,99,1.85864
14607,98,1.85864
14608,100,1.85864
14609,98,1.85864
14610,97,1.85864
14611,97,1.85864
14612,96,1.85862
14613,98,1.85862
14614,97,1.85862
14615,97,1.85862
14616,98,1.85862
14617,100,1.85862
14618,99,1.85862
14619,95,1.85862
14620,98,1.85862
14621,99,1.85862
14622,99,1.85862
14623,96,1.85862
14624,100,1.85862
14625,100,1.85862
14626,99,1.85862
14627,99,1.85862
14628,97,1.85862
14629,99,1.85863
14630,98,1.85865
14631,98,1.85865
14632,98,1.85862
14633,99,1.85861
14634,100,1.85861
14635,100,1.85861
14636,97,1.85861
14637,99,1.85859
14638,99,1.85859
14639,98,1.85859
14640,97,1.85859
14641,99,1.85859
14642,97,1.85859
14643,96,1.85859
14644,97,1.85859
14645,97,1.85859
14646,94,1.85859
14647,99,1.85858
14648,97,1.85858
14649,98,1.85858
14650,99,1.85858
14651,98,1.85858
14652,100,1.85858
14653,100,1.85858
14654,99,1.85858
14655,96,1.85858
14656,96,1.85858
14657,99,1.85858
14658,98,1.85858
14659,100,1.85858
14660,98,1.85858
14661,97,1.85858
14662,97,1.85857
14663,96,1.85856
14664,98,1.85856
14665,97,1.85856
14666,97,1.85856
14667,98,1.85856
14668,100,1.85856
14669,99,1.85856
14670,95,1.85856
14671,98,1.85856
14672,99,1.85856
14673,99,1.85856
14674,96,1.85856
14675,100,1.85856
14676,100,1.85856
14677,99,1.85856
14678,99,1.85856
14679,97,1.85856
14680,99,1.8586
14681,98,1.8586
14682,98,1.8586
14683,98,1.85859
14684,99,1.85857
14685,100,1.85857
14686,100,1.85857
14687,97,1.85857
14688,99,1.85855
14689,99,1.85855
14690,98,1.85855
14691,97,1.85855
14692,99,1.85855
14693,97,1.85855
14694,96,1.85855
14695,97,1.85856
14696,97,1.85856
14697,94,1.85856
14698,99,1.85855
14699,97,1.85855
14700,98,1.85855
14701,99,1.85855
14702,98,1.85855
14703,100,1.85855
14704,100,1.85855
14705,99,1.85855
14706,96,1.85855
14707,96,1.85855
14708,99,1.85855
14709,98,1.85855
14710,100,1.85855
14711,98,1.85855
14712,97,1.85855
14713,97,1.85854
14714,96,1.85852
14715,98,1.85852
14716,97,1.85852
14717,97,1.85852
14718,98,1.85852
14719,100,1.85852
14720,99,1.85852
14721,95,1.85852
14722,98,1.85852
14723,99,1.85852
14724,99,1.85852
14725,96,1.85852
14726,100,1.85852
14727,100,1.85852
14728,99,1.85852
14729,99,1.85852
14730,97,1.85852
14731,99,1.85854
14732,98,1.85855
14733,98,1.85856
14734,98,1.85853
14735,99,1.85852
14736,100,1.85851
14737,100,1.85851
14738,97,1.85851
14739,99,1.8585
14740,99,1.8585
14741,98,1.8585
14742,97,1.8585
14743,99,1.8585
14744,97,1.8585
14745,96,1.8585
14746,97,1.8585
14747,97,1.85849
14748,94,1.8585
14749,99,1.85848
14750,97,1.85848
14751,98,1.85848
14752,99,1.85848
14753,98,1.85848
14754,100,1.85848
14755,100,1.85848
14756,99,1.85848
14757,96,1.85848
14758,96,1.85848
14759,99,1.85848
14760,98,1.85848
14761,100,1.85848
14762,98,1.85848
14763,97,1.85848
14764,97,1.85847
14765,96,1.85845
14766,98,1.85845
14767,97,1.85845
14768,97,1.85845
14769,98,1.85845
14770,100,1.85845
14771,99,1.85845
14772,95,1.85845
14773,98,1.85845
14774,99,1.85845
14775,99,1.85845
14776,96,1.85845
14777,100,1.85845
14778,100,1.85845
14779,99,1.85845
14780,99,1.85845
14781,97,1.85845
14782,99,1.85849
14783,98,1.85849
14784,98,1.85849
14785,98,1.85848
14786,99,1.85847
14787,100,1.85846
14788,100,1.85846
14789,97,1.85846
14790,99,1.85845
14791,99,1.85845
14792,98,1.85845
14793,97,1.85845
14794,99,1.85845
14795,97,1.85845
14796,96,1.85845
14797,97,1.85845
14798,97,1.85845
14799,94,1.85845
14800,99,1.85844
14801,97,1.85844
14802,98,1.85844
14803,99,1.85844
14804,98,1.85844
14805,100,1.85844
14806,100,1.85844
14807,99,1.85844
14808,96,1.85844
14809,96,1.85844
14810,99,1.85844
14811,98,1.85844
14812,100,1.85844
14813,98,1.85844
14814,97,1.85844
14815,97,1.85843
14816,96,1.85841
14817,98,1.85841
14818,97,1.85841
14819,97,1.85841
14820,98,1.85841
14821,100,1.85841
14822,99,1.85841
14823,95,1.85841
14824,98,1.85841
14825,99,1.85841
14826,99,1.85841
14827,96,1.85841
14828,100,1.85841
14829,100,1.85841
14830,99,1.85841
14831,99,1.85841
14832,97,1.85841
14833,99,1.85842
14834,98,1.85844
14835,98,1.85844
14836,98,1.85841
14837,99,1.85841
14838,100,1.8584
14839,100,1.8584
14840,97,1.8584
14841,99,1.85839
14842,99,1.85839
14843,98,1.85839
14844,97,1.85839
14845,99,1.85839
14846,97,1.85839
14847,96,1.85839
14848,97,1.85839
14849,97,1.85839
14850,94,1.85839
14851,99,1.85837
14852,97,1.85837
14853,98,1.85837
14854,99,1.85837
14855,98,1.85837
14856,100,1.85837
14857,100,1.85837
14858,99,1.85837
14859,96,1.85837
14860,96,1.85837
14861,99,1.85837
14862,98,1.85837
14863,100,1.85837
14864,98,1.85837
14865,97,1.85837
14866,97,1.85837
14867,96,1.85834
14868,98,1.85834
14869,97,1.85834
14870,97,1.85834
14871,98,1.85834
14872,100,1.85834
14873,99,1.85834
14874,95,1.85834
14875,98,1.85834
14876,99,1.85834
14877,99,1.85834
14878,96,1.85834
14879,100,1.85834
14880,100,1.85834
14881,99,1.85834
14882,99,1.85834
14883,97,1.85834
14884,99,1.85837
14885,98,1.85837
14886,98,1.85837
14887,98,1.85837
14888,99,1.85836
14889,100,1.85836
14890,100,1.85836
14891,97,1.85836
14892,99,1.85835
14893,99,1.85835
14894,98,1.85835
14895,97,1.85835
14896,99,1.85835
14897,97,1.85835
14898,96,1.85835
14899,97,1.85835
14900,97,1.85835
14901,94,1.85835
14902,99,1.85834
14903,97,1.85834
14904,98,1.85834
14905,99,1.85834
14906,98,1.85834
14907,100,1.85834
14908,100,1.85834
14909,99,1.85834
14910,96,1.85834
14911,96,1.85834
14912,99,1.85834
14913,98,1.85834
14914,100,1.85834
14915,98,1.85834
14916,97,1.85834
14917,97,1.85833
14918,96,1.85831
14919,98,1.85831
14920,97,1.85831
14921,97,1.85831
14922,98,1.85831
14923,100,1.85831
14924,99,1.85831
14925,95,1.85831
14926,98,1.85831
14927,99,1.85831
14928,99,1.85831
14929,96,1.85831
14930,100,1.85831
14931,100,1.85831
14932,99,1.85831
14933,99,1.85831
14934,97,1.85831
14935,99,1.85832
14936,98,1.85834
14937,98,1.85834
14938,98,1.85831
14939,99,1.85831
14940,100,1.8583
14941,100,1.8583
14942,97,1.8583
14943,99,1.85829
14944,99,1.85829
14945,98,1.85829
14946,97,1.85829
14947,99,1.85829
14948,97,1.85829
14949,96,1.85829
14950,97,1.85829
14951,97,1.85829
14952,94,1.85829
14953,99,1.85828
14954,97,1.85828
14955,98,1.85828
14956,99,1.85828
14957,98,1.85828
14958,100,1.85828
14959,100,1.85828
14960,99,1.85828
14961,96,1.85828
14962,96,1.85828
14963,99,1.85828
14964,98,1.85828
14965,100,1.85828
14966,98,1.85828
14967,97,1.85828
14968,97,1.85827
14969,96,1.85824
14970,98,1.85824
14971,97,1.85824
14972,97,1.85824
14973,98,1.85824
14974,100,1.85824
14975,99,1.85824
14976,95,1.85824
14977,98,1.85824
14978,99,1.85824
14979,99,1.85824
14980,96,1.85824
14981,100,1.85824
14982,100,1.85824
14983,99,1.85824
14984,99,1.85824
14985,97,1.85824
14986,99,1.85825
14987,98,1.85826
14988,98,1.85826
14989,98,1.85826
14990,99,1.85826
14991,100,1.85826
14992,100,1.85826
14993,97,1.85826
14994,99,1.85824
14995,99,1.85824
14996,98,1.85824
14997,97,1.85824
14998,99,1.85824
14999,97,1.85824
15000,96,1.85824
15001,97,1.85824
15002,97,1.85824
15003,94,1.85824
15004,99,1.85824
15005,97,1.85824
15006,98,1.85824
15007,99,1.85824
15008,98,1.85824
15009,100,1.85824
15010,100,1.85824
15011,99,1.85824
15012,96,1.85824
15013,96,1.85825
15014,99,1.85825
15015,98,1.85825
15016,100,1.85825
15017,98,1.85825
15018,97,1.85825
15019,97,1.85824
15020,96,1.85821
15021,98,1.85821
15022,97,1.85821
15023,97,1.85821
15024,98,1.85821
15025,100,1.85821
15026,99,1.85821
15027,95,1.85821
15028,98,1.85821
15029,99,1.85821
15030,99,1.85821
15031,96,1.85821
15032,100,1.85821
15033,100,1.85821
15034,99,1.85821
15035,99,1.85821
15036,97,1.85821
15037,99,1.8583
15038,98,1.85834
15039,98,1.85834
15040,98,1.85833
15041,99,1.85832
15042,100,1.85832
15043,100,1.85832
15044,97,1.85832
15045,99,1.85824
15046,99,1.85824
15047,98,1.85824
15048,97,1.85824
15049,99,1.85824
15050,97,1.85824
15051,96,1.85824
15052,97,1.85824
15053,97,1.85824
15054,94,1.85824
15055,99,1.85824
15056,97,1.85824
15057,98,1.85824
15058,99,1.85823
15059,98,1.85823
15060,100,1.85823
15061,100,1.85823
15062,99,1.85823
15063,96,1.85823
15064,96,1.85824
15065,99,1.85824
15066,98,1.85824
15067,100,1.85824
15068,98,1.85824
15069,97,1.85823
15070,97,1.85823
15071,96,1.8582
15072,98,1.85819
15073,97,1.85819
15074,97,1.85819
15075,98,1.85819
15076,100,1.85819
15077,99,1.85819
15078,95,1.85819
15079,98,1.85819
15080,99,1.85819
15081,99,1.85819
15082,96,1.85819
15083,100,1.85819
15084,100,1.85819
15085,99,1.85819
15086,99,1.85819
15087,97,1.85819
15088,99,1.85828
15089,98,1.85839
15090,98,1.8584
15091,98,1.85822
15092,99,1.85801
15093,100,1.8579
15094,100,1.85789
15095,97,1.85789
15096,99,1.85781
15097,99,1.85781
15098,98,1.85781
15099,97,1.85781
15100,99,1.85781
15101,97,1.85781
15102,96,1.85781
15103,97,1.85781
15104,97,1.85781
15105,94,1.85781
15106,98,1.85776
15107,97,1.85775
15108,98,1.85775
15109,99,1.85775
15110,98,1.85775
15111,100,1.85775
15112,100,1.85775
15113,99,1.85775
15114,96,1.85775
15115,96,1.85775
15116,99,1.85775
15117,98,1.85775
15118,100,1.85775
15119,98,1.85775
15120,97,1.85775
15121,97,1.85774
15122,96,1.85771
15123,98,1.8577
15124,97,1.8577
15125,97,1.8577
15126,98,1.8577
15127,100,1.8577
15128,99,1.8577
15129,95,1.8577
15130,98,1.8577
15131,99,1.8577
15132,99,1.8577
15133,96,1.8577
15134,100,1.8577
15135,100,1.8577
15136,99,1.8577
15137,99,1.8577
15138,97,1.8577
15139,99,1.85788
15140,98,1.85804
15141,98,1.85804
15142,98,1.85798
15143,99,1.85797
15144,100,1.85797
15145,100,1.85797
15146,97,1.85797
15147,99,1.85787
15148,99,1.85786
15149,98,1.85786
15150,97,1.85786
15151,99,1.85786
15152,97,1.85786
15153,96,1.85786
15154,97,1.85786
15155,97,1.85786
15156,95,1.85786
15157,98,1.85786
15158,97,1.85776
15159,98,1.85768
15160,99,1.85767
15161,98,1.85767
15162,100,1.85767
15163,100,1.85767
15164,99,1.85767
15165,96,1.85767
15166,96,1.85767
15167,99,1.85767
15168,98,1.85767
15169,100,1.85767
15170,98,1.85767
15171,97,1.85767
15172,97,1.85766
15173,96,1.85762
15174,98,1.85762
15175,97,1.85762
15176,97,1.85762
15177,98,1.85762
15178,100,1.85762
15179,99,1.85762
15180,95,1.85762
15181,98,1.85762
15182,99,1.85762
15183,99,1.85762
15184,96,1.85762
15185,100,1.85762
15186,100,1.85762
15187,99,1.85762
15188,99,1.85762
15189,97,1.85762
15190,99,1.85771
15191,98,1.85781
15192,98,1.85782
15193,98,1.85775
15194,99,1.85774
15195,100,1.85773
15196,100,1.85773
15197,97,1.85773
15198,98,1.85772
15199,98,1.85771
15200,97,1.85769
15201,96,1.85765
15202,98,1.85759
15203,96,1.85754
15204,95,1.85754
15205,96,1.85758
15206,96,1.85761
15207,94,1.85763
15208,97,1.85764
15209,96,1.85752
15210,97,1.8574
15211,98,1.85728
15212,97,1.85713
15213,99,1.857
15214,99,1.8569
15215,98,1.8568
15216,95,1.85671
15217,95,1.85662
15218,98,1.85654
15219,97,1.85645
15220,99,1.85637
15221,97,1.8563
15222,96,1.85622
15223,96,1.85614
15224,95,1.85603
15225,97,1.85595
15226,96,1.85589
15227,96,1.85583
15228,98,1.85577
15229,100,1.85571
15230,99,1.8557
15231,95,1.8557
15232,98,1.8557
15233,99,1.8557
15234,99,1.8557
15235,96,1.8557
15236,100,1.8557
15237,100,1.8557
15238,99,1.8557
15239,99,1.8557
15240,97,1.8557
15241,99,1.85579
15242,98,1.8559
15243,98,1.85591
15244,97,1.8558
15245,98,1.85565
15246,99,1.85549
15247,99,1.8553
15248,98,1.85509
15249,99,1.85487
15250,99,1.85484
15251,98,1.85484
15252,97,1.85484
15253,99,1.85484
15254,97,1.85484
15255,96,1.85484
15256,97,1.85484
15257,97,1.85484
15258,95,1.85484
15259,98,1.85485
15260,97,1.85476
15261,98,1.85464
15262,99,1.85462
15263,98,1.85462
15264,100,1.85462
15265,100,1.85462
15266,99,1.85462
15267,96,1.85462
15268,96,1.85462
15269,99,1.85461
15270,98,1.85461
15271,100,1.85461
15272,98,1.85461
15273,97,1.85461
15274,97,1.8546
15275,96,1.85455
15276,98,1.85454
15277,97,1.85454
15278,96,1.85455
15279,98,1.8545
15280,100,1.85445
15281,99,1.85444
15282,95,1.85444
15283,98,1.85444
15284,99,1.85444
15285,99,1.85444
15286,96,1.85444
15287,100,1.85444
15288,100,1.85444
15289,99,1.85444
15290,99,1.85444
15291,97,1.85444
15292,99,1.85444
15293,98,1.85444
15294,99,1.85444
15295,98,1.85444
15296,99,1.85444
15297,100,1.85444
15298,99,1.85444
15299,98,1.85437
15300,99,1.85425
15301,99,1.85424
15302,98,1.85424
15303,97,1.85424
15304,99,1.85424
15305,97,1.85424
15306,96,1.85424
15307,97,1.85424
15308,97,1.85424
15309,95,1.85424
15310,98,1.85424
15311,97,1.85414
15312,98,1.85403
15313,99,1.85401
15314,98,1.85401
15315,100,1.85401
15316,100,1.85401
15317,99,1.85401
15318,96,1.85401
15319,96,1.85401
15320,99,1.85401
15321,98,1.85401
15322,100,1.85401
15323,98,1.85401
15324,97,1.85401
15325,97,1.85399
15326,96,1.85393
15327,98,1.85392
15328,97,1.85392
15329,96,1.85392
15330,98,1.85389
15331,100,1.8539
15332,99,1.8539
15333,95,1.8539
15334,98,1.8539
15335,99,1.8539
15336,99,1.8539
15337,96,1.8539
15338,100,1.8539
15339,100,1.8539
15340,99,1.8539
15341,99,1.8539
15342,97,1.8539
15343,99,1.8539
15344,98,1.8539
15345,99,1.8539
15346,98,1.8539
15347,99,1.8539
15348,100,1.8539
15349,99,1.8539
15350,98,1.8538
15351,99,1.85365
15352,99,1.85363
15353,98,1.85363
15354,97,1.85363
15355,99,1.85363
15356,97,1.85363
15357,96,1.85363
15358,97,1.85363
15359,97,1.85363
15360,95,1.85363
15361,98,1.85364
15362,97,1.85355
15363,98,1.85344
15364,99,1.85342
15365,98,1.85342
15366,100,1.85342
15367,100,1.85342
15368,99,1.85342
15369,96,1.85342
15370,96,1.85342
15371,99,1.85342
15372,98,1.85342
15373,100,1.85342
15374,98,1.85342
15375,97,1.85342
15376,97,1.85339
15377,96,1.85332
15378,98,1.85331
15379,97,1.85331
15380,96,1.85331
15381,98,1.85331
15382,100,1.85331
15383,99,1.85331
15384,95,1.85331
15385,98,1.85331
15386,99,1.8533
15387,99,1.8533
15388,96,1.8533
15389,100,1.8533
15390,100,1.8533
15391,99,1.8533
15392,99,1.8533
15393,97,1.8533
15394,99,1.85332
15395,98,1.85335
15396,99,1.85335
15397,98,1.85335
15398,99,1.85336
15399,100,1.85335
15400,99,1.85335
15401,98,1.85322
15402,99,1.85302
15403,99,1.85299
15404,98,1.85299
15405,97,1.85299
15406,99,1.85299
15407,97,1.85299
15408,96,1.85299
15409,97,1.85299
15410,97,1.85299
15411,95,1.85301
15412,98,1.85301
15413,97,1.85293
15414,98,1.85282
15415,99,1.8528
15416,98,1.8528
15417,100,1.8528
15418,100,1.8528
15419,99,1.8528
15420,96,1.8528
15421,96,1.85281
15422,99,1.85281
15423,98,1.85281
15424,100,1.85281
15425,98,1.85281
15426,97,1.85281
15427,97,1.85278
15428,96,1.85268
15429,98,1.85267
15430,97,1.85267
15431,96,1.85267
15432,98,1.85267
15433,100,1.85267
15434,99,1.85267
15435,95,1.85267
15436,98,1.85267
15437,99,1.85266
15438,99,1.85266
15439,96,1.85266
15440,100,1.85266
15441,100,1.85266
15442,99,1.85266
15443,99,1.85266
15444,97,1.85266
15445,99,1.85272
15446,98,1.85275
15447,99,1.85275
15448,98,1.85275
15449,99,1.85275
15450,100,1.85275
15451,99,1.85275
15452,98,1.85257
15453,99,1.85241
15454,99,1.85241
15455,98,1.85241
15456,97,1.85241
15457,99,1.8524
15458,97,1.8524
15459,96,1.8524
15460,97,1.8524
15461,97,1.8524
15462,95,1.8524
15463,98,1.8524
15464,97,1.85232
15465,98,1.85222
15466,99,1.85222
15467,98,1.85222
15468,100,1.85222
15469,100,1.85222
15470,99,1.85222
15471,96,1.85222
15472,96,1.85222
15473,99,1.85222
15474,98,1.85222
15475,100,1.85222
15476,98,1.85222
15477,97,1.85222
15478,97,1.85218
15479,96,1.85204
15480,98,1.852
15481,97,1.852
15482,96,1.852
15483,98,1.852
15484,100,1.852
15485,99,1.852
15486,95,1.852
15487,98,1.85199
15488,99,1.85199
15489,99,1.85199
15490,96,1.85199
15491,100,1.85199
15492,100,1.85199
15493,99,1.85199
15494,99,1.85199
15495,97,1.85199
15496,99,1.85206
15497,98,1.85206
15498,99,1.85206
15499,98,1.85206
15500,99,1.85206
15501,100,1.85205
15502,99,1.85205
15503,98,1.85204
15504,99,1.85204
15505,99,1.85204
15506,98,1.85204
15507,97,1.85204
15508,99,1.85204
15509,97,1.85204
15510,96,1.85204
15511,97,1.85204
15512,97,1.85204
15513,95,1.85204
15514,98,1.85204
15515,97,1.85203
15516,98,1.85203
15517,99,1.85203
15518,98,1.85203
15519,100,1.85203
15520,100,1.85203
15521,99,1.85203
15522,96,1.85203
15523,95,1.85203
15524,98,1.85203
15525,97,1.85205
15526,99,1.85207
15527,97,1.85213
15528,96,1.85216
15529,96,1.85198
15530,95,1.85171
15531,97,1.85157
15532,96,1.85147
15533,95,1.85137
15534,97,1.85127
15535,99,1.85118
15536,98,1.85109
15537,94,1.851
15538,97,1.85091
15539,98,1.85082
15540,98,1.85074
15541,95,1.85066
15542,99,1.85059
15543,99,1.85051
15544,98,1.85044
15545,98,1.85037
15546,96,1.85031
15547,98,1.85025
15548,97,1.85019
15549,98,1.85013
15550,97,1.85008
15551,98,1.85002
15552,99,1.84996
15553,98,1.84992
15554,97,1.84987
15555,98,1.84983
15556,98,1.8498
15557,97,1.84976
15558,96,1.84973
15559,98,1.8497
15560,96,1.84967
15561,95,1.84965
15562,96,1.84963
15563,96,1.84961
15564,94,1.8496
15565,97,1.84959
15566,96,1.84958
15567,97,1.84957
15568,98,1.84957
15569,97,1.84957
15570,99,1.84957
15571,99,1.84958
15572,98,1.84958
15573,96,1.84959
15574,95,1.84961
15575,98,1.84963
15576,97,1.84965
15577,99,1.84967
15578,97,1.8497
15579,96,1.84972
15580,96,1.84961
15581,95,1.84947
15582,97,1.84948
15583,96,1.84952
15584,95,1.84956
15585,97,1.84961
15586,99,1.84966
15587,98,1.84971
15588,94,1.84977
15589,97,1.84982
15590,98,1.84988
15591,98,1.84994
15592,95,1.85001
15593,99,1.85008
15594,99,1.85013
15595,98,1.85015
15596,98,1.85011
15597,96,1.85002
15598,98,1.84989
15599,97,1.84971
15600,98,1.84944
15601,97,1.84916
15602,98,1.84888
15603,99,1.84859
15604,98,1.84832
15605,97,1.84803
15606,98,1.84776
15607,98,1.84749
15608,97,1.84722
15609,96,1.84696
15610,98,1.84669
15611,96,1.84643
15612,95,1.84617
15613,96,1.84592
15614,96,1.84566
15615,94,1.84541
15616,97,1.84516
15617,96,1.84491
15618,97,1.84467
15619,98,1.84443
15620,97,1.8442
15621,99,1.84396
15622,99,1.84373
15623,98,1.8435
15624,96,1.84328
15625,95,1.84306
15626,98,1.84284
15627,97,1.84263
15628,99,1.84242
15629,97,1.84221
15630,96,1.84201
15631,96,1.84166
15632,95,1.8413
15633,97,1.84108
15634,96,1.84089
15635,95,1.84071
15636,97,1.84053
15637,99,1.84036
15638,98,1.84019
15639,94,1.84003
15640,97,1.83986
15641,98,1.8397
15642,98,1.83955
15643,96,1.83941
15644,100,1.83926
15645,100,1.83924
15646,99,1.83924
15647,99,1.83924
15648,97,1.83924
15649,99,1.83925
15650,98,1.83925
15651,99,1.83925
15652,98,1.83925
15653,99,1.83924
15654,100,1.83924
15655,99,1.83924
15656,98,1.83924
15657,99,1.83924
15658,99,1.83924
15659,98,1.83924
15660,97,1.83924
15661,99,1.83924
15662,97,1.83924
15663,96,1.83924
15664,97,1.83924
15665,97,1.83924
15666,95,1.83924
15667,98,1.83924
15668,97,1.83924
15669,98,1.83924
15670,99,1.83924
15671,98,1.83924
15672,100,1.83924
15673,100,1.83924
15674,99,1.83924
15675,97,1.83924
15676,96,1.83924
15677,99,1.83924
15678,98,1.83924
15679,100,1.83924
15680,98,1.83924
15681,97,1.83924
15682,97,1.8391
15683,96,1.83893
15684,98,1.8389
15685,97,1.8389
15686,96,1.8389
15687,98,1.83891
15688,100,1.83891
15689,99,1.83891
15690,95,1.83891
15691,98,1.83891
15692,99,1.83891
15693,98,1.83891
15694,96,1.83879
15695,100,1.83866
15696,100,1.83864
15697,99,1.83864
15698,99,1.83864
15699,97,1.83864
15700,99,1.83864
15701,98,1.83864
15702,99,1.83864
15703,98,1.83864
15704,99,1.83864
15705,100,1.83863
15706,99,1.83863
15707,98,1.83862
15708,99,1.83862
15709,99,1.83862
15710,98,1.83862
15711,97,1.83862
15712,99,1.83862
15713,97,1.83862
15714,96,1.83862
15715,97,1.83862
15716,97,1.83862
15717,95,1.83862
15718,98,1.83862
15719,97,1.83861
15720,98,1.83862
15721,99,1.83862
15722,98,1.83862
15723,100,1.83862
15724,100,1.83862
15725,99,1.83862
15726,97,1.83862
15727,96,1.83862
15728,99,1.83862
15729,98,1.83862
15730,100,1.83862
15731,98,1.83862
15732,97,1.83862
15733,97,1.83848
15734,96,1.83831
15735,98,1.83829
15736,97,1.83829
15737,96,1.83829
15738,98,1.83829
15739,100,1.83829
15740,99,1.83829
15741,95,1.83829
15742,98,1.83829
15743,99,1.83828
15744,98,1.83828
15745,96,1.83818
15746,100,1.83807
15747,100,1.83806
15748,99,1.83806
15749,99,1.83806
15750,97,1.83806
15751,99,1.83807
15752,98,1.83806
15753,99,1.83807
15754,98,1.83807
15755,99,1.83806
15756,100,1.83805
15757,99,1.83805
15758,98,1.83805
15759,99,1.83805
15760,99,1.83805
15761,98,1.83805
15762,97,1.83805
15763,99,1.83805
15764,97,1.83805
15765,96,1.83805
15766,97,1.83805
15767,97,1.83805
15768,95,1.83805
15769,98,1.83805
15770,97,1.83805
15771,98,1.83805
15772,99,1.83805
15773,98,1.83805
15774,100,1.83805
15775,100,1.83805
15776,99,1.83805
15777,97,1.83805
15778,96,1.83805
15779,99,1.83805
15780,98,1.83805
15781,100,1.83805
15782,98,1.83805
15783,97,1.83805
15784,97,1.83791
15785,96,1.83775
15786,98,1.83773
15787,97,1.83773
15788,96,1.83773
15789,98,1.83773
15790,100,1.83773
15791,99,1.83773
15792,95,1.83773
15793,98,1.83773
15794,99,1.83772
15795,98,1.83772
15796,96,1.83772
15797,100,1.83773
15798,100,1.83773
15799,99,1.83773
15800,99,1.83773
15801,97,1.83773
15802,99,1.83773
15803,98,1.83773
15804,99,1.83773
15805,98,1.83773
15806,99,1.83772
15807,100,1.83771
15808,99,1.83771
15809,98,1.83769
15810,99,1.83769
15811,99,1.83769
15812,98,1.83769
15813,97,1.83769
15814,99,1.83769
15815,97,1.83769
15816,96,1.83769
15817,97,1.83769
15818,97,1.83769
15819,95,1.83769
15820,98,1.8377
15821,97,1.83769
15822,98,1.83769
15823,99,1.83769
15824,98,1.83769
15825,100,1.83769
15826,100,1.83769
15827,99,1.83769
15828,97,1.83769
15829,96,1.83769
15830,99,1.83769
15831,98,1.83769
15832,100,1.83769
15833,98,1.83769
15834,97,1.83769
15835,97,1.83756
15836,96,1.83741
15837,98,1.83738
15838,97,1.83738
15839,96,1.83738
15840,98,1.83738
15841,100,1.83738
15842,99,1.83738
15843,95,1.83738
15844,98,1.83738
15845,99,1.83738
15846,98,1.83738
15847,96,1.83739
15848,100,1.83739
15849,100,1.83739
15850,99,1.83739
15851,99,1.83739
15852,97,1.83739
15853,99,1.8374
15854,98,1.8374
15855,99,1.8375
15856,98,1.83761
15857,99,1.83761
15858,100,1.83761
15859,99,1.8376
15860,98,1.83759
15861,99,1.83759
15862,99,1.83759
15863,98,1.83759
15864,97,1.83759
15865,99,1.83759
15866,97,1.83759
15867,96,1.83759
15868,97,1.83759
15869,97,1.83759
15870,95,1.83759
15871,98,1.8376
15872,97,1.83758
15873,98,1.83758
15874,99,1.83758
15875,98,1.83758
15876,100,1.83758
15877,100,1.83758
15878,99,1.83758
15879,97,1.83758
15880,96,1.83758
15881,99,1.83758
15882,98,1.83758
15883,100,1.83758
15884,98,1.83758
15885,97,1.83758
15886,97,1.83745
15887,96,1.8373
15888,98,1.83728
15889,97,1.83728
15890,96,1.83728
15891,98,1.83728
15892,100,1.83728
15893,99,1.83728
15894,95,1.83728
15895,98,1.83728
15896,99,1.83728
15897,98,1.83728
15898,96,1.83728
15899,100,1.83728
15900,100,1.83729
15901,99,1.83729
15902,99,1.83729
15903,97,1.83729
15904,99,1.83729
15905,98,1.83729
15906,99,1.83729
15907,98,1.83729
15908,99,1.83728
15909,100,1.83727
15910,99,1.83727
15911,98,1.83726
15912,99,1.83726
15913,99,1.83726
15914,98,1.83726
15915,97,1.83726
15916,99,1.83726
15917,97,1.83726
15918,96,1.83726
15919,97,1.83726
15920,97,1.83726
15921,95,1.83726
15922,98,1.83726
15923,97,1.83726
15924,98,1.83726
15925,99,1.83726
15926,98,1.83726
15927,100,1.83726
15928,100,1.83726
15929,99,1.83726
15930,97,1.83726
15931,96,1.83726
15932,99,1.83726
15933,98,1.83726
15934,100,1.83726
15935,98,1.83726
15936,97,1.83726
15937,97,1.83713
15938,96,1.83699
15939,98,1.83697
15940,97,1.83697
15941,96,1.83697
15942,98,1.83697
15943,100,1.83697
15944,99,1.83697
15945,95,1.83697
15946,98,1.83696
15947,99,1.83696
15948,98,1.83696
15949,96,1.83696
15950,100,1.83697
15951,100,1.83697
15952,99,1.83697
15953,99,1.83697
15954,97,1.83697
15955,99,1.83697
15956,98,1.83697
15957,99,1.83697
15958,98,1.83697
15959,99,1.83696
15960,100,1.83696
15961,99,1.83696
15962,98,1.83695
15963,99,1.83695
15964,99,1.83696
15965,98,1.83696
15966,97,1.83696
15967,99,1.83695
15968,97,1.83695
15969,96,1.83695
15970,97,1.83695
15971,97,1.83695
15972,95,1.83695
15973,98,1.83696
15974,97,1.83696
15975,98,1.83696
15976,99,1.83696
15977,98,1.83696
15978,100,1.83696
15979,100,1.83696
15980,99,1.83696
15981,97,1.83696
15982,96,1.83696
15983,99,1.83696
15984,98,1.83696
15985,100,1.83696
15986,98,1.83696
15987,97,1.83696
15988,97,1.83686
15989,96,1.83686
15990,98,1.83686
15991,97,1.83686
15992,96,1.83686
15993,98,1.83686
15994,100,1.83686
15995,99,1.83686
15996,95,1.83686
15997,98,1.83686
15998,99,1.83685
15999,98,1.83685
16000,96,1.83686
16001,100,1.83687
16002,100,1.83687
16003,99,1.83687
16004,99,1.83687
16005,97,1.83687
16006,99,1.83687
16007,98,1.83687
16008,99,1.83687
16009,98,1.83687
16010,99,1.83686
16011,100,1.83685
16012,99,1.83685
16013,98,1.83684
16014,99,1.83684
16015,99,1.83684
16016,98,1.83684
16017,97,1.83684
16018,99,1.83684
16019,97,1.83684
16020,96,1.83684
16021,97,1.83684
16022,97,1.83684
16023,95,1.83684
16024,98,1.83684
16025,97,1.83684
16026,98,1.83684
16027,99,1.83684
16028,98,1.83684
16029,100,1.83684
16030,100,1.83684
16031,99,1.83684
16032,97,1.83684
16033,96,1.83684
16034,99,1.83684
16035,98,1.83684
16036,100,1.83684
16037,98,1.83684
16038,97,1.83684
16039,97,1.83683
16040,96,1.83684
16041,98,1.83684
16042,97,1.83684
16043,96,1.83685
16044,98,1.83685
16045,100,1.83685
16046,99,1.83685
16047,95,1.83685
16048,98,1.83685
16049,99,1.83685
16050,98,1.83685
16051,96,1.83685
16052,100,1.83686
16053,100,1.83686
16054,99,1.83686
16055,99,1.83686
16056,97,1.83686
16057,99,1.83687
16058,98,1.83687
16059,99,1.83687
16060,98,1.83687
16061,99,1.83687
16062,100,1.83686
16063,99,1.83686
16064,98,1.83686
16065,99,1.83686
16066,99,1.83686
16067,98,1.83686
16068,97,1.83686
16069,99,1.83686
16070,97,1.83686
16071,96,1.83686
16072,97,1.83686
16073,97,1.83686
16074,95,1.83686
16075,98,1.83686
16076,97,1.83686
16077,98,1.83686
16078,99,1.83686
16079,98,1.83686
16080,100,1.83686
16081,100,1.83686
16082,99,1.83686
16083,97,1.83686
16084,96,1.83685
16085,99,1.83685
16086,98,1.83685
16087,100,1.83686
16088,98,1.83686
16089,97,1.83685
16090,97,1.83685
16091,96,1.83686
16092,98,1.83686
16093,97,1.83686
16094,96,1.83686
16095,98,1.83686
16096,100,1.83686
16097,99,1.83686
16098,95,1.83686
16099,98,1.83685
16100,99,1.83685
16101,98,1.83685
16102,96,1.83686
16103,100,1.83687
16104,100,1.83687
16105,99,1.83687
16106,99,1.83687
16107,97,1.83687
16108,99,1.83687
16109,98,1.83687
16110,99,1.83687
16111,98,1.83687
16112,99,1.83686
16113,100,1.83686
16114,99,1.83686
16115,98,1.83684
16116,99,1.83684
16117,99,1.83684
16118,98,1.83684
16119,97,1.83684
16120,99,1.83684
16121,97,1.83684
16122,96,1.83684
16123,97,1.83684
16124,97,1.83684
16125,95,1.83684
16126,98,1.83685
16127,97,1.83684
16128,98,1.83684
16129,99,1.83684
16130,98,1.83684
16131,100,1.83684
16132,100,1.83684
16133,99,1.83684
16134,97,1.83684
16135,96,1.83684
16136,99,1.83684
16137,98,1.83684
16138,100,1.83684
16139,98,1.83684
16140,97,1.83684
16141,97,1.83684
16142,96,1.83684
16143,98,1.83684
16144,97,1.83684
16145,96,1.83684
16146,98,1.83684
16147,100,1.83684
16148,99,1.83684
16149,95,1.83684
16150,98,1.83684
16151,99,1.83684
16152,98,1.83684
16153,96,1.83684
16154,100,1.83686
16155,100,1.83686
16156,99,1.83686
16157,99,1.83686
16158,97,1.83686
16159,99,1.83686
16160,98,1.83686
16161,99,1.83686
16162,98,1.83686
16163,99,1.83685
16164,100,1.83684
16165,99,1.83684
16166,98,1.83684
16167,99,1.83684
16168,99,1.83684
16169,98,1.83684
16170,97,1.83684
16171,99,1.83684
16172,97,1.83684
16173,96,1.83684
16174,97,1.83684
16175,97,1.83684
16176,95,1.83684
16177,98,1.83684
16178,97,1.83684
16179,98,1.83684
16180,99,1.83684
16181,98,1.83684
16182,100,1.83684
16183,100,1.83684
16184,99,1.83684
16185,97,1.83684
16186,96,1.83684
16187,99,1.83684
16188,98,1.83684
16189,100,1.83684
16190,98,1.83684
16191,97,1.83684
16192,97,1.83684
16193,96,1.83684
16194,98,1.83684
16195,97,1.83684
16196,96,1.83684
16197,98,1.83684
16198,100,1.83684
16199,99,1.83684
16200,95,1.83684
16201,98,1.83684
16202,99,1.83683
16203,98,1.83683
16204,96,1.83684
16205,100,1.83686
16206,100,1.83686
16207,99,1.83686
16208,99,1.83686
16209,97,1.83686
16210,99,1.83686
16211,98,1.83686
16212,99,1.83686
16213,98,1.83686
16214,99,1.83686
16215,100,1.83685
16216,99,1.83685
16217,98,1.83684
16218,99,1.83684
16219,99,1.83684
16220,98,1.83684
16221,97,1.83684
16222,99,1.83684
16223,97,1.83684
16224,96,1.83684
16225,97,1.83684
16226,97,1.83684
16227,95,1.83684
16228,98,1.83684
16229,97,1.83682
16230,98,1.83682
16231,99,1.83682
16232,98,1.83682
16233,100,1.83682
16234,100,1.83682
16235,99,1.83682
16236,97,1.83682
16237,96,1.83683
16238,99,1.83683
16239,98,1.83683
16240,100,1.83683
16241,98,1.83683
16242,97,1.83683
16243,97,1.83681
16244,96,1.83681
16245,98,1.83681
16246,97,1.83681
16247,96,1.83681
16248,98,1.83681
16249,100,1.83681
16250,99,1.83681
16251,95,1.83681
16252,98,1.83681
16253,99,1.8368
16254,98,1.8368
16255,96,1.83681
16256,100,1.83683
16257,100,1.83683
16258,99,1.83683
16259,99,1.83683
16260,97,1.83683
16261,99,1.83684
16262,98,1.83684
16263,99,1.83684
16264,98,1.83684
16265,99,1.83683
16266,100,1.83682
16267,99,1.83682
16268,98,1.83681
16269,99,1.83681
16270,99,1.83681
16271,98,1.83681
16272,97,1.83681
16273,99,1.83681
16274,97,1.83681
16275,96,1.83681
16276,97,1.83681
16277,97,1.83681
16278,95,1.83681
16279,98,1.83681
16280,97,1.83681
16281,98,1.83682
16282,99,1.83682
16283,98,1.83682
16284,100,1.83682
16285,100,1.83682
16286,99,1.83682
16287,97,1.83682
16288,96,1.83682
16289,99,1.83682
16290,98,1.83682
16291,100,1.83682
16292,98,1.83682
16293,97,1.83682
16294,97,1.83682
16295,96,1.83682
16296,98,1.83682
16297,97,1.83682
16298,96,1.83682
16299,98,1.83682
16300,100,1.83682
16301,99,1.83682
16302,95,1.83682
16303,98,1.83682
16304,99,1.83682
16305,98,1.83682
16306,96,1.83683
16307,100,1.83685
16308,100,1.83685
16309,99,1.83685
16310,99,1.83685
16311,97,1.83685
16312,99,1.83685
16313,98,1.83685
16314,99,1.83685
16315,98,1.83685
16316,99,1.83685
16317,100,1.83684
16318,99,1.83684
16319,98,1.83684
16320,99,1.83684
16321,99,1.83684
16322,98,1.83684
16323,97,1.83684
16324,99,1.83684
16325,97,1.83684
16326,96,1.83684
16327,97,1.83684
16328,97,1.83684
16329,95,1.83684
16330,98,1.83684
16331,97,1.83684
16332,98,1.83684
16333,99,1.83684
16334,98,1.83685
16335,100,1.83685
16336,100,1.83685
16337,99,1.83685
16338,97,1.83685
16339,96,1.83685
16340,99,1.83685
16341,98,1.83685
16342,100,1.83685
16343,98,1.83685
16344,97,1.83685
16345,97,1.83685
16346,96,1.83685
16347,98,1.83685
16348,97,1.83685
16349,96,1.83685
16350,98,1.83685
16351,100,1.83685
16352,99,1.83685
16353,95,1.83685
16354,98,1.83686
16355,99,1.83685
16356,98,1.83685
16357,96,1.83687
16358,100,1.83689
16359,100,1.83689
16360,99,1.83689
16361,99,1.83689
16362,97,1.83689
16363,99,1.83689
16364,98,1.83689
16365,99,1.83689
16366,98,1.83689
16367,99,1.83689
16368,100,1.83688
16369,99,1.83688
16370,98,1.83687
16371,99,1.83687
16372,99,1.83687
16373,98,1.83687
16374,97,1.83687
16375,99,1.83687
16376,97,1.83687
16377,96,1.83687
16378,97,1.83687
16379,97,1.83687
16380,95,1.83687
16381,98,1.83687
16382,97,1.83687
16383,98,1.83687
16384,99,1.83689
16385,98,1.83689
16386,100,1.83689
16387,100,1.83689
16388,99,1.83689
16389,97,1.83689
16390,96,1.83689
16391,99,1.8369
16392,98,1.8369
16393,100,1.8369
16394,98,1.8369
16395,97,1.8369
16396,97,1.8369
16397,96,1.8369
16398,98,1.83691
16399,97,1.83691
16400,96,1.83691
16401,98,1.83691
16402,100,1.83691
16403,99,1.83691
16404,95,1.83691
16405,98,1.83691
16406,99,1.8369
16407,98,1.8369
16408,96,1.83693
16409,100,1.83695
16410,100,1.83695
16411,99,1.83695
16412,99,1.83695
16413,97,1.83695
16414,99,1.83696
16415,98,1.83696
16416,99,1.83696
16417,98,1.83696
16418,99,1.83696
16419,100,1.83695
16420,99,1.83695
16421,98,1.83695
16422,99,1.83695
16423,99,1.83695
16424,98,1.83695
16425,97,1.83695
16426,99,1.83695
16427,97,1.83695
16428,96,1.83695
16429,97,1.83695
16430,97,1.83695
16431,95,1.83695
16432,98,1.83695
16433,97,1.83695
16434,98,1.83695
16435,99,1.83695
16436,98,1.83695
16437,100,1.83695
16438,100,1.83695
16439,99,1.83695
16440,97,1.83695
16441,96,1.83695
16442,99,1.83695
16443,98,1.83695
16444,100,1.83695
16445,98,1.83695
16446,97,1.83695
16447,97,1.83695
16448,96,1.83695
16449,98,1.83695
16450,97,1.83695
16451,96,1.83695
16452,98,1.83695
16453,100,1.83695
16454,99,1.83695
16455,95,1.83695
16456,98,1.83695
16457,99,1.83695
16458,98,1.83695
16459,96,1.83696
16460,100,1.83699
16461,100,1.83699
16462,99,1.83699
16463,99,1.83699
16464,97,1.83699
16465,99,1.83699
16466,98,1.83699
16467,99,1.83699
16468,98,1.83699
16469,99,1.83699
16470,100,1.83698
16471,99,1.83698
16472,98,1.83697
16473,99,1.83697
16474,99,1.83697
16475,98,1.83697
16476,97,1.83697
16477,99,1.83697
16478,97,1.83697
16479,96,1.83697
16480,97,1.83697
16481,97,1.83697
16482,95,1.83697
16483,98,1.83697
16484,97,1.83695
16485,98,1.83695
16486,99,1.83695
16487,98,1.83695
16488,100,1.83695
16489,100,1.83695
16490,99,1.83695
16491,97,1.83695
16492,96,1.83695
16493,99,1.83696
16494,98,1.83696
16495,100,1.83696
16496,98,1.83696
16497,97,1.83696
16498,97,1.83694
16499,96,1.83694
16500,98,1.83694
16501,97,1.83694
16502,96,1.83694
16503,98,1.83694
16504,100,1.83694
16505,99,1.83694
16506,95,1.83694
16507,98,1.83693
16508,99,1.83693
16509,98,1.83693
16510,95,1.83695
16511,99,1.83696
16512,99,1.83698
16513,98,1.83698
16514,98,1.83702
16515,96,1.83709
16516,98,1.83719
16517,97,1.83732
16518,98,1.83744
16519,97,1.83753
16520,98,1.83764
16521,99,1.83773
16522,98,1.83779
16523,97,1.83788
16524,98,1.83796
16525,98,1.83805
16526,97,1.83814
16527,96,1.83823
16528,98,1.83833
16529,96,1.83842
16530,95,1.83853
16531,96,1.83864
16532,97,1.83875
16533,95,1.83886
16534,98,1.83888
16535,97,1.83888
16536,98,1.83888
16537,99,1.83888
16538,98,1.83888
16539,100,1.83888
16540,100,1.83888
16541,99,1.83888
16542,97,1.83887
16543,96,1.83887
16544,99,1.8389
16545,98,1.8389
16546,100,1.8389
16547,98,1.8389
16548,97,1.8389
16549,97,1.8389
16550,96,1.8389
16551,98,1.8389
16552,97,1.83889
16553,96,1.83889
16554,98,1.83889
16555,100,1.83889
16556,99,1.83889
16557,95,1.83889
16558,98,1.83889
16559,99,1.83888
16560,99,1.83888
16561,96,1.83888
16562,100,1.83888
16563,100,1.83888
16564,99,1.83888
16565,99,1.83888
16566,97,1.83888
16567,99,1.83888
16568,98,1.83888
16569,99,1.83888
16570,98,1.83888
16571,99,1.83888
16572,100,1.83887
16573,99,1.83887
16574,98,1.83886
16575,99,1.83886
16576,99,1.83886
16577,98,1.83886
16578,97,1.83886
16579,99,1.83886
16580,97,1.83886
16581,96,1.83886
16582,96,1.83886
16583,97,1.83895
16584,95,1.83907
16585,98,1.83909
16586,97,1.83909
16587,98,1.83909
16588,99,1.83909
16589,98,1.83909
16590,100,1.83908
16591,100,1.83908
16592,99,1.83908
16593,97,1.83908
16594,96,1.83909
16595,99,1.83909
16596,98,1.83909
16597,100,1.83909
16598,98,1.83909
16599,97,1.83909
16600,97,1.83909
16601,96,1.83909
16602,98,1.83909
16603,97,1.83909
16604,96,1.83909
16605,98,1.83909
16606,100,1.83909
16607,99,1.83909
16608,95,1.83909
16609,98,1.83908
16610,99,1.83908
16611,99,1.83908
16612,96,1.83908
16613,100,1.83908
16614,100,1.83908
16615,99,1.83908
16616,99,1.83908
16617,97,1.83908
16618,99,1.83908
16619,98,1.83908
16620,99,1.83908
16621,98,1.83908
16622,99,1.83907
16623,100,1.83906
16624,99,1.83906
16625,98,1.83905
16626,99,1.83905
16627,99,1.83905
16628,98,1.83905
16629,97,1.83905
16630,99,1.83905
16631,97,1.83905
16632,96,1.83905
16633,96,1.83905
16634,97,1.83915
16635,95,1.83927
16636,98,1.83928
16637,97,1.83927
16638,98,1.83927
16639,99,1.83927
16640,98,1.83927
16641,100,1.83927
16642,100,1.83927
16643,99,1.83927
16644,97,1.83927
16645,96,1.83928
16646,99,1.83928
16647,98,1.83928
16648,100,1.83928
16649,98,1.83928
16650,97,1.83928
16651,97,1.83926
16652,96,1.83926
16653,98,1.83926
16654,97,1.83926
16655,96,1.83926
16656,98,1.83926
16657,100,1.83926
16658,99,1.83926
16659,95,1.83926
16660,98,1.83926
16661,99,1.83926
16662,99,1.83926
16663,96,1.83926
16664,100,1.83926
16665,100,1.83926
16666,99,1.83926
16667,99,1.83926
16668,97,1.83926
16669,99,1.83927
16670,98,1.83927
16671,99,1.83927
16672,98,1.83927
16673,99,1.83919
16674,100,1.8391
16675,99,1.83909
16676,98,1.83899
16677,99,1.83899
16678,99,1.83899
16679,98,1.83899
16680,97,1.83899
16681,99,1.83899
16682,97,1.83899
16683,96,1.83899
16684,96,1.83899
16685,97,1.83899
16686,95,1.83899
16687,98,1.83899
16688,97,1.83895
16689,98,1.83895
16690,99,1.83895
16691,98,1.83895
16692,100,1.83895
16693,100,1.83895
16694,99,1.83895
16695,97,1.83895
16696,96,1.83895
16697,99,1.83895
16698,98,1.83895
16699,100,1.83895
16700,98,1.83895
16701,97,1.83895
16702,97,1.83889
16703,96,1.83889
16704,98,1.83889
16705,97,1.83889
16706,96,1.83889
16707,98,1.83889
16708,100,1.83889
16709,99,1.83889
16710,95,1.83889
16711,98,1.83889
16712,99,1.83888
16713,99,1.83888
16714,96,1.83888
16715,100,1.83888
16716,100,1.83888
16717,99,1.83888
16718,99,1.83888
16719,97,1.83888
16720,99,1.83892
16721,98,1.83892
16722,99,1.83892
16723,98,1.83892
16724,99,1.8389
16725,100,1.83889
16726,99,1.83888
16727,98,1.83884
16728,99,1.83884
16729,99,1.83884
16730,98,1.83884
16731,97,1.83884
16732,99,1.83884
16733,97,1.83884
16734,96,1.83884
16735,96,1.83884
16736,97,1.83884
16737,95,1.83884
16738,98,1.83884
16739,97,1.83882
16740,98,1.83882
16741,99,1.83882
16742,98,1.83882
16743,100,1.83882
16744,100,1.83882
16745,99,1.83882
16746,97,1.83882
16747,96,1.83882
16748,99,1.83882
16749,98,1.83882
16750,100,1.83882
16751,98,1.83882
16752,97,1.83882
16753,97,1.83879
16754,96,1.83879
16755,98,1.83879
16756,97,1.83879
16757,96,1.83879
16758,98,1.83879
16759,100,1.83879
16760,99,1.83879
16761,95,1.83879
16762,98,1.83879
16763,99,1.83879
16764,99,1.83879
16765,96,1.83879
16766,100,1.83879
16767,100,1.83879
16768,99,1.83879
16769,99,1.83879
16770,97,1.83879
16771,99,1.83882
16772,98,1.83882
16773,99,1.83882
16774,98,1.83882
16775,99,1.8388
16776,100,1.83879
16777,99,1.83878
16778,98,1.83878
16779,99,1.83878
16780,99,1.83879
16781,98,1.83879
16782,97,1.83879
16783,99,1.83878
16784,97,1.83878
16785,96,1.83878
16786,96,1.83879
16787,97,1.83879
16788,95,1.83879
16789,98,1.83879
16790,97,1.83879
16791,98,1.83879
16792,99,1.83879
16793,98,1.83879
16794,100,1.83879
16795,100,1.83879
16796,99,1.83879
16797,97,1.83879
16798,96,1.83879
16799,99,1.83879
16800,98,1.83879
16801,100,1.83879
16802,98,1.83879
16803,97,1.83879
16804,97,1.83879
16805,96,1.83879
16806,98,1.83879
16807,97,1.83879
16808,96,1.83879
16809,98,1.83879
16810,100,1.83879
16811,99,1.83879
16812,95,1.83879
16813,98,1.83878
16814,99,1.83878
16815,99,1.83878
16816,96,1.83878
16817,100,1.83878
16818,100,1.83878
16819,99,1.83878
16820,99,1.83878
16821,97,1.83878
16822,99,1.83878
16823,98,1.83878
16824,99,1.83878
16825,98,1.83878
16826,99,1.83877
16827,100,1.83876
16828,99,1.83876
16829,98,1.83874
16830,99,1.83874
16831,99,1.83874
16832,98,1.83874
16833,97,1.83874
16834,99,1.83874
16835,97,1.83874
16836,96,1.83874
16837,96,1.83874
16838,97,1.83874
16839,95,1.83875
16840,98,1.83875
16841,97,1.83874
16842,98,1.83874
16843,99,1.83874
16844,98,1.83874
16845,100,1.83874
16846,100,1.83874
16847,99,1.83874
16848,97,1.83874
16849,96,1.83874
16850,99,1.83874
16851,98,1.83874
16852,100,1.83874
16853,98,1.83874
16854,97,1.83874
16855,97,1.83874
16856,96,1.83874
16857,98,1.83874
16858,97,1.83874
16859,96,1.83874
16860,98,1.83875
16861,100,1.83875
16862,99,1.83875
16863,95,1.83875
16864,98,1.83874
16865,99,1.83873
16866,99,1.83873
16867,96,1.83873
16868,100,1.83873
16869,100,1.83873
16870,99,1.83873
16871,99,1.83873
16872,97,1.83873
16873,99,1.83873
16874,98,1.83873
16875,99,1.83873
16876,98,1.83873
16877,99,1.83872
16878,100,1.83871
16879,99,1.83871
16880,98,1.8387
16881,99,1.8387
16882,99,1.8387
16883,98,1.8387
16884,97,1.8387
16885,99,1.8387
16886,97,1.8387
16887,96,1.8387
16888,96,1.8387
16889,97,1.8387
16890,95,1.8387
16891,98,1.8387
16892,97,1.83869
16893,98,1.83869
16894,99,1.83869
16895,98,1.83869
16896,100,1.83869
16897,100,1.83869
16898,99,1.83869
16899,97,1.83869
16900,96,1.83869
16901,99,1.83869
16902,98,1.83869
16903,100,1.83869
16904,98,1.83869
16905,97,1.83869
16906,97,1.83867
16907,96,1.83867
16908,98,1.83867
16909,97,1.83867
16910,96,1.83867
16911,98,1.83868
16912,100,1.83868
16913,99,1.83868
16914,95,1.83868
16915,98,1.83867
16916,99,1.83866
16917,99,1.83866
16918,96,1.83866
16919,100,1.83866
16920,100,1.83866
16921,99,1.83866
16922,99,1.83866
16923,97,1.83866
16924,99,1.83867
16925,98,1.83867
16926,99,1.83867
16927,98,1.83867
16928,99,1.83866
16929,100,1.83865
16930,99,1.83864
16931,98,1.83863
16932,99,1.83864
16933,99,1.83864
16934,98,1.83864
16935,97,1.83864
16936,99,1.83864
16937,97,1.83864
16938,96,1.83864
16939,96,1.83864
16940,97,1.83863
16941,95,1.83863
16942,98,1.83863
16943,97,1.83863
16944,98,1.83863
16945,99,1.83863
16946,98,1.83863
16947,100,1.83863
16948,100,1.83863
16949,99,1.83863
16950,97,1.83863
16951,96,1.83863
16952,99,1.83863
16953,98,1.83863
16954,100,1.83863
16955,98,1.83862
16956,97,1.83862
16957,97,1.83862
16958,96,1.83862
16959,98,1.83862
16960,97,1.83862
16961,96,1.83862
16962,98,1.83862
16963,100,1.83862
16964,99,1.83862
16965,95,1.83862
16966,98,1.83861
16967,99,1.8386
16968,99,1.8386
16969,96,1.8386
16970,100,1.8386
16971,100,1.8386
16972,99,1.8386
16973,99,1.8386
16974,97,1.8386
16975,99,1.83861
16976,98,1.83861
16977,99,1.83861
16978,98,1.83861
16979,99,1.8386
16980,100,1.8386
16981,99,1.8386
16982,98,1.83858
16983,99,1.83858
16984,99,1.83858
16985,98,1.83858
16986,97,1.83858
16987,99,1.83857
16988,97,1.83857
16989,96,1.83857
16990,96,1.83857
16991,97,1.83857
16992,95,1.83857
16993,98,1.83857
16994,97,1.83855
16995,98,1.83856
16996,99,1.83856
16997,98,1.83856
16998,100,1.83856
16999,100,1.83856
17000,99,1.83856
17001,97,1.83856
17002,96,1.83856
17003,99,1.83856
17004,98,1.83856
17005,100,1.83856
17006,98,1.83856
17007,97,1.83856
17008,97,1.83854
17009,96,1.83854
17010,98,1.83854
17011,97,1.83854
17012,96,1.83854
17013,98,1.83854
17014,100,1.83854
17015,99,1.83854
17016,95,1.83854
17017,98,1.83853
17018,99,1.83853
17019,99,1.83853
17020,96,1.83853
17021,100,1.83853
17022,100,1.83853
17023,99,1.83853
17024,99,1.83853
17025,97,1.83853
17026,99,1.83854
17027,98,1.83854
17028,99,1.83855
17029,98,1.83855
17030,99,1.83853
17031,100,1.83852
17032,99,1.83852
17033,98,1.8385
17034,99,1.8385
17035,99,1.8385
17036,98,1.8385
17037,97,1.8385
17038,99,1.8385
17039,97,1.8385
17040,96,1.8385
17041,96,1.8385
17042,97,1.8385
17043,95,1.8385
17044,98,1.8385
17045,97,1.8385
17046,98,1.8385
17047,99,1.8385
17048,98,1.8385
17049,100,1.8385
17050,100,1.8385
17051,99,1.8385
17052,97,1.8385
17053,96,1.8385
17054,99,1.8385
17055,98,1.8385
17056,100,1.8385
17057,98,1.8385
17058,97,1.8385
17059,97,1.8385
17060,96,1.8385
17061,98,1.8385
17062,97,1.8385
17063,96,1.8385
17064,98,1.8385
17065,100,1.8385
17066,99,1.8385
17067,95,1.8385
17068,98,1.83849
17069,99,1.83849
17070,99,1.83849
17071,96,1.83849
17072,100,1.83849
17073,100,1.83849
17074,99,1.83849
17075,99,1.83849
17076,97,1.83849
17077,99,1.83849
17078,98,1.83849
17079,99,1.83849
17080,98,1.83849
17081,99,1.83848
17082,100,1.83847
17083,99,1.83846
17084,98,1.83845
17085,99,1.83845
17086,99,1.83845
17087,98,1.83845
17088,97,1.83845
17089,99,1.83845
17090,97,1.83845
17091,96,1.83845
17092,96,1.83845
17093,97,1.83845
17094,95,1.83845
17095,98,1.83845
17096,97,1.83844
17097,98,1.83844
17098,99,1.83844
17099,98,1.83844
17100,100,1.83844
17101,100,1.83844
17102,99,1.83844
17103,97,1.83844
17104,96,1.83844
17105,99,1.83844
17106,98,1.83844
17107,100,1.83844
17108,98,1.83844
17109,97,1.83844
17110,97,1.83842
17111,96,1.83842
17112,98,1.83842
17113,97,1.83842
17114,96,1.83842
17115,98,1.83842
17116,100,1.83842
17117,99,1.83842
17118,95,1.83842
17119,98,1.83842
17120,99,1.83841
17121,99,1.83841
17122,96,1.83841
17123,100,1.83841
17124,100,1.83841
17125,99,1.83841
17126,99,1.83841
17127,97,1.83841
17128,99,1.83843
17129,98,1.83843
17130,99,1.83843
17131,98,1.83843
17132,99,1.83842
17133,100,1.8384
17134,99,1.8384
17135,98,1.83839
17136,99,1.83839
17137,99,1.83839
17138,98,1.83839
17139,97,1.83839
17140,99,1.83839
17141,97,1.83839
17142,96,1.83839
17143,96,1.83839
17144,97,1.83839
17145,95,1.83839
17146,98,1.83839
17147,97,1.83838
17148,98,1.83838
17149,99,1.83838
17150,98,1.83838
17151,100,1.83838
17152,100,1.83838
17153,99,1.83838
17154,97,1.83838
17155,96,1.83839
17156,99,1.83839
17157,98,1.83839
17158,100,1.83839
17159,98,1.83839
17160,97,1.83839
17161,97,1.83839
17162,96,1.83839
17163,98,1.83839
17164,97,1.83839
17165,96,1.83839
17166,98,1.83839
17167,100,1.83839
17168,99,1.83839
17169,95,1.83839
17170,98,1.83838
17171,99,1.83838
17172,99,1.83838
17173,96,1.83838
17174,100,1.83838
17175,100,1.83838
17176,99,1.83838
17177,99,1.83838
17178,97,1.83838
17179,99,1.83838
17180,98,1.83838
17181,99,1.83838
17182,98,1.83838
17183,99,1.83837
17184,100,1.83836
17185,99,1.83836
17186,98,1.83834
17187,99,1.83834
17188,99,1.83834
17189,98,1.83834
17190,97,1.83834
17191,99,1.83834
17192,97,1.83834
17193,96,1.83834
17194,96,1.83834
17195,97,1.83834
17196,95,1.83835
17197,98,1.83835
17198,97,1.83833
17199,98,1.83834
17200,99,1.83834
17201,98,1.83834
17202,100,1.83834
17203,100,1.83834
17204,99,1.83834
17205,97,1.83834
17206,96,1.83834
17207,99,1.83834
17208,98,1.83834
17209,100,1.83834
17210,98,1.83834
17211,97,1.83834
17212,97,1.83832
17213,96,1.83832
17214,98,1.83833
17215,97,1.83833
17216,96,1.83833
17217,98,1.83833
17218,100,1.83833
17219,99,1.83833
17220,95,1.83833
17221,98,1.83832
17222,99,1.83832
17223,99,1.83832
17224,96,1.83832
17225,100,1.83832
17226,100,1.83832
17227,99,1.83832
17228,99,1.83832
17229,97,1.83832
17230,99,1.83834
17231,98,1.83834
17232,99,1.83834
17233,98,1.83834
17234,99,1.83831
17235,100,1.83829
17236,99,1.83829
17237,98,1.83823
17238,99,1.83823
17239,99,1.83823
17240,98,1.83823
17241,97,1.83823
17242,99,1.83823
17243,97,1.83823
17244,96,1.83823
17245,96,1.83823
17246,97,1.83823
17247,95,1.83823
17248,98,1.83823
17249,97,1.8382
17250,98,1.8382
17251,99,1.8382
17252,98,1.8382
17253,100,1.8382
17254,100,1.8382
17255,99,1.8382
17256,97,1.8382
17257,96,1.8382
17258,99,1.8382
17259,98,1.8382
17260,100,1.8382
17261,98,1.8382
17262,97,1.8382
17263,97,1.83816
17264,96,1.83816
17265,98,1.83816
17266,97,1.83816
17267,96,1.83816
17268,98,1.83816
17269,100,1.83816
17270,99,1.83816
17271,95,1.83816
17272,98,1.83815
17273,99,1.83815
17274,99,1.83815
17275,96,1.83815
17276,100,1.83815
17277,100,1.83815
17278,99,1.83815
17279,99,1.83815
17280,97,1.83815
17281,99,1.83819
17282,98,1.83819
17283,99,1.83819
17284,98,1.83819
17285,99,1.83816
17286,100,1.83814
17287,99,1.83814
17288,98,1.83814
17289,99,1.83814
17290,99,1.83814
17291,98,1.83814
17292,97,1.83814
17293,99,1.83814
17294,97,1.83814
17295,96,1.83814
17296,96,1.83814
17297,97,1.83814
17298,95,1.83814
17299,98,1.83814
17300,97,1.83814
17301,98,1.83814
17302,99,1.83814
17303,98,1.83814
17304,100,1.83814
17305,100,1.83814
17306,99,1.83814
17307,97,1.83814
17308,96,1.83815
17309,99,1.83815
17310,98,1.83815
17311,100,1.83815
17312,98,1.83815
17313,97,1.83815
17314,97,1.83815
17315,96,1.83815
17316,98,1.83815
17317,97,1.83815
17318,96,1.83815
17319,98,1.83815
17320,100,1.83815
17321,99,1.83815
17322,95,1.83815
17323,98,1.83815
17324,99,1.83814
17325,99,1.83814
17326,96,1.83814
17327,100,1.83814
17328,100,1.83814
17329,99,1.83814
17330,99,1.83814
17331,97,1.83814
17332,99,1.83814
17333,98,1.83814
17334,99,1.83814
17335,98,1.83815
17336,99,1.83814
17337,100,1.83812
17338,99,1.83812
17339,98,1.83811
17340,99,1.83811
17341,99,1.83811
17342,98,1.83811
17343,97,1.83811
17344,99,1.83811
17345,97,1.83811
17346,96,1.83811
17347,96,1.83811
17348,97,1.83812
17349,95,1.83812
17350,98,1.83812
17351,97,1.83812
17352,98,1.83812
17353,99,1.83812
17354,98,1.83812
17355,100,1.83812
17356,100,1.83812
17357,99,1.83812
17358,97,1.83812
17359,96,1.83812
17360,99,1.83812
17361,98,1.83812
17362,100,1.83812
17363,98,1.83812
17364,97,1.83812
17365,97,1.83812
17366,96,1.83812
17367,98,1.83812
17368,97,1.83812
17369,96,1.83812
17370,98,1.83812
17371,100,1.83812
17372,99,1.83812
17373,95,1.83812
17374,98,1.83811
17375,99,1.83811
17376,99,1.83811
17377,96,1.83811
17378,100,1.83811
17379,100,1.83811
17380,99,1.83811
17381,99,1.83811
17382,97,1.83811
17383,99,1.83811
17384,98,1.83811
17385,99,1.83811
17386,98,1.83811
17387,99,1.8381
17388,100,1.83809
17389,99,1.83809
17390,98,1.83807
17391,99,1.83807
17392,99,1.83807
17393,98,1.83807
17394,97,1.83807
17395,99,1.83807
17396,97,1.83807
17397,96,1.83807
17398,96,1.83807
17399,97,1.83807
17400,95,1.83807
17401,98,1.83808
17402,97,1.83807
17403,98,1.83807
17404,99,1.83807
17405,98,1.83807
17406,100,1.83807
17407,100,1.83807
17408,99,1.83807
17409,97,1.83807
17410,96,1.83807
17411,99,1.83807
17412,98,1.83807
17413,100,1.83807
17414,98,1.83807
17415,97,1.83807
17416,97,1.83805
17417,96,1.83805
17418,98,1.83805
17419,97,1.83805
17420,96,1.83805
17421,98,1.83805
17422,100,1.83805
17423,99,1.83805
17424,95,1.83805
17425,98,1.83804
17426,99,1.83804
17427,99,1.83804
17428,96,1.83804
17429,100,1.83804
17430,100,1.83804
17431,99,1.83804
17432,99,1.83804
17433,97,1.83804
17434,99,1.83804
17435,98,1.83804
17436,99,1.83804
17437,98,1.83804
17438,99,1.83802
17439,100,1.838
17440,99,1.838
17441,98,1.83795
17442,99,1.83795
17443,99,1.83795
17444,98,1.83795
17445,97,1.83795
17446,99,1.83795
17447,97,1.83795
17448,96,1.83795
17449,96,1.83795
17450,97,1.83795
17451,95,1.83795
17452,98,1.83795
17453,97,1.83792
17454,98,1.83792
17455,99,1.83792
17456,98,1.83792
17457,100,1.83792
17458,100,1.83792
17459,99,1.83792
17460,97,1.83792
17461,96,1.83792
17462,99,1.83792
17463,98,1.83792
17464,100,1.83792
17465,98,1.83792
17466,97,1.83792
17467,97,1.83791
17468,96,1.83791
17469,98,1.83791
17470,97,1.83791
17471,96,1.83791
17472,98,1.83792
17473,100,1.83792
17474,99,1.83792
17475,95,1.83792
17476,98,1.83791
17477,99,1.8379
17478,99,1.8379
17479,96,1.8379
17480,100,1.8379
17481,100,1.8379
17482,99,1.8379
17483,99,1.8379
17484,97,1.8379
17485,99,1.8379
17486,98,1.8379
17487,99,1.8379
17488,98,1.8379
17489,99,1.83789
17490,100,1.83787
17491,99,1.83786
17492,98,1.83786
17493,99,1.83786
17494,99,1.83786
17495,98,1.83786
17496,97,1.83786
17497,99,1.83786
17498,97,1.83786
17499,96,1.83786
17500,96,1.83786
17501,97,1.83786
17502,95,1.83787
17503,98,1.83787
17504,97,1.83787
17505,98,1.83787
17506,99,1.83787
17507,98,1.83787
17508,100,1.83787
17509,100,1.83787
17510,99,1.83787
17511,97,1.83787
17512,96,1.83787
17513,99,1.83787
17514,98,1.83787
17515,100,1.83787
17516,98,1.83787
17517,97,1.83787
17518,97,1.83787
17519,96,1.83787
17520,98,1.83787
17521,97,1.83787
17522,96,1.83787
17523,98,1.83788
17524,100,1.83787
17525,99,1.83787
17526,95,1.83788
17527,98,1.83779
17528,99,1.83768
17529,99,1.83767
17530,96,1.83767
17531,100,1.83767
17532,100,1.83767
17533,99,1.83767
17534,99,1.83767
17535,97,1.83767
17536,99,1.83767
17537,98,1.83767
17538,99,1.83767
17539,98,1.83767
17540,99,1.83766
17541,100,1.83765
17542,99,1.83765
17543,98,1.83763
17544,99,1.83763
17545,99,1.83763
17546,98,1.83763
17547,97,1.83763
17548,99,1.83763
17549,97,1.83763
17550,96,1.83763
17551,96,1.83763
17552,97,1.83763
17553,95,1.83763
17554,98,1.83763
17555,97,1.83762
17556,98,1.83762
17557,99,1.83762
17558,98,1.83762
17559,100,1.83762
17560,100,1.83762
17561,99,1.83762
17562,97,1.83762
17563,96,1.83761
17564,99,1.83761
17565,98,1.83761
17566,100,1.83761
17567,98,1.83761
17568,97,1.83761
17569,97,1.83761
17570,96,1.83761
17571,98,1.83761
17572,97,1.83761
17573,96,1.83761
17574,98,1.8376
17575,100,1.83761
17576,99,1.83761
17577,95,1.83761
17578,98,1.83761
17579,99,1.83761
17580,99,1.83761
17581,96,1.83761
17582,100,1.83761
17583,100,1.83761
17584,99,1.83761
17585,99,1.83761
17586,97,1.83761
17587,99,1.83761
17588,98,1.83761
17589,99,1.83761
17590,98,1.83761
17591,99,1.83759
17592,100,1.83757
17593,99,1.83757
17594,98,1.83751
17595,99,1.83751
17596,99,1.83751
17597,98,1.83751
17598,97,1.83751
17599,99,1.83751
17600,97,1.83751
17601,96,1.83751
17602,96,1.83751
17603,97,1.83751
17604,95,1.83751
17605,98,1.83752
17606,97,1.83747
17607,98,1.83747
17608,99,1.83747
17609,98,1.83747
17610,100,1.83747
17611,100,1.83747
17612,99,1.83747
17613,97,1.83747
17614,96,1.83747
17615,99,1.83747
17616,98,1.83747
17617,100,1.83747
17618,98,1.83747
17619,97,1.83747
17620,97,1.83745
17621,96,1.83745
17622,98,1.83745
17623,97,1.83745
17624,96,1.83746
17625,98,1.83746
17626,100,1.83746
17627,99,1.83746
17628,95,1.83746
17629,98,1.83745
17630,99,1.83745
17631,99,1.83745
17632,96,1.83745
17633,100,1.83745
17634,100,1.83745
17635,99,1.83745
17636,99,1.83745
17637,97,1.83745
17638,99,1.83745
17639,98,1.83745
17640,99,1.83744
17641,98,1.83744
17642,99,1.83736
17643,100,1.83727
17644,99,1.83726
17645,98,1.83714
17646,99,1.83714
17647,99,1.83714
17648,98,1.83714
17649,97,1.83714
17650,99,1.83714
17651,97,1.83714
17652,96,1.83714
17653,96,1.83714
17654,97,1.83714
17655,95,1.83714
17656,98,1.83714
17657,97,1.83707
17658,98,1.83704
17659,99,1.83704
17660,98,1.83704
17661,100,1.83704
17662,100,1.83704
17663,99,1.83704
17664,97,1.83704
17665,96,1.83704
17666,99,1.83704
17667,98,1.83704
17668,100,1.83704
17669,98,1.83704
17670,97,1.83704
17671,97,1.83701
17672,96,1.83701
17673,98,1.83701
17674,97,1.83701
17675,96,1.83701
17676,98,1.83701
17677,100,1.83701
17678,99,1.83701
17679,95,1.83701
17680,98,1.83701
17681,99,1.837
17682,99,1.837
17683,96,1.837
17684,100,1.837
17685,100,1.837
17686,99,1.837
17687,99,1.837
17688,97,1.837
17689,99,1.837
17690,98,1.837
17691,99,1.837
17692,98,1.837
17693,99,1.83697
17694,100,1.83695
17695,99,1.83694
17696,98,1.83689
17697,99,1.83689
17698,99,1.83689
17699,98,1.83689
17700,97,1.83689
17701,99,1.83689
17702,97,1.83689
17703,96,1.83689
17704,96,1.83689
17705,97,1.83689
17706,95,1.83689
17707,98,1.83689
17708,97,1.83683
17709,98,1.83683
17710,99,1.83683
17711,98,1.83683
17712,100,1.83683
17713,100,1.83683
17714,99,1.83683
17715,97,1.83683
17716,96,1.83683
17717,99,1.83683
17718,98,1.83683
17719,100,1.83683
17720,98,1.83683
17721,97,1.83683
17722,97,1.8368
17723,96,1.8368
17724,98,1.8368
17725,97,1.8368
17726,96,1.8368
17727,98,1.8368
17728,100,1.8368
17729,99,1.8368
17730,95,1.8368
17731,98,1.8368
17732,99,1.83679
17733,99,1.83679
17734,96,1.83679
17735,100,1.83679
17736,100,1.83679
17737,99,1.83679
17738,99,1.83679
17739,97,1.83679
17740,99,1.83679
17741,98,1.83679
17742,99,1.83679
17743,98,1.83679
17744,99,1.83677
17745,100,1.83674
17746,99,1.83674
17747,98,1.83669
17748,99,1.83669
17749,99,1.83669
17750,98,1.83669
17751,97,1.83669
17752,99,1.83668
17753,97,1.83668
17754,96,1.83668
17755,96,1.83668
17756,97,1.83668
17757,95,1.83668
17758,98,1.83669
17759,97,1.83662
17760,98,1.83658
17761,99,1.83658
17762,98,1.83658
17763,100,1.83658
17764,100,1.83658
17765,99,1.83658
17766,97,1.83658
17767,96,1.83658
17768,99,1.83658
17769,98,1.83658
17770,100,1.83658
17771,98,1.83658
17772,97,1.83657
17773,97,1.83656
17774,96,1.83657
17775,98,1.83654
17776,97,1.83654
17777,96,1.83654
17778,98,1.83654
17779,100,1.83654
17780,99,1.83654
17781,95,1.83654
17782,98,1.83653
17783,99,1.83653
17784,99,1.83653
17785,96,1.83653
17786,100,1.83653
17787,100,1.83653
17788,99,1.83653
17789,99,1.83653
17790,97,1.83653
17791,99,1.83653
17792,98,1.83653
17793,99,1.83653
17794,98,1.83653
17795,99,1.8365
17796,100,1.83648
17797,99,1.83648
17798,98,1.83646
17799,99,1.83646
17800,99,1.83646
17801,98,1.83646
17802,97,1.83646
17803,99,1.83646
17804,97,1.83646
17805,96,1.83646
17806,96,1.83646
17807,97,1.83646
17808,95,1.83646
17809,98,1.83646
17810,97,1.8364
17811,98,1.83632
17812,99,1.83631
17813,98,1.83631
17814,100,1.83631
17815,100,1.83631
17816,99,1.83631
17817,97,1.83631
17818,96,1.83631
17819,99,1.83631
17820,98,1.83631
17821,100,1.83631
17822,98,1.83631
17823,97,1.83631
17824,97,1.8363
17825,96,1.8363
17826,98,1.8363
17827,97,1.8363
17828,96,1.8363
17829,98,1.83631
17830,100,1.83631
17831,99,1.83631
17832,95,1.83631
17833,98,1.8363
17834,99,1.8363
17835,99,1.8363
17836,96,1.8363
17837,100,1.8363
17838,100,1.8363
17839,99,1.8363
17840,99,1.8363
17841,97,1.8363
17842,99,1.8363
17843,98,1.8363
17844,99,1.8363
17845,98,1.8363
17846,99,1.83629
17847,100,1.83628
17848,99,1.83628
17849,98,1.83626
17850,99,1.83626
17851,99,1.83627
17852,98,1.83627
17853,97,1.83627
17854,99,1.83626
17855,97,1.83626
17856,96,1.83626
17857,96,1.83626
17858,97,1.83626
17859,95,1.83626
17860,98,1.83626
17861,97,1.8362
17862,98,1.83613
17863,99,1.83612
17864,98,1.83612
17865,100,1.83612
17866,100,1.83612
17867,99,1.83612
17868,97,1.83612
17869,96,1.83612
17870,99,1.83612
17871,98,1.83612
17872,100,1.83612
17873,98,1.83612
17874,97,1.83612
17875,97,1.83612
17876,96,1.83612
17877,98,1.83612
17878,97,1.83612
17879,96,1.83612
17880,98,1.83612
17881,100,1.83612
17882,99,1.83612
17883,95,1.83612
17884,98,1.83612
17885,99,1.83611
17886,99,1.83611
17887,96,1.83611
17888,100,1.83611
17889,100,1.83611
17890,99,1.83611
17891,99,1.83611
17892,97,1.83611
17893,99,1.83611
17894,98,1.83611
17895,99,1.83611
17896,98,1.83611
17897,99,1.83611
17898,100,1.8361
17899,99,1.8361
17900,98,1.8361
17901,99,1.8361
17902,99,1.8361
17903,98,1.8361
17904,97,1.8361
17905,99,1.8361
17906,97,1.8361
17907,96,1.8361
17908,96,1.8361
17909,97,1.8361
17910,95,1.8361
17911,98,1.8361
17912,96,1.83605
17913,97,1.83604
17914,98,1.83599
17915,97,1.83591
17916,99,1.83578
17917,99,1.83561
17918,98,1.83541
17919,96,1.83519
17920,95,1.83495
17921,98,1.83471
17922,97,1.83447
17923,99,1.83424
17924,97,1.83404
17925,96,1.83386
17926,96,1.83372
17927,95,1.83363
17928,97,1.83359
17929,96,1.83355
17930,95,1.83352
17931,97,1.83349
17932,99,1.83346
17933,99,1.83344
17934,95,1.83341
17935,98,1.83341
17936,99,1.83341
17937,99,1.83341
17938,96,1.83341
17939,100,1.83341
17940,100,1.83341
17941,99,1.83341
17942,99,1.83341
17943,97,1.83341
17944,99,1.83341
17945,98,1.83341
17946,99,1.83341
17947,98,1.83341
17948,99,1.8334
17949,100,1.83339
17950,99,1.83339
17951,98,1.83338
17952,99,1.83338
17953,99,1.83338
17954,98,1.83338
17955,97,1.83338
17956,99,1.83338
17957,97,1.83338
17958,96,1.83338
17959,96,1.83338
17960,97,1.83338
17961,95,1.83338
17962,99,1.83338
17963,97,1.83338
17964,98,1.83338
17965,99,1.83338
17966,98,1.83338
17967,100,1.83338
17968,100,1.83338
17969,99,1.83338
17970,97,1.83338
17971,96,1.83339
17972,99,1.83338
17973,98,1.83338
17974,100,1.83339
17975,98,1.83339
17976,97,1.83338
17977,97,1.83338
17978,96,1.83338
17979,98,1.83338
17980,97,1.83338
17981,96,1.83338
17982,98,1.83339
17983,99,1.83338
17984,99,1.83337
17985,95,1.83335
17986,98,1.83335
17987,99,1.83334
17988,99,1.83334
17989,96,1.83334
17990,100,1.83335
17991,100,1.83335
17992,99,1.83335
17993,99,1.83335
17994,97,1.83335
17995,99,1.83335
17996,98,1.83335
17997,99,1.83335
17998,98,1.83335
17999,99,1.83334
18000,100,1.83333
18001,99,1.83333
18002,98,1.83331
18003,99,1.83332
18004,99,1.83332
18005,98,1.83332
18006,97,1.83332
18007,99,1.83332
18008,97,1.83332
18009,96,1.83332
18010,96,1.83332
18011,97,1.83332
18012,95,1.83332
18013,99,1.83332
18014,97,1.83332
18015,98,1.83332
18016,99,1.83332
18017,98,1.83332
18018,100,1.83332
18019,100,1.83332
18020,99,1.83332
18021,97,1.83332
18022,96,1.83332
18023,99,1.83332
18024,98,1.83332
18025,100,1.83332
18026,98,1.83332
18027,97,1.83332
18028,97,1.83332
18029,96,1.83332
18030,98,1.83333
18031,97,1.83333
18032,96,1.83333
18033,98,1.83333
18034,99,1.83333
18035,99,1.83332
18036,95,1.83331
18037,98,1.83331
18038,99,1.83331
18039,99,1.83331
18040,96,1.83331
18041,100,1.83331
18042,100,1.83331
18043,99,1.83331
18044,99,1.83331
18045,97,1.83331
18046,99,1.83331
18047,98,1.83331
18048,99,1.83331
18049,98,1.83331
18050,99,1.83331
18051,100,1.8333
18052,99,1.8333
18053,98,1.83328
18054,99,1.83328
18055,99,1.83328
18056,98,1.83328
18057,97,1.83328
18058,99,1.83328
18059,97,1.83328
18060,96,1.83328
18061,96,1.83328
18062,97,1.83328
18063,95,1.83328
18064,99,1.83328
18065,97,1.83328
18066,98,1.83328
18067,99,1.83328
18068,98,1.83328
18069,100,1.83328
18070,100,1.83328
18071,99,1.83328
18072,97,1.83328
18073,96,1.8333
18074,99,1.8333
18075,98,1.8333
18076,100,1.8333
18077,98,1.8333
18078,97,1.8333
18079,97,1.8333
18080,96,1.8333
18081,98,1.8333
18082,97,1.8333
18083,96,1.8333
18084,98,1.8333
18085,99,1.8333
18086,99,1.8333
18087,95,1.8333
18088,98,1.8333
18089,99,1.83329
18090,99,1.83329
18091,96,1.83329
18092,100,1.83329
18093,100,1.83329
18094,99,1.83329
18095,99,1.83329
18096,97,1.83329
18097,99,1.83329
18098,98,1.83329
18099,99,1.83329
18100,98,1.83329
18101,99,1.83328
18102,100,1.83328
18103,99,1.83328
18104,98,1.83326
18105,99,1.83326
18106,99,1.83326
18107,98,1.83326
18108,97,1.83326
18109,99,1.83326
18110,97,1.83326
18111,96,1.83326
18112,96,1.83326
18113,97,1.83326
18114,95,1.83328
18115,99,1.83328
18116,97,1.83328
18117,98,1.83328
18118,99,1.83328
18119,98,1.83328
18120,100,1.83328
18121,100,1.83328
18122,99,1.83328
18123,97,1.83328
18124,96,1.83328
18125,99,1.83328
18126,98,1.83328
18127,100,1.83328
18128,98,1.83328
18129,97,1.83328
18130,97,1.83328
18131,96,1.83328
18132,98,1.83328
18133,97,1.83328
18134,96,1.83328
18135,98,1.83328
18136,99,1.83328
18137,99,1.83328
18138,95,1.83328
18139,98,1.83328
18140,99,1.83327
18141,99,1.83327
18142,96,1.83327
18143,100,1.83327
18144,100,1.83327
18145,99,1.83327
18146,99,1.83327
18147,97,1.83327
18148,99,1.83327
18149,98,1.83327
18150,99,1.83327
18151,98,1.83327
18152,99,1.83327
18153,100,1.83326
18154,99,1.83326
18155,98,1.83324
18156,99,1.83324
18157,99,1.83324
18158,98,1.83324
18159,97,1.83324
18160,99,1.83324
18161,97,1.83324
18162,96,1.83324
18163,96,1.83324
18164,97,1.83324
18165,95,1.83324
18166,99,1.83324
18167,97,1.83324
18168,98,1.83324
18169,99,1.83324
18170,98,1.83324
18171,100,1.83324
18172,100,1.83324
18173,99,1.83324
18174,97,1.83324
18175,96,1.83324
18176,99,1.83324
18177,98,1.83324
18178,100,1.83324
18179,98,1.83324
18180,97,1.83324
18181,97,1.83323
18182,96,1.83323
18183,98,1.83323
18184,97,1.83323
18185,96,1.83323
18186,98,1.83324
18187,99,1.83324
18188,99,1.83324
18189,95,1.83324
18190,98,1.83323
18191,99,1.83323
18192,99,1.83322
18193,96,1.83322
18194,100,1.83322
18195,100,1.83322
18196,99,1.83322
18197,99,1.83322
18198,97,1.83322
18199,99,1.83322
18200,98,1.83322
18201,99,1.83322
18202,98,1.83323
18203,99,1.83322
18204,100,1.83321
18205,99,1.83321
18206,98,1.83321
18207,99,1.83321
18208,99,1.83321
18209,98,1.83321
18210,97,1.83321
18211,99,1.83321
18212,97,1.83321
18213,96,1.83321
18214,96,1.83321
18215,97,1.83321
18216,95,1.83321
18217,99,1.83321
18218,97,1.83321
18219,98,1.83321
18220,99,1.83321
18221,98,1.83321
18222,100,1.83321
18223,100,1.83321
18224,99,1.83321
18225,97,1.83321
18226,96,1.83321
18227,99,1.83321
18228,98,1.83321
18229,100,1.83321
18230,98,1.83321
18231,97,1.83321
18232,97,1.83321
18233,96,1.83321
18234,98,1.83318
18235,97,1.83318
18236,96,1.83318
18237,98,1.83319
18238,99,1.83319
18239,99,1.83319
18240,95,1.83319
18241,98,1.83318
18242,99,1.83317
18243,99,1.83317
18244,96,1.83317
18245,100,1.83317
18246,100,1.83317
18247,99,1.83317
18248,99,1.83317
18249,97,1.83317
18250,99,1.83317
18251,98,1.83317
18252,99,1.83317
18253,98,1.83317
18254,99,1.83317
18255,100,1.83316
18256,99,1.83316
18257,98,1.83314
18258,99,1.83314
18259,99,1.83314
18260,98,1.83314
18261,97,1.83314
18262,99,1.83314
18263,97,1.83314
18264,96,1.83314
18265,96,1.83314
18266,97,1.83314
18267,95,1.83314
18268,99,1.83314
18269,97,1.83314
18270,98,1.83314
18271,99,1.83314
18272,98,1.83314
18273,100,1.83314
18274,100,1.83314
18275,99,1.83314
18276,97,1.83314
18277,96,1.83314
18278,99,1.83314
18279,98,1.83314
18280,100,1.83314
18281,98,1.83314
18282,97,1.83314
18283,97,1.83314
18284,96,1.83314
18285,98,1.83314
18286,97,1.83314
18287,96,1.83314
18288,98,1.83315
18289,99,1.83315
18290,99,1.83315
18291,95,1.83315
18292,98,1.83314
18293,99,1.83313
18294,99,1.83313
18295,96,1.83313
18296,100,1.83313
18297,100,1.83313
18298,99,1.83313
18299,99,1.83313
18300,97,1.83313
18301,99,1.83313
18302,98,1.83313
18303,99,1.83313
18304,98,1.83314
18305,99,1.83313
18306,100,1.83312
18307,99,1.83312
18308,98,1.8331
18309,99,1.83311
18310,99,1.83311
18311,98,1.83311
18312,97,1.83311
18313,99,1.83311
18314,97,1.83311
18315,96,1.83311
18316,96,1.83311
18317,97,1.83311
18318,95,1.83311
18319,99,1.83311
18320,97,1.83311
18321,98,1.83311
18322,99,1.83311
18323,98,1.83311
18324,100,1.83311
18325,100,1.83311
18326,99,1.83311
18327,97,1.83311
18328,96,1.83311
18329,99,1.83311
18330,98,1.83311
18331,100,1.83311
18332,98,1.83311
18333,97,1.83311
18334,97,1.83311
18335,96,1.83311
18336,98,1.83311
18337,97,1.83311
18338,96,1.83311
18339,98,1.83311
18340,99,1.83311
18341,99,1.83311
18342,95,1.83311
18343,98,1.8331
18344,99,1.8331
18345,99,1.8331
18346,96,1.8331
18347,100,1.8331
18348,100,1.8331
18349,99,1.8331
18350,99,1.8331
18351,97,1.8331
18352,99,1.8331
18353,98,1.8331
18354,99,1.8331
18355,98,1.8331
18356,99,1.83309
18357,100,1.83308
18358,99,1.83308
18359,98,1.83307
18360,99,1.83307
18361,99,1.83307
18362,98,1.83307
18363,97,1.83307
18364,99,1.83307
18365,97,1.83307
18366,96,1.83306
18367,96,1.83306
18368,97,1.83306
18369,95,1.83306
18370,99,1.83307
18371,97,1.83307
18372,98,1.83307
18373,99,1.83307
18374,98,1.83307
18375,100,1.83307
18376,100,1.83307
18377,99,1.83307
18378,97,1.83307
18379,96,1.83307
18380,99,1.83307
18381,98,1.83307
18382,100,1.83307
18383,98,1.83307
18384,97,1.83307
18385,97,1.83306
18386,96,1.83306
18387,98,1.83306
18388,97,1.83306
18389,96,1.83306
18390,98,1.83306
18391,99,1.83306
18392,99,1.83306
18393,95,1.83306
18394,98,1.83306
18395,99,1.83306
18396,99,1.83306
18397,96,1.83306
18398,100,1.83306
18399,100,1.83306
18400,99,1.83306
18401,99,1.83306
18402,97,1.83306
18403,99,1.83306
18404,98,1.83306
18405,99,1.83306
18406,98,1.83306
18407,99,1.83305
18408,100,1.83304
18409,99,1.83304
18410,98,1.83302
18411,99,1.83302
18412,99,1.83302
18413,98,1.83302
18414,97,1.83302
18415,99,1.83302
18416,97,1.83302
18417,96,1.83302
18418,96,1.83302
18419,97,1.83303
18420,95,1.83303
18421,99,1.83303
18422,97,1.83303
18423,98,1.83303
18424,99,1.83303
18425,98,1.83303
18426,100,1.83303
18427,100,1.83303
18428,99,1.83303
18429,97,1.83303
18430,96,1.83303
18431,99,1.83303
18432,98,1.83303
18433,100,1.83303
18434,98,1.83303
18435,97,1.83303
18436,97,1.83303
18437,96,1.83303
18438,98,1.83303
18439,97,1.83303
18440,96,1.83303
18441,98,1.83303
18442,99,1.83303
18443,99,1.83303
18444,95,1.83303
18445,98,1.83303
18446,99,1.83302
18447,99,1.83302
18448,96,1.83302
18449,100,1.83302
18450,100,1.83302
18451,99,1.83302
18452,99,1.83302
18453,97,1.83302
18454,99,1.83302
18455,98,1.83302
18456,99,1.83302
18457,98,1.83302
18458,99,1.83302
18459,100,1.83301
18460,99,1.83301
18461,98,1.83299
18462,99,1.83299
18463,99,1.83299
18464,98,1.83299
18465,97,1.83299
18466,99,1.83299
18467,97,1.83299
18468,96,1.83299
18469,96,1.83299
18470,97,1.83299
18471,95,1.83299
18472,99,1.83299
18473,97,1.83299
18474,98,1.83299
18475,99,1.83299
18476,98,1.83299
18477,100,1.83299
18478,100,1.83299
18479,99,1.83299
18480,97,1.83299
18481,96,1.83299
18482,99,1.83299
18483,98,1.83299
18484,100,1.83299
18485,98,1.83299
18486,97,1.83299
18487,97,1.83299
18488,96,1.83299
18489,98,1.83299
18490,97,1.83299
18491,96,1.83299
18492,98,1.83299
18493,99,1.83299
18494,99,1.83299
18495,95,1.83299
18496,98,1.83299
18497,99,1.83298
18498,99,1.83298
18499,96,1.83298
18500,100,1.83298
18501,100,1.83298
18502,99,1.83298
18503,99,1.83298
18504,97,1.83298
18505,99,1.83299
18506,98,1.83299
18507,99,1.83299
18508,98,1.83299
18509,99,1.83298
18510,100,1.83297
18511,99,1.83297
18512,98,1.83295
18513,99,1.83295
18514,99,1.83296
18515,98,1.83296
18516,97,1.83296
18517,99,1.83295
18518,97,1.83295
18519,96,1.83295
18520,96,1.83295
18521,97,1.83295
18522,95,1.83295
18523,99,1.83296
18524,97,1.83296
18525,98,1.83296
18526,99,1.83296
18527,98,1.83296
18528,100,1.83296
18529,100,1.83296
18530,99,1.83296
18531,97,1.83296
18532,96,1.83296
18533,99,1.83296
18534,98,1.83296
18535,100,1.83296
18536,98,1.83296
18537,97,1.83296
18538,97,1.83296
18539,96,1.83296
18540,98,1.83296
18541,97,1.83296
18542,96,1.83296
18543,98,1.83296
18544,99,1.83296
18545,99,1.83296
18546,95,1.83296
18547,98,1.83296
18548,99,1.83296
18549,99,1.83296
18550,96,1.83296
18551,100,1.83296
18552,100,1.83296
18553,99,1.83296
18554,99,1.83296
18555,97,1.83296
18556,99,1.83296
18557,98,1.83296
18558,99,1.83296
18559,98,1.83296
18560,99,1.83295
18561,100,1.83294
18562,99,1.83294
18563,98,1.83292
18564,99,1.83292
18565,99,1.83292
18566,98,1.83292
18567,97,1.83292
18568,99,1.83292
18569,97,1.83292
18570,96,1.83292
18571,96,1.83292
18572,97,1.83292
18573,95,1.83292
18574,99,1.83293
18575,97,1.83293
18576,98,1.83293
18577,99,1.83293
18578,98,1.83293
18579,100,1.83293
18580,100,1.83293
18581,99,1.83293
18582,97,1.83293
18583,96,1.83293
18584,99,1.83293
18585,98,1.83293
18586,100,1.83293
18587,98,1.83293
18588,97,1.83293
18589,97,1.83292
18590,96,1.83292
18591,98,1.83292
18592,97,1.83292
18593,96,1.83292
18594,98,1.83292
18595,99,1.83292
18596,99,1.83292
18597,95,1.83292
18598,98,1.83291
18599,99,1.83291
18600,99,1.83291
18601,96,1.83291
18602,100,1.83291
18603,100,1.83291
18604,99,1.83291
18605,99,1.83291
18606,97,1.83291
18607,99,1.83291
18608,98,1.83291
18609,99,1.83291
18610,98,1.83291
18611,99,1.8329
18612,100,1.83289
18613,99,1.83289
18614,98,1.83287
18615,99,1.83287
18616,99,1.83287
18617,98,1.83287
18618,97,1.83287
18619,99,1.83287
18620,97,1.83287
18621,96,1.83287
18622,96,1.83287
18623,97,1.83287
18624,95,1.83287
18625,99,1.83287
18626,97,1.83287
18627,98,1.83287
18628,99,1.83287
18629,98,1.83287
18630,100,1.83287
18631,100,1.83287
18632,99,1.83287
18633,97,1.83287
18634,96,1.83287
18635,99,1.83287
18636,98,1.83287
18637,100,1.83287
18638,98,1.83287
18639,97,1.83287
18640,97,1.83287
18641,96,1.83287
18642,98,1.83287
18643,97,1.83287
18644,96,1.83288
18645,98,1.83288
18646,99,1.83288
18647,99,1.83288
18648,95,1.83288
18649,98,1.83287
18650,99,1.83287
18651,99,1.83287
18652,96,1.83287
18653,100,1.83287
18654,100,1.83287
18655,99,1.83287
18656,99,1.83287
18657,97,1.83287
18658,99,1.83287
18659,98,1.83287
18660,99,1.83287
18661,98,1.83287
18662,99,1.83286
18663,100,1.83285
18664,99,1.83285
18665,98,1.83283
18666,99,1.83283
18667,99,1.83283
18668,98,1.83283
18669,97,1.83283
18670,99,1.83283
18671,97,1.83283
18672,96,1.83283
18673,96,1.83283
18674,97,1.83283
18675,95,1.83283
18676,99,1.83283
18677,97,1.83283
18678,98,1.83283
18679,99,1.83283
18680,98,1.83283
18681,100,1.83283
18682,100,1.83283
18683,99,1.83283
18684,97,1.83283
18685,96,1.83283
18686,99,1.83283
18687,98,1.83283
18688,100,1.83283
18689,98,1.83283
18690,97,1.83283
18691,97,1.83283
18692,96,1.83283
18693,98,1.83283
18694,97,1.83283
18695,96,1.83283
18696,98,1.83283
18697,99,1.83283
18698,99,1.83283
18699,95,1.83283
18700,98,1.83283
18701,99,1.83283
18702,99,1.83283
18703,96,1.83283
18704,100,1.83283
18705,100,1.83283
18706,99,1.83283
18707,99,1.83283
18708,97,1.83283
18709,99,1.83283
18710,98,1.83283
18711,99,1.83283
18712,98,1.83283
18713,99,1.83282
18714,100,1.83281
18715,99,1.83281
18716,98,1.83279
18717,99,1.8328
18718,99,1.8328
18719,98,1.8328
18720,97,1.8328
18721,99,1.8328
18722,97,1.8328
18723,96,1.8328
18724,96,1.8328
18725,97,1.8328
18726,95,1.8328
18727,99,1.8328
18728,97,1.8328
18729,98,1.8328
18730,99,1.8328
18731,98,1.8328
18732,100,1.8328
18733,100,1.8328
18734,99,1.8328
18735,97,1.8328
18736,96,1.8328
18737,99,1.8328
18738,98,1.8328
18739,100,1.8328
18740,98,1.8328
18741,97,1.8328
18742,97,1.8328
18743,96,1.8328
18744,98,1.8328
18745,97,1.8328
18746,96,1.8328
18747,98,1.8328
18748,99,1.8328
18749,99,1.8328
18750,95,1.8328
18751,98,1.8328
18752,99,1.83279
18753,99,1.83279
18754,96,1.83279
18755,100,1.83279
18756,100,1.83279
18757,99,1.83279
18758,99,1.83279
18759,97,1.83279
18760,99,1.83279
18761,98,1.83279
18762,99,1.83279
18763,98,1.83279
18764,99,1.83278
18765,100,1.83277
18766,99,1.83277
18767,98,1.83276
18768,99,1.83276
18769,99,1.83276
18770,98,1.83276
18771,97,1.83276
18772,99,1.83276
18773,97,1.83276
18774,96,1.83276
18775,96,1.83276
18776,97,1.83276
18777,95,1.83276
18778,99,1.83276
18779,97,1.83276
18780,98,1.83276
18781,99,1.83276
18782,98,1.83276
18783,100,1.83276
18784,100,1.83276
18785,99,1.83276
18786,97,1.83276
18787,96,1.83276
18788,99,1.83276
18789,98,1.83276
18790,100,1.83276
18791,98,1.83276
18792,97,1.83276
18793,97,1.83276
18794,96,1.83276
18795,98,1.83276
18796,97,1.83276
18797,96,1.83276
18798,98,1.83276
18799,99,1.83276
18800,99,1.83276
18801,95,1.83276
18802,98,1.83275
18803,99,1.83275
18804,99,1.83275
18805,96,1.83275
18806,100,1.83275
18807,100,1.83275
18808,99,1.83275
18809,99,1.83275
18810,97,1.83275
18811,99,1.83275
18812,98,1.83275
18813,99,1.83275
18814,98,1.83275
18815,99,1.83274
18816,100,1.83273
18817,99,1.83273
18818,98,1.83271
18819,99,1.83271
18820,99,1.83271
18821,98,1.83271
18822,97,1.83271
18823,99,1.83271
18824,97,1.83271
18825,96,1.83271
18826,96,1.83271
18827,97,1.83271
18828,95,1.83271
18829,99,1.83272
18830,97,1.83272
18831,98,1.83272
18832,99,1.83272
18833,98,1.83272
18834,100,1.83272
18835,100,1.83272
18836,99,1.83272
18837,97,1.83272
18838,96,1.83272
18839,99,1.83272
18840,98,1.83272
18841,100,1.83272
18842,98,1.83272
18843,97,1.8327
18844,97,1.8327
18845,96,1.8327
18846,98,1.8327
18847,97,1.8327
18848,96,1.8327
18849,98,1.8327
18850,99,1.8327
18851,99,1.8327
18852,95,1.8327
18853,98,1.8327
18854,99,1.83269
18855,99,1.83269
18856,96,1.83269
18857,100,1.83269
18858,100,1.83269
18859,99,1.83269
18860,99,1.83269
18861,97,1.83269
18862,99,1.83269
18863,98,1.83269
18864,99,1.83269
18865,98,1.83269
18866,99,1.83269
18867,100,1.83268
18868,99,1.83267
18869,98,1.83266
18870,99,1.83266
18871,99,1.83266
18872,98,1.83266
18873,97,1.83266
18874,99,1.83266
18875,97,1.83266
18876,96,1.83266
18877,96,1.83266
18878,97,1.83266
18879,95,1.83266
18880,99,1.83266
18881,97,1.83266
18882,98,1.83266
18883,99,1.83266
18884,98,1.83266
18885,100,1.83266
18886,100,1.83266
18887,99,1.83266
18888,97,1.83266
18889,96,1.83266
18890,99,1.83266
18891,98,1.83266
18892,100,1.83266
18893,98,1.83266
18894,97,1.83266
18895,97,1.83266
18896,96,1.83266
18897,98,1.83266
18898,97,1.83266
18899,96,1.83266
18900,98,1.83267
18901,99,1.83266
18902,99,1.83266
18903,95,1.83266
18904,98,1.83266
18905,99,1.83265
18906,99,1.83265
18907,96,1.83265
18908,100,1.83265
18909,100,1.83265
18910,99,1.83265
18911,99,1.83265
18912,97,1.83265
18913,99,1.83265
18914,98,1.83265
18915,99,1.83265
18916,98,1.83265
18917,99,1.83265
18918,100,1.83264
18919,99,1.83263
18920,98,1.83262
18921,99,1.83262
18922,99,1.83262
18923,98,1.83262
18924,97,1.83262
18925,99,1.83262
18926,97,1.83262
18927,96,1.83262
18928,96,1.83262
18929,97,1.83262
18930,95,1.83262
18931,99,1.83262
18932,97,1.83262
18933,98,1.83262
18934,99,1.83262
18935,98,1.83262
18936,100,1.83262
18937,100,1.83262
18938,99,1.83262
18939,97,1.83262
18940,96,1.83262
18941,99,1.83262
18942,98,1.83262
18943,100,1.83262
18944,98,1.83262
18945,97,1.83262
18946,97,1.83262
18947,96,1.83262
18948,98,1.83262
18949,97,1.83262
18950,96,1.83262
18951,98,1.83262
18952,99,1.83262
18953,99,1.83262
18954,95,1.83262
18955,98,1.83262
18956,99,1.83261
18957,99,1.83261
18958,96,1.83261
18959,100,1.83261
18960,100,1.83261
18961,99,1.83261
18962,99,1.83261
18963,97,1.83261
18964,99,1.83261
18965,98,1.83261
18966,99,1.83261
18967,98,1.83261
18968,99,1.8326
18969,100,1.83259
18970,99,1.83259
18971,98,1.83258
18972,99,1.83258
18973,99,1.83258
18974,98,1.83258
18975,97,1.83258
18976,99,1.83258
18977,97,1.83258
18978,96,1.83258
18979,96,1.83258
18980,97,1.83258
18981,95,1.83258
18982,99,1.83258
18983,97,1.83258
18984,98,1.83258
18985,99,1.83258
18986,98,1.83258
18987,100,1.83258
18988,100,1.83258
18989,99,1.83258
18990,97,1.83258
18991,96,1.83258
18992,99,1.83258
18993,98,1.83258
18994,100,1.83258
18995,98,1.83258
18996,97,1.83258
18997,97,1.83258
18998,96,1.83258
18999,98,1.83258
19000,97,1.83258
19001,96,1.83258
19002,98,1.83258
19003,99,1.83258
19004,99,1.83258
19005,95,1.83258
19006,98,1.83258
19007,99,1.83257
19008,99,1.83257
19009,96,1.83257
19010,100,1.83257
19011,100,1.83257
19012,99,1.83257
19013,99,1.83257
19014,97,1.83257
19015,99,1.83257
19016,98,1.83257
19017,99,1.83257
19018,98,1.83257
19019,99,1.83257
19020,100,1.83256
19021,99,1.83256
19022,98,1.83254
19023,99,1.83254
19024,99,1.83254
19025,98,1.83254
19026,97,1.83254
19027,99,1.83254
19028,97,1.83254
19029,96,1.83254
19030,96,1.83254
19031,97,1.83254
19032,95,1.83254
19033,99,1.83254
19034,97,1.83254
19035,98,1.83254
19036,99,1.83254
19037,98,1.83254
19038,100,1.83254
19039,100,1.83254
19040,99,1.83254
19041,97,1.83254
19042,96,1.83254
19043,99,1.83254
19044,98,1.83254
19045,100,1.83254
19046,98,1.83254
19047,97,1.83254
19048,97,1.83254
19049,96,1.83254
19050,98,1.83254
19051,97,1.83254
19052,96,1.83254
19053,98,1.83254
19054,99,1.83254
19055,99,1.83254
19056,95,1.83254
19057,98,1.83254
19058,99,1.83253
19059,99,1.83253
19060,96,1.83253
19061,100,1.83253
19062,100,1.83253
19063,99,1.83253
19064,99,1.83253
19065,97,1.83253
19066,99,1.83253
19067,98,1.83253
19068,99,1.83253
19069,98,1.83253
19070,99,1.83252
19071,100,1.83251
19072,99,1.83251
19073,98,1.83249
19074,99,1.83249
19075,99,1.83249
19076,98,1.83249
19077,97,1.83249
19078,99,1.83249
19079,97,1.83249
19080,96,1.83249
19081,96,1.83249
19082,97,1.83249
19083,95,1.83249
19084,99,1.83249
19085,97,1.83249
19086,98,1.83249
19087,99,1.83249
19088,98,1.83249
19089,100,1.83249
19090,100,1.83249
19091,99,1.83249
19092,97,1.83249
19093,96,1.83249
19094,99,1.83249
19095,98,1.83249
19096,100,1.83249
19097,98,1.83249
19098,97,1.83249
19099,97,1.83249
19100,96,1.8325
19101,98,1.8325
19102,97,1.8325
19103,96,1.8325
19104,98,1.8325
19105,99,1.8325
19106,99,1.8325
19107,95,1.8325
19108,98,1.83249
19109,99,1.83249
19110,99,1.83249
19111,96,1.83249
19112,100,1.83249
19113,100,1.83249
19114,99,1.83249
19115,99,1.83249
19116,97,1.83249
19117,99,1.83249
19118,98,1.83249
19119,99,1.83249
19120,98,1.83249
19121,99,1.83241
19122,100,1.83232
19123,99,1.83231
19124,98,1.83213
19125,99,1.83212
19126,99,1.83212
19127,98,1.83212
19128,97,1.83212
19129,99,1.83212
19130,97,1.83212
19131,96,1.83212
19132,96,1.83212
19133,97,1.83212
19134,95,1.83212
19135,99,1.83212
19136,97,1.83212
19137,98,1.83212
19138,99,1.83212
19139,98,1.83212
19140,100,1.83212
19141,100,1.83212
19142,99,1.83212
19143,97,1.83212
19144,96,1.83212
19145,99,1.83212
19146,98,1.83212
19147,100,1.83212
19148,98,1.83212
19149,97,1.83212
19150,97,1.83207
19151,96,1.83208
19152,98,1.83208
19153,97,1.83208
19154,96,1.83208
19155,98,1.83208
19156,99,1.83208
19157,99,1.83208
19158,95,1.83208
19159,98,1.83208
19160,99,1.83207
19161,99,1.83207
19162,96,1.83207
19163,100,1.83207
19164,100,1.83207
19165,99,1.83207
19166,99,1.83207
19167,97,1.83207
19168,99,1.83207
19169,98,1.83207
19170,99,1.83216
19171,98,1.8322
19172,99,1.83219
19173,100,1.83218
19174,99,1.83218
19175,98,1.83218
19176,99,1.83218
19177,99,1.83218
19178,98,1.83218
19179,97,1.83218
19180,99,1.83218
19181,97,1.83218
19182,96,1.83218
19183,96,1.83218
19184,97,1.83218
19185,95,1.83218
19186,99,1.83219
19187,97,1.83219
19188,98,1.83219
19189,99,1.83219
19190,98,1.83219
19191,100,1.83219
19192,100,1.83219
19193,99,1.83219
19194,97,1.83219
19195,96,1.83219
19196,99,1.83219
19197,98,1.83219
19198,100,1.83219
19199,98,1.83219
19200,97,1.83219
19201,97,1.83219
19202,96,1.83219
19203,98,1.83219
19204,97,1.83219
19205,96,1.83219
19206,98,1.8322
19207,99,1.83219
19208,99,1.83219
19209,95,1.83219
19210,98,1.83219
19211,99,1.83218
19212,99,1.83218
19213,96,1.83218
19214,100,1.83218
19215,100,1.83218
19216,99,1.83218
19217,99,1.83218
19218,97,1.83218
19219,99,1.83218
19220,98,1.83218
19221,99,1.83218
19222,98,1.83219
19223,99,1.83218
19224,100,1.83217
19225,99,1.83217
19226,98,1.8321
19227,99,1.8321
19228,99,1.8321
19229,98,1.8321
19230,97,1.8321
19231,99,1.8321
19232,97,1.8321
19233,96,1.8321
19234,96,1.8321
19235,97,1.8321
19236,95,1.83211
19237,99,1.83211
19238,97,1.83211
19239,98,1.83211
19240,99,1.83211
19241,98,1.83211
19242,100,1.83211
19243,100,1.83211
19244,99,1.83211
19245,97,1.83211
19246,96,1.83211
19247,99,1.83211
19248,98,1.83211
19249,100,1.83211
19250,98,1.83211
19251,97,1.83211
19252,97,1.83211
19253,96,1.83211
19254,98,1.83211
19255,97,1.83211
19256,96,1.83211
19257,98,1.83211
19258,99,1.83211
19259,99,1.83211
19260,95,1.83211
19261,98,1.83211
19262,99,1.8321
19263,99,1.8321
19264,96,1.8321
19265,100,1.8321
19266,100,1.8321
19267,99,1.8321
19268,99,1.8321
19269,97,1.8321
19270,99,1.8321
19271,98,1.8321
19272,99,1.8321
19273,98,1.8321
19274,99,1.8321
19275,100,1.83208
19276,99,1.83208
19277,98,1.83208
19278,99,1.83208
19279,99,1.83208
19280,98,1.83208
19281,97,1.83208
19282,99,1.83208
19283,97,1.83208
19284,96,1.83208
19285,96,1.83208
19286,97,1.83208
19287,95,1.83209
19288,99,1.8321
19289,97,1.8321
19290,98,1.8321
19291,99,1.8321
19292,98,1.83211
19293,100,1.83211
19294,100,1.83211
19295,99,1.83211
19296,97,1.83211
19297,96,1.83211
19298,99,1.83211
19299,98,1.83211
19300,100,1.83211
19301,98,1.83211
19302,97,1.8321
19303,97,1.8321
19304,96,1.83211
19305,98,1.83211
19306,97,1.83211
19307,96,1.83211
19308,98,1.83211
19309,99,1.83211
19310,99,1.83211
19311,95,1.83211
19312,98,1.83211
19313,99,1.8321
19314,99,1.8321
19315,96,1.8321
19316,100,1.8321
19317,100,1.8321
19318,99,1.8321
19319,99,1.8321
19320,97,1.8321
19321,99,1.8321
19322,98,1.8321
19323,99,1.8321
19324,98,1.8321
19325,99,1.83209
19326,100,1.83208
19327,99,1.83208
19328,98,1.83207
19329,99,1.83207
19330,99,1.83207
19331,98,1.83207
19332,97,1.83207
19333,99,1.83207
19334,97,1.83207
19335,96,1.83207
19336,96,1.83207
19337,97,1.83207
19338,95,1.83207
19339,99,1.83207
19340,97,1.83207
19341,98,1.83207
19342,99,1.83207
19343,98,1.83207
19344,100,1.83207
19345,100,1.83207
19346,99,1.83207
19347,97,1.83207
19348,96,1.83207
19349,99,1.83207
19350,98,1.83207
19351,100,1.83207
19352,98,1.83207
19353,97,1.83207
19354,97,1.83207
19355,96,1.83207
19356,98,1.83207
19357,97,1.83207
19358,96,1.83207
19359,98,1.83207
19360,99,1.83207
19361,99,1.83207
19362,95,1.83207
19363,98,1.83207
19364,99,1.83206
19365,99,1.83206
19366,96,1.83206
19367,100,1.83206
19368,100,1.83206
19369,99,1.83206
19370,99,1.83206
19371,97,1.83206
19372,99,1.83206
19373,98,1.83206
19374,99,1.83206
19375,98,1.83206
19376,99,1.83205
19377,100,1.83204
19378,99,1.83204
19379,98,1.83198
19380,99,1.83198
19381,99,1.83198
19382,98,1.83198
19383,97,1.83198
19384,99,1.83198
19385,97,1.83198
19386,96,1.83198
19387,96,1.83198
19388,97,1.83198
19389,95,1.83198
19390,99,1.83198
19391,97,1.83198
19392,98,1.83198
19393,99,1.83198
19394,98,1.83198
19395,100,1.83198
19396,100,1.83198
19397,99,1.83198
19398,97,1.83198
19399,96,1.83198
19400,99,1.83199
19401,98,1.83199
19402,100,1.83199
19403,98,1.83199
19404,97,1.83199
19405,97,1.83199
19406,96,1.83199
19407,98,1.83199
19408,97,1.83199
19409,96,1.83198
19410,98,1.83198
19411,99,1.83198
19412,99,1.83198
19413,95,1.83199
19414,98,1.83198
19415,99,1.83197
19416,99,1.83197
19417,96,1.83197
19418,100,1.83197
19419,100,1.83197
19420,99,1.83197
19421,99,1.83197
19422,97,1.83197
19423,99,1.83197
19424,98,1.83197
19425,99,1.83197
19426,98,1.83197
19427,99,1.83196
19428,100,1.83195
19429,99,1.83195
19430,98,1.83195
19431,99,1.83195
19432,99,1.83195
19433,98,1.83195
19434,97,1.83195
19435,99,1.83195
19436,97,1.83195
19437,96,1.83195
19438,96,1.83195
19439,97,1.83195
19440,95,1.83196
19441,99,1.83197
19442,97,1.83197
19443,98,1.83197
19444,99,1.83197
19445,98,1.83197
19446,100,1.83197
19447,100,1.83197
19448,99,1.83197
19449,97,1.83197
19450,96,1.83197
19451,99,1.83197
19452,98,1.83197
19453,100,1.83196
19454,98,1.83196
19455,97,1.83196
19456,97,1.83196
19457,96,1.83196
19458,98,1.83196
19459,97,1.83196
19460,96,1.83196
19461,98,1.83196
19462,99,1.83196
19463,99,1.83196
19464,95,1.83196
19465,98,1.83196
19466,99,1.83195
19467,99,1.83195
19468,96,1.83195
19469,100,1.83195
19470,100,1.83195
19471,99,1.83195
19472,99,1.83195
19473,97,1.83195
19474,99,1.83195
19475,98,1.83195
19476,99,1.83195
19477,98,1.83195
19478,99,1.83195
19479,100,1.83194
19480,99,1.83194
19481,98,1.83191
19482,99,1.83191
19483,99,1.83191
19484,98,1.83191
19485,97,1.83191
19486,99,1.83191
19487,97,1.83191
19488,96,1.83191
19489,96,1.83191
19490,97,1.83191
19491,95,1.83191
19492,99,1.83192
19493,97,1.83192
19494,98,1.83192
19495,99,1.83192
19496,98,1.83192
19497,100,1.83192
19498,100,1.83192
19499,99,1.83192
19500,97,1.83192
19501,96,1.83192
19502,99,1.83192
19503,98,1.83192
19504,100,1.83192
19505,98,1.83192
19506,97,1.83192
19507,97,1.83192
19508,96,1.83192
19509,98,1.83192
19510,97,1.83192
19511,96,1.83192
19512,98,1.83192
19513,99,1.83192
19514,99,1.83193
19515,95,1.83193
19516,98,1.83192
19517,99,1.83192
19518,99,1.83192
19519,96,1.83192
19520,100,1.83192
19521,100,1.83192
19522,99,1.83192
19523,99,1.83192
19524,97,1.83192
19525,99,1.83192
19526,98,1.83192
19527,99,1.83192
19528,98,1.83192
19529,99,1.83191
19530,100,1.8319
19531,99,1.8319
19532,98,1.83182
19533,99,1.83182
19534,99,1.83182
19535,98,1.83182
19536,97,1.83182
19537,99,1.83182
19538,97,1.83182
19539,96,1.83182
19540,96,1.83182
19541,97,1.83182
19542,95,1.83183
19543,99,1.83183
19544,97,1.83183
19545,98,1.83183
19546,99,1.83183
19547,98,1.83183
19548,100,1.83183
19549,100,1.83183
19550,99,1.83183
19551,97,1.83183
19552,96,1.83183
19553,99,1.83183
19554,98,1.83183
19555,100,1.83183
19556,98,1.83183
19557,97,1.83183
19558,97,1.83183
19559,96,1.83183
19560,98,1.83183
19561,97,1.83183
19562,96,1.83183
19563,98,1.83183
19564,99,1.83183
19565,99,1.83183
19566,95,1.83183
19567,98,1.83183
19568,99,1.83182
19569,99,1.83182
19570,96,1.83182
19571,100,1.83182
19572,100,1.83182
19573,99,1.83182
19574,99,1.83182
19575,97,1.83182
19576,99,1.83182
19577,98,1.83182
19578,99,1.83182
19579,98,1.83182
19580,99,1.83181
19581,100,1.83181
19582,99,1.83181
19583,98,1.83181
19584,99,1.83181
19585,99,1.83181
19586,98,1.83181
19587,97,1.83181
19588,99,1.83181
19589,97,1.83181
19590,96,1.83181
19591,96,1.83181
19592,97,1.83181
19593,95,1.83181
19594,99,1.83181
19595,97,1.83181
19596,98,1.83181
19597,99,1.83181
19598,98,1.83181
19599,100,1.83181
19600,100,1.83181
19601,99,1.83181
19602,97,1.83181
19603,96,1.83181
19604,99,1.83181
19605,98,1.83181
19606,100,1.83181
19607,98,1.83181
19608,97,1.83181
19609,97,1.83181
19610,96,1.83181
19611,98,1.83181
19612,97,1.83181
19613,96,1.83181
19614,98,1.83182
19615,99,1.83182
19616,99,1.83182
19617,95,1.83182
19618,98,1.83181
19619,99,1.83181
19620,99,1.8318
19621,96,1.8318
19622,100,1.83181
19623,100,1.83181
19624,99,1.83181
19625,99,1.83181
19626,97,1.83181
19627,99,1.83181
19628,98,1.8318
19629,99,1.83181
19630,98,1.83181
19631,99,1.8318
19632,100,1.8318
19633,99,1.8318
19634,98,1.83177
19635,99,1.83178
19636,99,1.83178
19637,98,1.83178
19638,97,1.83178
19639,99,1.83178
19640,97,1.83178
19641,96,1.83178
19642,96,1.83178
19643,97,1.83178
19644,95,1.83178
19645,99,1.83178
19646,97,1.83178
19647,98,1.83178
19648,99,1.83178
19649,98,1.83178
19650,100,1.83178
19651,100,1.83178
19652,99,1.83178
19653,97,1.83178
19654,96,1.83178
19655,99,1.83178
19656,98,1.83178
19657,100,1.83178
19658,98,1.83178
19659,97,1.83178
19660,97,1.83178
19661,96,1.83178
19662,98,1.83178
19663,97,1.83178
19664,96,1.83178
19665,98,1.83178
19666,99,1.83178
19667,99,1.83178
19668,95,1.83178
19669,98,1.83178
19670,99,1.83177
19671,99,1.83177
19672,96,1.83177
19673,100,1.83177
19674,100,1.83177
19675,99,1.83177
19676,99,1.83177
19677,97,1.83177
19678,99,1.83177
19679,98,1.83177
19680,99,1.83177
19681,98,1.83177
19682,99,1.83177
19683,100,1.83176
19684,99,1.83175
19685,98,1.83173
19686,99,1.83173
19687,99,1.83173
19688,98,1.83173
19689,97,1.83173
19690,99,1.83173
19691,97,1.83173
19692,96,1.83173
19693,96,1.83173
19694,97,1.83173
19695,95,1.83173
19696,99,1.83173
19697,97,1.83173
19698,98,1.83173
19699,99,1.83173
19700,98,1.83173
19701,100,1.83173
19702,100,1.83173
19703,99,1.83173
19704,97,1.83173
19705,96,1.83172
19706,99,1.83172
19707,98,1.83172
19708,100,1.83172
19709,98,1.83172
19710,97,1.83172
19711,97,1.83172
19712,96,1.83172
19713,98,1.83172
19714,97,1.83172
19715,96,1.83172
19716,98,1.83172
19717,99,1.83172
19718,99,1.83172
19719,95,1.83172
19720,98,1.83172
19721,99,1.83171
19722,99,1.83171
19723,96,1.83171
19724,100,1.83171
19725,100,1.83171
19726,99,1.83171
19727,99,1.83171
19728,97,1.83171
19729,99,1.83171
19730,98,1.83171
19731,99,1.83171
19732,98,1.83171
19733,99,1.83171
19734,100,1.8317
19735,99,1.83169
19736,98,1.83167
19737,99,1.83167
19738,99,1.83167
19739,98,1.83167
19740,97,1.83167
19741,99,1.83167
19742,97,1.83167
19743,96,1.83167
19744,96,1.83167
19745,97,1.83167
19746,95,1.83167
19747,99,1.83167
19748,97,1.83167
19749,98,1.83167
19750,99,1.83167
19751,98,1.83167
19752,100,1.83167
19753,100,1.83167
19754,99,1.83167
19755,97,1.83167
19756,96,1.83167
19757,99,1.83167
19758,98,1.83167
19759,100,1.83167
19760,98,1.83167
19761,97,1.83167
19762,97,1.83167
19763,96,1.83167
19764,98,1.83167
19765,97,1.83167
19766,96,1.83167
19767,98,1.83167
19768,99,1.83167
19769,99,1.83168
19770,95,1.83168
19771,98,1.83167
19772,99,1.83167
19773,99,1.83167
19774,96,1.83167
19775,100,1.83167
19776,100,1.83167
19777,99,1.83167
19778,99,1.83167
19779,97,1.83167
19780,99,1.83167
19781,98,1.83167
19782,99,1.83167
19783,98,1.83167
19784,99,1.83166
19785,100,1.83165
19786,99,1.83165
19787,98,1.83157
19788,99,1.83156
19789,99,1.83156
19790,98,1.83156
19791,97,1.83156
19792,99,1.83156
19793,97,1.83156
19794,96,1.83156
19795,96,1.83156
19796,97,1.83156
19797,95,1.83156
19798,99,1.83156
19799,97,1.83156
19800,98,1.83156
19801,99,1.83156
19802,98,1.83156
19803,100,1.83156
19804,100,1.83156
19805,99,1.83156
19806,97,1.83156
19807,96,1.83156
19808,99,1.83156
19809,98,1.83156
19810,100,1.83156
19811,98,1.83156
19812,97,1.83156
19813,97,1.83156
19814,96,1.83156
19815,98,1.83156
19816,97,1.83156
19817,96,1.83156
19818,98,1.83156
19819,99,1.83156
19820,99,1.83156
19821,95,1.83156
19822,98,1.83156
19823,99,1.83155
19824,99,1.83155
19825,96,1.83155
19826,100,1.83155
19827,100,1.83155
19828,99,1.83155
19829,99,1.83155
19830,97,1.83155
19831,99,1.83155
19832,98,1.83155
19833,99,1.83155
19834,98,1.83155
19835,99,1.83154
19836,100,1.83153
19837,99,1.83153
19838,98,1.83148
19839,99,1.83148
19840,99,1.83148
19841,98,1.83148
19842,97,1.83148
19843,99,1.83148
19844,97,1.83148
19845,96,1.83148
19846,96,1.83148
19847,97,1.83148
19848,95,1.83148
19849,99,1.83148
19850,97,1.83148
19851,98,1.83149
19852,99,1.83149
19853,98,1.83149
19854,100,1.83149
19855,100,1.83149
19856,99,1.83149
19857,97,1.83149
19858,96,1.83149
19859,99,1.83149
19860,98,1.83149
19861,100,1.83149
19862,98,1.83149
19863,97,1.83149
19864,97,1.83149
19865,96,1.83149
19866,98,1.83149
19867,97,1.83149
19868,96,1.83149
19869,98,1.83149
19870,99,1.83149
19871,99,1.83149
19872,95,1.83149
19873,98,1.83149
19874,99,1.83149
19875,99,1.83149
19876,96,1.83149
19877,100,1.83149
19878,100,1.83149
19879,99,1.83149
19880,99,1.83149
19881,97,1.83149
19882,99,1.83149
19883,98,1.83149
19884,99,1.83149
19885,98,1.83149
19886,99,1.83148
19887,100,1.83147
19888,99,1.83147
19889,98,1.83142
19890,99,1.83142
19891,99,1.83142
19892,98,1.83142
19893,97,1.83142
19894,99,1.83142
19895,97,1.83142
19896,96,1.83142
19897,96,1.83142
19898,97,1.83142
19899,95,1.83142
19900,99,1.83142
19901,97,1.83142
19902,98,1.83142
19903,99,1.83142
19904,98,1.83142
19905,100,1.83142
19906,100,1.83142
19907,99,1.83142
19908,97,1.83142
19909,96,1.83142
19910,99,1.83142
19911,98,1.83142
19912,100,1.83142
19913,98,1.83142
19914,97,1.83142
19915,97,1.83142
19916,96,1.83142
19917,98,1.83142
19918,97,1.83142
19919,96,1.83142
19920,98,1.83143
19921,99,1.83143
19922,99,1.83143
19923,95,1.83143
19924,98,1.83142
19925,99,1.83142
19926,99,1.83142
19927,96,1.83142
19928,100,1.83142
19929,100,1.83142
19930,99,1.83142
19931,99,1.83142
19932,97,1.83142
19933,99,1.83142
19934,98,1.83142
19935,99,1.83142
19936,98,1.83142
19937,99,1.83141
19938,100,1.8314
19939,99,1.8314
19940,98,1.8313
19941,99,1.83121
19942,99,1.8312
19943,98,1.8312
19944,97,1.8312
19945,99,1.83119
19946,97,1.83119
19947,96,1.83119
19948,96,1.83119
19949,97,1.83119
19950,95,1.83119
19951,99,1.83119
19952,97,1.83119
19953,98,1.83119
19954,99,1.83119
19955,98,1.83119
19956,100,1.83119
19957,100,1.83119
19958,99,1.83119
19959,97,1.83119
19960,96,1.83119
19961,99,1.83119
19962,98,1.83119
19963,100,1.83119
19964,98,1.83119
19965,97,1.83119
19966,97,1.83113
19967,96,1.83111
19968,98,1.83111
19969,97,1.83111
19970,96,1.83111
19971,98,1.83111
19972,99,1.83111
19973,99,1.83111
19974,95,1.83111
19975,98,1.83111
19976,99,1.8311
19977,99,1.8311
19978,96,1.8311
19979,100,1.8311
19980,100,1.8311
19981,99,1.8311
19982,99,1.8311
19983,97,1.8311
19984,99,1.8311
19985,98,1.8311
19986,99,1.8311
19987,98,1.8311
19988,99,1.8311
19989,100,1.83109
19990,99,1.83109
19991,97,1.83102
19992,98,1.83092
19993,98,1.83078
19994,97,1.83062
19995,96,1.83048
19996,98,1.83039
19997,96,1.83035
19998,95,1.83036
19999,95,1.83034
20000,96,1.83027
20001,94,1.83016
20002,98,1.83006
20003,96,1.82997
20004,97,1.82988
20005,98,1.8298
20006,97,1.82971
20007,99,1.82963
20008,99,1.82956
20009,98,1.82948
20010,96,1.82941
20011,95,1.82934
20012,98,1.82928
20013,97,1.82921
20014,99,1.82915
20015,97,1.8291
20016,96,1.82904
20017,96,1.82893
20018,95,1.8287
20019,97,1.82862
20020,96,1.82858
20021,95,1.82854
20022,97,1.8285
20023,98,1.82847
20024,98,1.82844
20025,94,1.82841
20026,97,1.82838
20027,98,1.82835
20028,98,1.82833
20029,95,1.82832
20030,99,1.8283
20031,99,1.82829
20032,98,1.82829
20033,98,1.82828
20034,96,1.82829
20035,98,1.82829
20036,97,1.82829
20037,98,1.82831
20038,97,1.82832
20039,98,1.82834
20040,99,1.82836
20041,99,1.82838
20042,97,1.82841
20043,98,1.82844
20044,98,1.82847
20045,97,1.82851
20046,96,1.82855
20047,98,1.82859
20048,96,1.82864
20049,95,1.82869
20050,95,1.82875
20051,96,1.8288
20052,94,1.82886
20053,98,1.82892
20054,96,1.82899
20055,97,1.82906
20056,98,1.82913
20057,97,1.82921
20058,99,1.82929
20059,99,1.82937
20060,98,1.82945
20061,96,1.82954
20062,95,1.82963
20063,98,1.82973
20064,97,1.82983
20065,99,1.82993
20066,97,1.83003
20067,96,1.83014
20068,96,1.83018
20069,95,1.83011
20070,97,1.83019
20071,96,1.83031
20072,95,1.83043
20073,97,1.83056
20074,98,1.83069
20075,98,1.83082
20076,94,1.83095
20077,97,1.83108
20078,98,1.83122
20079,98,1.83136
20080,95,1.8315
20081,99,1.83165
20082,99,1.8318
20083,98,1.83195
20084,98,1.83211
20085,96,1.83226
20086,98,1.83243
20087,97,1.83259
20088,98,1.83275
20089,97,1.83289
20090,98,1.83298
20091,99,1.83302
20092,99,1.83301
20093,97,1.83295
20094,98,1.83284
20095,98,1.83269
20096,97,1.8325
20097,96,1.83228
20098,98,1.83205
20099,96,1.83181
20100,95,1.83157
20101,95,1.83128
20102,96,1.83099
20103,94,1.8307
20104,98,1.83041
20105,96,1.83013
20106,97,1.82985
20107,98,1.82957
20108,97,1.82929
20109,99,1.82902
20110,99,1.82874
20111,98,1.82847
20112,96,1.8282
20113,95,1.82794
20114,98,1.82768
20115,97,1.82741
20116,99,1.82715
20117,97,1.8269
20118,96,1.82664
20119,96,1.82632
20120,95,1.82588
20121,97,1.82561
20122,96,1.82536
20123,95,1.82512
20124,97,1.82488
20125,98,1.82464
20126,98,1.82441
20127,95,1.82417
20128,98,1.82395
20129,99,1.8239
20130,99,1.8239
20131,96,1.8239
20132,100,1.8239
20133,100,1.8239
20134,99,1.8239
20135,99,1.8239
20136,97,1.8239
20137,99,1.8239
20138,98,1.82389
20139,99,1.82389
20140,98,1.82389
20141,99,1.82389
20142,100,1.82389
20143,100,1.82389
20144,98,1.82389
20145,99,1.82389
20146,99,1.82389
20147,98,1.82389
20148,97,1.82389
20149,99,1.82388
20150,97,1.82388
20151,96,1.82388
20152,96,1.82388
20153,97,1.82388
20154,95,1.82389
20155,99,1.82389
20156,97,1.82389
20157,98,1.82389
20158,99,1.82389
20159,98,1.82389
20160,100,1.82389
20161,100,1.82389
20162,99,1.82389
20163,97,1.82389
20164,96,1.82389
20165,99,1.82389
20166,98,1.82389
20167,100,1.82389
20168,98,1.82389
20169,97,1.82389
20170,97,1.82379
20171,96,1.82362
20172,98,1.82357
20173,97,1.82357
20174,96,1.82357
20175,98,1.82357
20176,99,1.82357
20177,98,1.82357
20178,95,1.82338
20179,98,1.82315
20180,99,1.82311
20181,99,1.82311
20182,96,1.82311
20183,100,1.82311
20184,100,1.82311
20185,99,1.82311
20186,99,1.82311
20187,97,1.82311
20188,99,1.8231
20189,98,1.8231
20190,99,1.8231
20191,98,1.8231
20192,99,1.8231
20193,100,1.8231
20194,100,1.8231
20195,98,1.8231
20196,99,1.8231
20197,99,1.8231
20198,98,1.8231
20199,97,1.8231
20200,99,1.8231
20201,97,1.8231
20202,96,1.8231
20203,96,1.8231
20204,97,1.8231
20205,95,1.8231
20206,99,1.8231
20207,97,1.8231
20208,98,1.8231
20209,99,1.8231
20210,98,1.8231
20211,100,1.8231
20212,100,1.8231
20213,99,1.8231
20214,97,1.8231
20215,96,1.8231
20216,99,1.82311
20217,98,1.82311
20218,100,1.82311
20219,98,1.82311
20220,97,1.82311
20221,97,1.82302
20222,96,1.82289
20223,98,1.82287
20224,97,1.82287
20225,96,1.82287
20226,98,1.82288
20227,99,1.82287
20228,98,1.82287
20229,95,1.82269
20230,98,1.82255
20231,99,1.82255
20232,99,1.82255
20233,96,1.82255
20234,100,1.82255
20235,100,1.82255
20236,99,1.82255
20237,99,1.82255
20238,97,1.82255
20239,99,1.82255
20240,98,1.82255
20241,99,1.82255
20242,98,1.82255
20243,99,1.82255
20244,100,1.82255
20245,100,1.82255
20246,98,1.82255
20247,99,1.82255
20248,99,1.82255
20249,98,1.82255
20250,97,1.82255
20251,99,1.82255
20252,97,1.82255
20253,96,1.82255
20254,96,1.82254
20255,97,1.82254
20256,95,1.82254
20257,99,1.82255
20258,97,1.82255
20259,98,1.82255
20260,99,1.82255
20261,98,1.82255
20262,100,1.82255
20263,100,1.82255
20264,99,1.82255
20265,97,1.82255
20266,96,1.82255
20267,99,1.82255
20268,98,1.82255
20269,100,1.82255
20270,98,1.82255
20271,97,1.82255
20272,97,1.82247
20273,96,1.82237
20274,98,1.82235
20275,97,1.82235
20276,96,1.82235
20277,98,1.82235
20278,99,1.82235
20279,98,1.82235
20280,95,1.82235
20281,98,1.82235
20282,99,1.82234
20283,99,1.82234
20284,96,1.82234
20285,100,1.82234
20286,100,1.82234
20287,99,1.82234
20288,99,1.82234
20289,97,1.82234
20290,99,1.82239
20291,98,1.82239
20292,99,1.82239
20293,98,1.82239
20294,99,1.82239
20295,100,1.82239
20296,100,1.82239
20297,98,1.82239
20298,99,1.82239
20299,99,1.82239
20300,98,1.82239
20301,97,1.82239
20302,99,1.82239
20303,97,1.82239
20304,96,1.82239
20305,96,1.8224
20306,97,1.8224
20307,95,1.8224
20308,99,1.82241
20309,97,1.82241
20310,98,1.82241
20311,99,1.82241
20312,98,1.82241
20313,100,1.82241
20314,100,1.82241
20315,99,1.82241
20316,97,1.82241
20317,96,1.82241
20318,99,1.82241
20319,98,1.82241
20320,100,1.82241
20321,98,1.82241
20322,97,1.82241
20323,97,1.82232
20324,96,1.82222
20325,98,1.82221
20326,97,1.82221
20327,96,1.82221
20328,98,1.82221
20329,99,1.82221
20330,98,1.82221
20331,95,1.82221
20332,98,1.8222
20333,99,1.8222
20334,99,1.8222
20335,96,1.8222
20336,100,1.8222
20337,100,1.8222
20338,99,1.8222
20339,99,1.8222
20340,97,1.8222
20341,99,1.82234
20342,98,1.82234
20343,99,1.82234
20344,98,1.82234
20345,99,1.82234
20346,100,1.82234
20347,100,1.82234
20348,98,1.82234
20349,99,1.82234
20350,99,1.82234
20351,98,1.82234
20352,97,1.82234
20353,99,1.82234
20354,97,1.82235
20355,96,1.82235
20356,96,1.82235
20357,97,1.82235
20358,95,1.82235
20359,99,1.82235
20360,97,1.82235
20361,98,1.82235
20362,99,1.82235
20363,98,1.82235
20364,100,1.82235
20365,100,1.82235
20366,99,1.82235
20367,97,1.82235
20368,96,1.82236
20369,99,1.82236
20370,98,1.82236
20371,100,1.82236
20372,98,1.82236
20373,97,1.82236
20374,97,1.82228
20375,96,1.82218
20376,98,1.82217
20377,97,1.82217
20378,96,1.82217
20379,98,1.82217
20380,99,1.82217
20381,98,1.82217
20382,95,1.82217
20383,98,1.82207
20384,99,1.82197
20385,99,1.82196
20386,96,1.82196
20387,100,1.82196
20388,100,1.82196
20389,99,1.82196
20390,99,1.82196
20391,97,1.82196
20392,99,1.82215
20393,98,1.8222
20394,99,1.8222
20395,98,1.8222
20396,99,1.8222
20397,100,1.8222
20398,100,1.8222
20399,98,1.8222
20400,99,1.8222
20401,99,1.8222
20402,98,1.8222
20403,97,1.8222
20404,99,1.8222
20405,97,1.8222
20406,96,1.8222
20407,96,1.8222
20408,97,1.8222
20409,95,1.8222
20410,99,1.8222
20411,97,1.8222
20412,98,1.8222
20413,99,1.8222
20414,98,1.8222
20415,100,1.8222
20416,100,1.8222
20417,99,1.8222
20418,97,1.8222
20419,96,1.8222
20420,99,1.82223
20421,98,1.82223
20422,100,1.82223
20423,98,1.82223
20424,97,1.82223
20425,97,1.82215
20426,96,1.82206
20427,98,1.82205
20428,97,1.82205
20429,96,1.82205
20430,98,1.82205
20431,99,1.82205
20432,98,1.82205
20433,95,1.82205
20434,98,1.82204
20435,99,1.82204
20436,99,1.82204
20437,96,1.82204
20438,100,1.82204
20439,100,1.82204
20440,99,1.82204
20441,99,1.82204
20442,97,1.82204
20443,99,1.82223
20444,98,1.82238
20445,99,1.82238
20446,98,1.82238
20447,99,1.82238
20448,100,1.82238
20449,100,1.82238
20450,98,1.82238
20451,99,1.82238
20452,99,1.82238
20453,98,1.82238
20454,97,1.82238
20455,99,1.82238
20456,97,1.82238
20457,96,1.82238
20458,96,1.82238
20459,97,1.82238
20460,95,1.82238
20461,99,1.82238
20462,97,1.82238
20463,98,1.82238
20464,99,1.82238
20465,98,1.82238
20466,100,1.82238
20467,100,1.82238
20468,99,1.82238
20469,97,1.82238
20470,96,1.82238
20471,99,1.82238
20472,98,1.82238
20473,100,1.82238
20474,98,1.82238
20475,97,1.82238
20476,97,1.82231
20477,96,1.82223
20478,98,1.82222
20479,97,1.82222
20480,96,1.82222
20481,98,1.82221
20482,99,1.82221
20483,98,1.82222
20484,94,1.82222
20485,97,1.82221
20486,98,1.82219
20487,98,1.82217
20488,95,1.82212
20489,99,1.8221
20490,99,1.82211
20491,98,1.82218
20492,98,1.82227
20493,96,1.82237
20494,98,1.82266
20495,97,1.823
20496,98,1.82315
20497,97,1.82326
20498,98,1.82337
20499,99,1.82348
20500,99,1.8236
20501,97,1.82373
20502,98,1.82382
20503,98,1.82395
20504,97,1.82411
20505,96,1.82429
20506,98,1.82456
20507,96,1.82483
20508,95,1.82511
20509,95,1.82539
20510,96,1.82568
20511,94,1.82596
20512,98,1.82626
20513,96,1.82655
20514,97,1.82684
20515,98,1.82714
20516,97,1.82744
20517,99,1.82774
20518,99,1.82804
20519,98,1.82834
20520,96,1.82864
20521,95,1.82895
20522,98,1.82926
20523,97,1.82956
20524,99,1.82988
20525,97,1.83019
20526,96,1.8305
20527,96,1.83075
20528,95,1.83099
20529,97,1.8313
20530,96,1.83162
20531,95,1.83194
20532,97,1.83226
20533,98,1.83259
20534,98,1.83292
20535,94,1.83325
20536,97,1.83359
20537,98,1.83391
20538,98,1.83424
20539,95,1.83457
20540,99,1.8349
20541,99,1.83524
20542,98,1.83557
20543,98,1.83591
20544,96,1.83625
20545,98,1.83679
20546,97,1.83737
20547,98,1.83775
20548,97,1.83809
20549,98,1.83843
20550,99,1.83877
20551,99,1.83912
20552,97,1.83946
20553,98,1.83981
20554,98,1.84015
20555,97,1.84051
20556,96,1.84085
20557,98,1.8412
20558,96,1.84126
20559,95,1.84147
20560,95,1.84169
20561,96,1.84188
20562,94,1.84202
20563,98,1.84211
20564,96,1.84215
20565,97,1.84213
20566,98,1.84205
20567,97,1.84195
20568,99,1.84184
20569,99,1.84174
20570,98,1.84164
20571,96,1.84154
20572,95,1.84144
20573,98,1.84137
20574,97,1.84128
20575,99,1.84119
20576,97,1.8411
20577,96,1.84102
20578,96,1.84088
20579,95,1.84074
20580,97,1.84065
20581,96,1.84058
20582,95,1.84051
20583,97,1.84044
20584,98,1.84038
20585,98,1.84032
20586,94,1.84027
20587,97,1.84021
20588,98,1.84016
20589,98,1.84011
20590,95,1.84007
20591,99,1.84002
20592,99,1.83997
20593,98,1.83993
20594,98,1.83989
20595,96,1.83987
20596,97,1.84
20597,97,1.83992
20598,98,1.83976
20599,97,1.83955
20600,98,1.83932
20601,99,1.83907
20602,99,1.83873
20603,97,1.83839
20604,98,1.83805
20605,98,1.8377
20606,97,1.83736
20607,96,1.83702
20608,98,1.83668
20609,96,1.83634
20610,95,1.836
20611,95,1.83567
20612,96,1.83534
20613,94,1.83501
20614,98,1.83469
20615,96,1.83435
20616,97,1.83403
20617,98,1.8337
20618,97,1.83337
20619,99,1.83305
20620,99,1.83272
20621,98,1.8324
20622,96,1.83208
20623,95,1.83176
20624,98,1.83144
20625,97,1.83113
20626,99,1.83081
20627,97,1.8305
20628,96,1.83019
20629,96,1.82983
20630,95,1.82946
20631,97,1.82915
20632,96,1.82884
20633,95,1.82854
20634,97,1.82824
20635,98,1.82795
20636,98,1.82766
20637,94,1.82738
20638,97,1.82708
20639,98,1.82679
20640,98,1.8265
20641,96,1.82622
20642,100,1.82594
20643,100,1.82589
20644,99,1.82589
20645,99,1.82589
20646,98,1.82589
20647,98,1.82589
20648,98,1.82597
20649,99,1.82599
20650,98,1.82598
20651,99,1.82598
20652,100,1.82598
20653,100,1.82598
20654,98,1.82598
20655,99,1.82598
20656,99,1.82598
20657,98,1.82598
20658,97,1.82598
20659,99,1.82598
20660,97,1.82598
20661,96,1.82598
20662,96,1.82598
20663,97,1.82598
20664,95,1.82598
20665,99,1.82598
20666,97,1.82598
20667,98,1.82598
20668,99,1.82598
20669,98,1.82598
20670,100,1.82598
20671,100,1.82598
20672,99,1.82598
20673,97,1.82598
20674,96,1.82598
20675,99,1.82598
20676,98,1.82598
20677,100,1.82598
20678,98,1.82598
20679,97,1.82598
20680,97,1.82593
20681,96,1.82587
20682,98,1.82587
20683,97,1.82587
20684,96,1.82587
20685,98,1.82587
20686,99,1.82587
20687,99,1.82588
20688,95,1.82589
20689,98,1.82589
20690,99,1.82588
20691,98,1.82588
20692,96,1.82565
20693,100,1.82537
20694,100,1.82533
20695,99,1.82533
20696,99,1.82533
20697,98,1.82533
20698,98,1.82533
20699,98,1.82527
20700,99,1.8252
20701,98,1.82519
20702,99,1.82519
20703,100,1.82519
20704,100,1.82519
20705,98,1.82519
20706,99,1.82519
20707,99,1.82519
20708,98,1.82519
20709,97,1.82519
20710,99,1.82519
20711,97,1.82519
20712,96,1.82519
20713,96,1.82519
20714,97,1.82519
20715,95,1.82519
20716,99,1.82519
20717,97,1.82519
20718,98,1.82519
20719,99,1.82519
20720,98,1.82519
20721,100,1.82519
20722,100,1.82519
20723,99,1.82519
20724,97,1.82519
20725,96,1.82519
20726,99,1.82519
20727,98,1.82519
20728,100,1.82519
20729,98,1.82519
20730,97,1.82519
20731,97,1.82514
20732,96,1.82509
20733,98,1.82508
20734,97,1.82508
20735,96,1.82508
20736,98,1.82508
20737,99,1.82508
20738,99,1.82509
20739,95,1.82511
20740,98,1.82511
20741,99,1.82511
20742,98,1.82511
20743,96,1.82488
20744,100,1.8246
20745,100,1.82458
20746,99,1.82458
20747,99,1.82458
20748,98,1.82458
20749,98,1.82458
20750,98,1.82452
20751,99,1.82444
20752,98,1.82443
20753,99,1.82443
20754,100,1.82443
20755,100,1.82443
20756,98,1.82443
20757,99,1.82443
20758,99,1.82443
20759,98,1.82443
20760,97,1.82443
20761,99,1.82443
20762,97,1.82443
20763,96,1.82443
20764,96,1.82443
20765,97,1.82443
20766,95,1.82444
20767,99,1.82444
20768,97,1.82444
20769,98,1.82444
20770,99,1.82444
20771,98,1.82444
20772,100,1.82444
20773,100,1.82444
20774,99,1.82444
20775,97,1.82444
20776,96,1.82444
20777,99,1.82444
20778,98,1.82444
20779,100,1.82444
20780,98,1.82444
20781,97,1.82444
20782,97,1.82439
20783,96,1.82435
20784,98,1.82434
20785,97,1.82434
20786,96,1.82434
20787,98,1.82434
20788,99,1.82434
20789,99,1.82435
20790,95,1.82438
20791,98,1.82437
20792,99,1.82437
20793,98,1.82437
20794,96,1.82437
20795,100,1.82437
20796,100,1.82437
20797,99,1.82437
20798,99,1.82437
20799,98,1.82437
20800,98,1.82437
20801,98,1.82431
20802,99,1.82424
20803,98,1.82423
20804,99,1.82423
20805,100,1.82423
20806,100,1.82423
20807,98,1.82423
20808,99,1.82423
20809,99,1.82423
20810,98,1.82423
20811,97,1.82423
20812,99,1.82423
20813,97,1.82423
20814,96,1.82423
20815,96,1.82423
20816,97,1.82423
20817,95,1.82423
20818,99,1.82423
20819,97,1.82423
20820,98,1.82423
20821,99,1.82423
20822,98,1.82423
20823,100,1.82423
20824,100,1.82423
20825,99,1.82423
20826,97,1.82423
20827,96,1.82424
20828,99,1.82424
20829,98,1.82424
20830,100,1.82424
20831,98,1.82424
20832,97,1.82424
20833,97,1.82421
20834,96,1.82421
20835,98,1.82421
20836,97,1.82421
20837,96,1.82421
20838,98,1.82421
20839,99,1.82421
20840,99,1.82421
20841,95,1.82421
20842,98,1.82421
20843,99,1.8242
20844,98,1.8242
20845,96,1.8242
20846,100,1.8242
20847,100,1.8242
20848,99,1.8242
20849,99,1.8242
20850,98,1.8242
20851,98,1.8242
20852,98,1.82414
20853,99,1.82407
20854,98,1.82406
20855,99,1.82407
20856,100,1.82406
20857,100,1.82406
20858,98,1.82406
20859,99,1.82406
20860,99,1.82407
20861,98,1.82407
20862,97,1.82407
20863,99,1.82406
20864,97,1.82406
20865,96,1.82407
20866,96,1.82407
20867,97,1.82407
20868,95,1.82407
20869,99,1.82405
20870,97,1.82405
20871,98,1.82405
20872,99,1.82405
20873,98,1.82405
20874,100,1.82405
20875,100,1.82405
20876,99,1.82405
20877,97,1.82405
20878,96,1.82405
20879,99,1.82405
20880,98,1.82405
20881,100,1.82405
20882,98,1.82405
20883,97,1.82405
20884,97,1.82405
20885,96,1.82405
20886,98,1.82405
20887,97,1.82405
20888,96,1.82406
20889,98,1.82406
20890,99,1.82406
20891,99,1.82406
20892,95,1.82406
20893,98,1.82405
20894,99,1.82405
20895,98,1.82405
20896,96,1.82405
20897,100,1.82405
20898,100,1.82405
20899,99,1.82405
20900,99,1.82405
20901,98,1.82405
20902,98,1.82405
20903,98,1.824
20904,99,1.82394
20905,98,1.82393
20906,99,1.82393
20907,100,1.82393
20908,100,1.82393
20909,98,1.82393
20910,99,1.82393
20911,99,1.82393
20912,98,1.82393
20913,97,1.82393
20914,99,1.82393
20915,97,1.82393
20916,96,1.82393
20917,96,1.82393
20918,97,1.82393
20919,95,1.82393
20920,99,1.82393
20921,97,1.82393
20922,98,1.82393
20923,99,1.82393
20924,98,1.82393
20925,100,1.82393
20926,100,1.82393
20927,99,1.82393
20928,97,1.82393
20929,96,1.82393
20930,99,1.82393
20931,98,1.82393
20932,100,1.82393
20933,98,1.82393
20934,97,1.82393
20935,97,1.82393
20936,96,1.82393
20937,98,1.82393
20938,97,1.82393
20939,96,1.82393
20940,98,1.82393
20941,99,1.82393
20942,99,1.82393
20943,95,1.82393
20944,98,1.82393
20945,99,1.82392
20946,98,1.82392
20947,96,1.82392
20948,100,1.82392
20949,100,1.82392
20950,99,1.82392
20951,99,1.82392
20952,98,1.82392
20953,98,1.82392
20954,98,1.82388
20955,99,1.82382
20956,98,1.82382
20957,99,1.82382
20958,100,1.82382
20959,100,1.82382
20960,98,1.82382
20961,99,1.82382
20962,99,1.82382
20963,98,1.82382
20964,97,1.82382
20965,99,1.82382
20966,97,1.82382
20967,96,1.82382
20968,96,1.82382
20969,97,1.82382
20970,95,1.82382
20971,99,1.82382
20972,97,1.82382
20973,98,1.82382
20974,99,1.82382
20975,98,1.82382
20976,100,1.82382
20977,100,1.82382
20978,99,1.82382
20979,97,1.82382
20980,96,1.82383
20981,99,1.82383
20982,98,1.82383
20983,100,1.82383
20984,98,1.82383
20985,97,1.82383
20986,97,1.82383
20987,96,1.82383
20988,98,1.82383
20989,97,1.82383
20990,96,1.82383
20991,98,1.82383
20992,99,1.82383
20993,99,1.82383
20994,95,1.82383
20995,98,1.82382
20996,99,1.82382
20997,98,1.82382
20998,96,1.82382
20999,100,1.82382
21000,100,1.82382
21001,99,1.82382
21002,99,1.82382
21003,98,1.82382
21004,98,1.82382
21005,98,1.82382
21006,99,1.82382
21007,98,1.82382
21008,99,1.82382
21009,100,1.82382
21010,100,1.82382
21011,98,1.82382
21012,99,1.82382
21013,99,1.82382
21014,98,1.82382
21015,97,1.82382
21016,99,1.82382
21017,97,1.82382
21018,96,1.82382
21019,96,1.82382
21020,97,1.82382
21021,95,1.82382
21022,99,1.82382
21023,97,1.82382
21024,98,1.82382
21025,99,1.82382
21026,98,1.82382
21027,100,1.82382
21028,100,1.82382
21029,99,1.82382
21030,97,1.82382
21031,96,1.82382
21032,99,1.82382
21033,98,1.82382
21034,100,1.82383
21035,98,1.82383
21036,97,1.82382
21037,97,1.82382
21038,96,1.82383
21039,98,1.82383
21040,97,1.82383
21041,96,1.82383
21042,98,1.82383
21043,99,1.82383
21044,99,1.82383
21045,95,1.82383
21046,98,1.82383
21047,99,1.82382
21048,98,1.82382
21049,96,1.82382
21050,100,1.82382
21051,100,1.82382
21052,99,1.82382
21053,99,1.82382
21054,98,1.82382
21055,98,1.82382
21056,98,1.82382
21057,99,1.82382
21058,98,1.82382
21059,99,1.82382
21060,100,1.82382
21061,100,1.82382
21062,98,1.82382
21063,99,1.82383
21064,99,1.82383
21065,98,1.82383
21066,97,1.82383
21067,99,1.82383
21068,97,1.82383
21069,96,1.82383
21070,96,1.82383
21071,97,1.82383
21072,95,1.82383
21073,99,1.82383
21074,97,1.82383
21075,98,1.82383
21076,99,1.82383
21077,98,1.82383
21078,100,1.82383
21079,100,1.82383
21080,99,1.82383
21081,97,1.82383
21082,96,1.82383
21083,99,1.82383
21084,98,1.82383
21085,100,1.82383
21086,98,1.82383
21087,97,1.82383
21088,97,1.82383
21089,96,1.82383
21090,98,1.82383
21091,97,1.82383
21092,96,1.82383
21093,98,1.82383
21094,99,1.82383
21095,99,1.82385
21096,95,1.82388
21097,98,1.82388
21098,99,1.82388
21099,98,1.82387
21100,96,1.82387
21101,100,1.82387
21102,100,1.82387
21103,99,1.82387
21104,99,1.82387
21105,98,1.82388
21106,98,1.82387
21107,98,1.82387
21108,99,1.82387
21109,98,1.82387
21110,99,1.82388
21111,100,1.82387
21112,100,1.82387
21113,98,1.82387
21114,99,1.82388
21115,99,1.82388
21116,98,1.82388
21117,97,1.82388
21118,99,1.82388
21119,97,1.82388
21120,96,1.82388
21121,96,1.82388
21122,97,1.82388
21123,95,1.82388
21124,99,1.82388
21125,97,1.82387
21126,98,1.82387
21127,99,1.82387
21128,98,1.82387
21129,100,1.82387
21130,100,1.82387
21131,99,1.82387
21132,97,1.82387
21133,96,1.82387
21134,99,1.82386
21135,98,1.82386
21136,100,1.82386
21137,98,1.82386
21138,97,1.82386
21139,97,1.82385
21140,96,1.82386
21141,98,1.82386
21142,97,1.82386
21143,96,1.82386
21144,98,1.82386
21145,99,1.82385
21146,99,1.82386
21147,95,1.82386
21148,98,1.82386
21149,99,1.82385
21150,98,1.82385
21151,96,1.82385
21152,100,1.82385
21153,100,1.82385
21154,99,1.82385
21155,99,1.82385
21156,98,1.82385
21157,98,1.82385
21158,98,1.82384
21159,99,1.82384
21160,98,1.82384
21161,99,1.82384
21162,100,1.82383
21163,100,1.82383
21164,98,1.82383
21165,99,1.82383
21166,99,1.82383
21167,98,1.82383
21168,97,1.82383
21169,99,1.82383
21170,97,1.82383
21171,96,1.82383
21172,96,1.82383
21173,97,1.82383
21174,95,1.82384
21175,99,1.82383
21176,97,1.82383
21177,98,1.82383
21178,99,1.82383
21179,98,1.82383
21180,100,1.82383
21181,100,1.82383
21182,99,1.82383
21183,97,1.82383
21184,96,1.82383
21185,99,1.82383
21186,98,1.82383
21187,100,1.82383
21188,98,1.82383
21189,97,1.82383
21190,97,1.82383
21191,96,1.82383
21192,98,1.82383
21193,97,1.82383
21194,96,1.82383
21195,98,1.82383
21196,99,1.82383
21197,99,1.82383
21198,95,1.82383
21199,98,1.82383
21200,99,1.82382
21201,98,1.82382
21202,96,1.82382
21203,100,1.82382
21204,100,1.82382
21205,99,1.82382
21206,99,1.82382
21207,98,1.82382
21208,98,1.82382
21209,98,1.82382
21210,99,1.82382
21211,98,1.82382
21212,99,1.82383
21213,100,1.82383
21214,100,1.82383
21215,98,1.82383
21216,99,1.82383
21217,99,1.82383
21218,98,1.82383
21219,97,1.82383
21220,99,1.82383
21221,97,1.82383
21222,96,1.82383
21223,96,1.82383
21224,97,1.82383
21225,95,1.82383
21226,99,1.82383
21227,97,1.82383
21228,98,1.82383
21229,99,1.82383
21230,98,1.82383
21231,100,1.82383
21232,100,1.82383
21233,99,1.82383
21234,97,1.82383
21235,96,1.82383
21236,99,1.82383
21237,98,1.82383
21238,100,1.82383
21239,98,1.82383
21240,97,1.82383
21241,97,1.82383
21242,96,1.82383
21243,98,1.82383
21244,97,1.82383
21245,96,1.82383
21246,98,1.82383
21247,99,1.82383
21248,99,1.82383
21249,95,1.82383
21250,98,1.82383
21251,99,1.82382
21252,98,1.82382
21253,96,1.82383
21254,100,1.82383
21255,100,1.82383
21256,99,1.82383
21257,99,1.82383
21258,98,1.82383
21259,98,1.82383
21260,98,1.82383
21261,99,1.82383
21262,98,1.82383
21263,99,1.82383
21264,100,1.82383
21265,100,1.82383
21266,98,1.82383
21267,99,1.82383
21268,99,1.82383
21269,98,1.82383
21270,97,1.82383
21271,99,1.82383
21272,97,1.82383
21273,96,1.82383
21274,96,1.82383
21275,97,1.82383
21276,95,1.82383
21277,99,1.82383
21278,97,1.82383
21279,98,1.82383
21280,99,1.82383
21281,98,1.82383
21282,100,1.82383
21283,100,1.82383
21284,99,1.82383
21285,97,1.82383
21286,96,1.82383
21287,99,1.82383
21288,98,1.82383
21289,100,1.82383
21290,98,1.82383
21291,97,1.82383
21292,97,1.82383
21293,96,1.82383
21294,98,1.82383
21295,97,1.82383
21296,96,1.82383
21297,98,1.82384
21298,99,1.82384
21299,99,1.82384
21300,95,1.82384
21301,98,1.82383
21302,99,1.82383
21303,98,1.82383
21304,96,1.82383
21305,100,1.82383
21306,100,1.82383
21307,99,1.82383
21308,99,1.82383
21309,98,1.82383
21310,98,1.82383
21311,98,1.82383
21312,99,1.82383
21313,98,1.82383
21314,99,1.82383
21315,100,1.82383
21316,100,1.82383
21317,98,1.82383
21318,99,1.82383
21319,99,1.82383
21320,98,1.82383
21321,97,1.82383
21322,99,1.82383
21323,97,1.82383
21324,96,1.82383
21325,96,1.82383
21326,97,1.82383
21327,95,1.82383
21328,99,1.82384
21329,97,1.82384
21330,98,1.82384
21331,99,1.82384
21332,98,1.82384
21333,100,1.82384
21334,100,1.82384
21335,99,1.82384
21336,97,1.82384
21337,96,1.82384
21338,99,1.82384
21339,98,1.82384
21340,100,1.82384
21341,98,1.82384
21342,97,1.82384
21343,97,1.82384
21344,96,1.82384
21345,98,1.82384
21346,97,1.82384
21347,96,1.82384
21348,98,1.82384
21349,99,1.82384
21350,99,1.82384
21351,95,1.82384
21352,98,1.82384
21353,99,1.82383
21354,98,1.82383
21355,96,1.82383
21356,100,1.82383
21357,100,1.82383
21358,99,1.82383
21359,99,1.82383
21360,98,1.82383
21361,98,1.82383
21362,98,1.82383
21363,99,1.82383
21364,98,1.82383
21365,99,1.82383
21366,100,1.82383
21367,100,1.82383
21368,98,1.82383
21369,99,1.82383
21370,99,1.82383
21371,98,1.82383
21372,97,1.82383
21373,99,1.82383
21374,97,1.82383
21375,96,1.82383
21376,96,1.82383
21377,97,1.82384
21378,95,1.82384
21379,99,1.82384
21380,97,1.82384
21381,98,1.82384
21382,99,1.82384
21383,98,1.82384
21384,100,1.82384
21385,100,1.82384
21386,99,1.82384
21387,97,1.82384
21388,96,1.82384
21389,99,1.82384
21390,98,1.82384
21391,100,1.82384
21392,98,1.82384
21393,97,1.82384
21394,97,1.82384
21395,96,1.82385
21396,98,1.82385
21397,97,1.82385
21398,96,1.82385
21399,98,1.82385
21400,99,1.82385
21401,99,1.82385
21402,95,1.82385
21403,98,1.82385
21404,99,1.82384
21405,98,1.82384
21406,96,1.82384
21407,100,1.82384
21408,100,1.82384
21409,99,1.82384
21410,99,1.82384
21411,98,1.82384
21412,98,1.82384
21413,98,1.82384
21414,99,1.82384
21415,98,1.82384
21416,99,1.82384
21417,100,1.82384
21418,100,1.82384
21419,98,1.82384
21420,99,1.82385
21421,99,1.82385
21422,98,1.82385
21423,97,1.82385
21424,99,1.82385
21425,97,1.82385
21426,96,1.82385
21427,96,1.82385
21428,97,1.82385
21429,95,1.82385
21430,99,1.82386
21431,97,1.82386
21432,98,1.82386
21433,99,1.82385
21434,98,1.82386
21435,100,1.82386
21436,100,1.82386
21437,99,1.82386
21438,97,1.82385
21439,96,1.82386
21440,99,1.82386
21441,98,1.82386
21442,100,1.82385
21443,98,1.82385
21444,97,1.82385
21445,97,1.82385
21446,96,1.82385
21447,98,1.82385
21448,97,1.82385
21449,96,1.82385
21450,98,1.82385
21451,99,1.82385
21452,99,1.82387
21453,95,1.82391
21454,98,1.82391
21455,99,1.82391
21456,98,1.82391
21457,96,1.82391
21458,100,1.82391
21459,100,1.82391
21460,99,1.82391
21461,99,1.82391
21462,98,1.82391
21463,98,1.82391
21464,98,1.82391
21465,99,1.82391
21466,98,1.82391
21467,99,1.82391
21468,100,1.82391
21469,100,1.82391
21470,98,1.82391
21471,99,1.82391
21472,99,1.82391
21473,98,1.82391
21474,97,1.82391
21475,99,1.82391
21476,97,1.82391
21477,96,1.82391
21478,96,1.82391
21479,97,1.82391
21480,95,1.82391
21481,99,1.82391
21482,97,1.82391
21483,98,1.82391
21484,99,1.82391
21485,98,1.82391
21486,100,1.82391
21487,100,1.82391
21488,99,1.82391
21489,97,1.82391
21490,96,1.82392
21491,99,1.82392
21492,98,1.82392
21493,100,1.82392
21494,98,1.82392
21495,97,1.82391
21496,97,1.82391
21497,96,1.82391
21498,98,1.82391
21499,97,1.82391
21500,96,1.82391
21501,98,1.82391
21502,99,1.82391
21503,99,1.82393
21504,95,1.82397
21505,98,1.82397
21506,99,1.82397
21507,98,1.82397
21508,96,1.82397
21509,100,1.82397
21510,100,1.82397
21511,99,1.82397
21512,99,1.82397
21513,98,1.82397
21514,98,1.82397
21515,98,1.82396
21516,99,1.82396
21517,98,1.82396
21518,99,1.82396
21519,100,1.82396
21520,100,1.82396
21521,98,1.82396
21522,99,1.82396
21523,99,1.82396
21524,98,1.82396
21525,97,1.82396
21526,99,1.82396
21527,97,1.82396
21528,96,1.82396
21529,96,1.82396
21530,97,1.82396
21531,95,1.82396
21532,99,1.82396
21533,97,1.82396
21534,98,1.82396
21535,99,1.82396
21536,98,1.82397
21537,100,1.82398
21538,100,1.82398
21539,99,1.82398
21540,97,1.82398
21541,96,1.82398
21542,99,1.82398
21543,98,1.82398
21544,100,1.82398
21545,98,1.82398
21546,97,1.82397
21547,97,1.82397
21548,96,1.82397
21549,98,1.82397
21550,97,1.82397
21551,96,1.82397
21552,98,1.82397
